Proportional trie_normalizer for cs/cshyphen_ujc: |D| = 104260
Objective: F17+Trie(w=0.0005)
Dataset: /home/dev/hyph-bench/data/cs/cshyphen_ujc/cs-lemma-ujc-1.wlh
Split counts: train=83408, validation=10426, test=10426
Pattern ranges: [(1, 4), (2, 5), (2, 6), (2, 7)]
Search space (8-D): per-level weight in ('1/5', '1/4', '1/3', '1/2', '1', '2', '3', '4', '5', '6', '7', '8', '9', '10', '11', '12', '13', '14', '15', '16', '17', '18', '19', '20', '21', '22', '23', '24', '25', '26', '27', '28', '29', '30'); per-level threshold in [1,42]
Budget: 30 iterations x batch 5 = 150 evaluations

============================================================
Iteration 1/30
  Tested: weights=('1/4', '17', '29', '8'), thresholds=(22, 25, 27, 42)
  validation: F_1/7=0.908323, good=26792, bad=2754, missed=260, trie_nodes=895, objective=0.908319
  Tested: weights=('14', '1/2', '21', '10'), thresholds=(9, 26, 2, 20)
  validation: F_1/7=0.977330, good=25979, bad=593, missed=1073, trie_nodes=8798, objective=0.977288
  Tested: weights=('7', '20', '20', '1/3'), thresholds=(22, 2, 24, 30)
  validation: F_1/7=0.983215, good=24825, bad=387, missed=2227, trie_nodes=3296, objective=0.983199
  Tested: weights=('25', '11', '4', '17'), thresholds=(39, 19, 23, 11)
  validation: F_1/7=0.978388, good=24729, bad=510, missed=2323, trie_nodes=1675, objective=0.978380
  Tested: weights=('24', '12', '11', '1/3'), thresholds=(37, 7, 21, 9)
  validation: F_1/7=0.988758, good=23620, bad=204, missed=3432, trie_nodes=2030, objective=0.988748
  Best so far: weights=('24', '12', '11', '1/3'), thresholds=(37, 7, 21, 9), score=0.988748, elapsed=8.5s

============================================================
Iteration 2/30
  Tested: weights=('1', '22', '24', '1/4'), thresholds=(6, 9, 33, 41)
  validation: F_1/7=0.975147, good=25231, bad=619, missed=1821, trie_nodes=2093, objective=0.975137
  Tested: weights=('22', '11', '6', '18'), thresholds=(40, 25, 15, 13)
  validation: F_1/7=0.981067, good=24765, bad=441, missed=2287, trie_nodes=1954, objective=0.981058
  Tested: weights=('21', '29', '1/4', '15'), thresholds=(20, 42, 41, 42)
  validation: F_1/7=0.908277, good=26634, bad=2736, missed=418, trie_nodes=1975, objective=0.908268
  Tested: weights=('5', '1/5', '28', '29'), thresholds=(2, 2, 5, 10)
  validation: F_1/7=0.989240, good=25489, bad=251, missed=1563, trie_nodes=6996, objective=0.989207
  Tested: weights=('26', '28', '28', '28'), thresholds=(26, 1, 42, 2)
  validation: F_1/7=0.990874, good=22582, bad=121, missed=4470, trie_nodes=3335, objective=0.990858
  Best so far: weights=('26', '28', '28', '28'), thresholds=(26, 1, 42, 2), score=0.990858, elapsed=19.9s

============================================================
Iteration 3/30
  Tested: weights=('29', '27', '30', '18'), thresholds=(42, 30, 5, 41)
  validation: F_1/7=0.983928, good=25113, bad=379, missed=1939, trie_nodes=5482, objective=0.983902
  Tested: weights=('2', '17', '18', '1'), thresholds=(22, 7, 26, 25)
  validation: F_1/7=0.962063, good=26120, bad=1032, missed=932, trie_nodes=2066, objective=0.962053
  Tested: weights=('3', '29', '1/5', '15'), thresholds=(3, 39, 12, 30)
  validation: F_1/7=0.926942, good=26748, bad=2145, missed=304, trie_nodes=2307, objective=0.926931
  Tested: weights=('1/4', '1/5', '5', '18'), thresholds=(40, 27, 9, 7)
  validation: F_1/7=0.974056, good=25723, bad=672, missed=1329, trie_nodes=2074, objective=0.974046
  Tested: weights=('29', '2', '1/3', '29'), thresholds=(7, 41, 35, 3)
  validation: F_1/7=0.973829, good=26282, bad=705, missed=770, trie_nodes=5588, objective=0.973803
  Best so far: weights=('26', '28', '28', '28'), thresholds=(26, 1, 42, 2), score=0.990858, elapsed=31.4s

============================================================
Iteration 4/30
  Tested: weights=('1', '1/5', '22', '6'), thresholds=(15, 32, 42, 24)
  validation: F_1/7=0.981666, good=22959, bad=354, missed=4093, trie_nodes=1220, objective=0.981661
  Tested: weights=('6', '30', '29', '24'), thresholds=(7, 40, 2, 35)
  validation: F_1/7=0.951921, good=26382, bad=1346, missed=670, trie_nodes=5258, objective=0.951896
/home/dev/hyph-bench/.venv/lib/python3.13/site-packages/sklearn/gaussian_process/kernels.py:450: ConvergenceWarning: The optimal value found for dimension 0 of parameter k1__length_scale is close to the specified upper bound 1000.0. Increasing the bound and calling fit again may find a better value.
  warnings.warn(
/home/dev/hyph-bench/.venv/lib/python3.13/site-packages/sklearn/gaussian_process/kernels.py:450: ConvergenceWarning: The optimal value found for dimension 2 of parameter k1__length_scale is close to the specified upper bound 1000.0. Increasing the bound and calling fit again may find a better value.
  warnings.warn(
/home/dev/hyph-bench/.venv/lib/python3.13/site-packages/sklearn/gaussian_process/kernels.py:450: ConvergenceWarning: The optimal value found for dimension 3 of parameter k1__length_scale is close to the specified upper bound 1000.0. Increasing the bound and calling fit again may find a better value.
  warnings.warn(
/home/dev/hyph-bench/.venv/lib/python3.13/site-packages/sklearn/gaussian_process/kernels.py:450: ConvergenceWarning: The optimal value found for dimension 6 of parameter k1__length_scale is close to the specified upper bound 1000.0. Increasing the bound and calling fit again may find a better value.
  warnings.warn(
/home/dev/hyph-bench/.venv/lib/python3.13/site-packages/sklearn/gaussian_process/kernels.py:450: ConvergenceWarning: The optimal value found for dimension 7 of parameter k1__length_scale is close to the specified upper bound 1000.0. Increasing the bound and calling fit again may find a better value.
  warnings.warn(
/home/dev/hyph-bench/.venv/lib/python3.13/site-packages/sklearn/gaussian_process/kernels.py:440: ConvergenceWarning: The optimal value found for dimension 0 of parameter k2__noise_level is close to the specified lower bound 0.0001. Decreasing the bound and calling fit again may find a better value.
  warnings.warn(
  Tested: weights=('21', '11', '9', '1/4'), thresholds=(38, 9, 23, 13)
  validation: F_1/7=0.987915, good=23626, bad=225, missed=3426, trie_nodes=1795, objective=0.987906
/home/dev/hyph-bench/.venv/lib/python3.13/site-packages/sklearn/gaussian_process/kernels.py:450: ConvergenceWarning: The optimal value found for dimension 3 of parameter k1__length_scale is close to the specified upper bound 1000.0. Increasing the bound and calling fit again may find a better value.
  warnings.warn(
/home/dev/hyph-bench/.venv/lib/python3.13/site-packages/sklearn/gaussian_process/kernels.py:450: ConvergenceWarning: The optimal value found for dimension 4 of parameter k1__length_scale is close to the specified upper bound 1000.0. Increasing the bound and calling fit again may find a better value.
  warnings.warn(
/home/dev/hyph-bench/.venv/lib/python3.13/site-packages/sklearn/gaussian_process/kernels.py:450: ConvergenceWarning: The optimal value found for dimension 6 of parameter k1__length_scale is close to the specified upper bound 1000.0. Increasing the bound and calling fit again may find a better value.
  warnings.warn(
/home/dev/hyph-bench/.venv/lib/python3.13/site-packages/sklearn/gaussian_process/kernels.py:450: ConvergenceWarning: The optimal value found for dimension 7 of parameter k1__length_scale is close to the specified upper bound 1000.0. Increasing the bound and calling fit again may find a better value.
  warnings.warn(
/home/dev/hyph-bench/.venv/lib/python3.13/site-packages/sklearn/gaussian_process/kernels.py:440: ConvergenceWarning: The optimal value found for dimension 0 of parameter k2__noise_level is close to the specified lower bound 0.0001. Decreasing the bound and calling fit again may find a better value.
  warnings.warn(
  Tested: weights=('1/4', '28', '1/3', '19'), thresholds=(1, 5, 37, 1)
  validation: F_1/7=0.972522, good=26505, bad=753, missed=547, trie_nodes=18696, objective=0.972432
/home/dev/hyph-bench/.venv/lib/python3.13/site-packages/sklearn/gaussian_process/kernels.py:450: ConvergenceWarning: The optimal value found for dimension 0 of parameter k1__length_scale is close to the specified upper bound 1000.0. Increasing the bound and calling fit again may find a better value.
  warnings.warn(
/home/dev/hyph-bench/.venv/lib/python3.13/site-packages/sklearn/gaussian_process/kernels.py:450: ConvergenceWarning: The optimal value found for dimension 3 of parameter k1__length_scale is close to the specified upper bound 1000.0. Increasing the bound and calling fit again may find a better value.
  warnings.warn(
/home/dev/hyph-bench/.venv/lib/python3.13/site-packages/sklearn/gaussian_process/kernels.py:450: ConvergenceWarning: The optimal value found for dimension 6 of parameter k1__length_scale is close to the specified upper bound 1000.0. Increasing the bound and calling fit again may find a better value.
  warnings.warn(
/home/dev/hyph-bench/.venv/lib/python3.13/site-packages/sklearn/gaussian_process/kernels.py:450: ConvergenceWarning: The optimal value found for dimension 7 of parameter k1__length_scale is close to the specified upper bound 1000.0. Increasing the bound and calling fit again may find a better value.
  warnings.warn(
/home/dev/hyph-bench/.venv/lib/python3.13/site-packages/sklearn/gaussian_process/kernels.py:440: ConvergenceWarning: The optimal value found for dimension 0 of parameter k2__noise_level is close to the specified lower bound 0.0001. Decreasing the bound and calling fit again may find a better value.
  warnings.warn(
  Tested: weights=('30', '3', '1/5', '28'), thresholds=(22, 40, 3, 4)
  validation: F_1/7=0.945063, good=26768, bad=1582, missed=284, trie_nodes=6622, objective=0.945031
  Best so far: weights=('26', '28', '28', '28'), thresholds=(26, 1, 42, 2), score=0.990858, elapsed=43.9s

============================================================
Iteration 5/30
/home/dev/hyph-bench/.venv/lib/python3.13/site-packages/sklearn/gaussian_process/kernels.py:450: ConvergenceWarning: The optimal value found for dimension 0 of parameter k1__length_scale is close to the specified upper bound 1000.0. Increasing the bound and calling fit again may find a better value.
  warnings.warn(
/home/dev/hyph-bench/.venv/lib/python3.13/site-packages/sklearn/gaussian_process/kernels.py:450: ConvergenceWarning: The optimal value found for dimension 3 of parameter k1__length_scale is close to the specified upper bound 1000.0. Increasing the bound and calling fit again may find a better value.
  warnings.warn(
/home/dev/hyph-bench/.venv/lib/python3.13/site-packages/sklearn/gaussian_process/kernels.py:450: ConvergenceWarning: The optimal value found for dimension 6 of parameter k1__length_scale is close to the specified upper bound 1000.0. Increasing the bound and calling fit again may find a better value.
  warnings.warn(
/home/dev/hyph-bench/.venv/lib/python3.13/site-packages/sklearn/gaussian_process/kernels.py:450: ConvergenceWarning: The optimal value found for dimension 7 of parameter k1__length_scale is close to the specified upper bound 1000.0. Increasing the bound and calling fit again may find a better value.
  warnings.warn(
/home/dev/hyph-bench/.venv/lib/python3.13/site-packages/sklearn/gaussian_process/kernels.py:440: ConvergenceWarning: The optimal value found for dimension 0 of parameter k2__noise_level is close to the specified lower bound 0.0001. Decreasing the bound and calling fit again may find a better value.
  warnings.warn(
  Tested: weights=('30', '1', '4', '1/4'), thresholds=(11, 41, 41, 41)
  validation: F_1/7=0.986083, good=24335, bad=295, missed=2717, trie_nodes=2903, objective=0.986069
/home/dev/hyph-bench/.venv/lib/python3.13/site-packages/sklearn/gaussian_process/kernels.py:450: ConvergenceWarning: The optimal value found for dimension 0 of parameter k1__length_scale is close to the specified upper bound 1000.0. Increasing the bound and calling fit again may find a better value.
  warnings.warn(
/home/dev/hyph-bench/.venv/lib/python3.13/site-packages/sklearn/gaussian_process/kernels.py:450: ConvergenceWarning: The optimal value found for dimension 3 of parameter k1__length_scale is close to the specified upper bound 1000.0. Increasing the bound and calling fit again may find a better value.
  warnings.warn(
/home/dev/hyph-bench/.venv/lib/python3.13/site-packages/sklearn/gaussian_process/kernels.py:450: ConvergenceWarning: The optimal value found for dimension 6 of parameter k1__length_scale is close to the specified upper bound 1000.0. Increasing the bound and calling fit again may find a better value.
  warnings.warn(
/home/dev/hyph-bench/.venv/lib/python3.13/site-packages/sklearn/gaussian_process/kernels.py:450: ConvergenceWarning: The optimal value found for dimension 7 of parameter k1__length_scale is close to the specified upper bound 1000.0. Increasing the bound and calling fit again may find a better value.
  warnings.warn(
/home/dev/hyph-bench/.venv/lib/python3.13/site-packages/sklearn/gaussian_process/kernels.py:440: ConvergenceWarning: The optimal value found for dimension 0 of parameter k2__noise_level is close to the specified lower bound 0.0001. Decreasing the bound and calling fit again may find a better value.
  warnings.warn(
  Tested: weights=('7', '30', '28', '19'), thresholds=(42, 2, 9, 36)
  validation: F_1/7=0.982853, good=25231, bad=412, missed=1821, trie_nodes=3938, objective=0.982834
/home/dev/hyph-bench/.venv/lib/python3.13/site-packages/sklearn/gaussian_process/kernels.py:450: ConvergenceWarning: The optimal value found for dimension 0 of parameter k1__length_scale is close to the specified upper bound 1000.0. Increasing the bound and calling fit again may find a better value.
  warnings.warn(
/home/dev/hyph-bench/.venv/lib/python3.13/site-packages/sklearn/gaussian_process/kernels.py:450: ConvergenceWarning: The optimal value found for dimension 3 of parameter k1__length_scale is close to the specified upper bound 1000.0. Increasing the bound and calling fit again may find a better value.
  warnings.warn(
/home/dev/hyph-bench/.venv/lib/python3.13/site-packages/sklearn/gaussian_process/kernels.py:450: ConvergenceWarning: The optimal value found for dimension 6 of parameter k1__length_scale is close to the specified upper bound 1000.0. Increasing the bound and calling fit again may find a better value.
  warnings.warn(
/home/dev/hyph-bench/.venv/lib/python3.13/site-packages/sklearn/gaussian_process/kernels.py:450: ConvergenceWarning: The optimal value found for dimension 7 of parameter k1__length_scale is close to the specified upper bound 1000.0. Increasing the bound and calling fit again may find a better value.
  warnings.warn(
/home/dev/hyph-bench/.venv/lib/python3.13/site-packages/sklearn/gaussian_process/kernels.py:440: ConvergenceWarning: The optimal value found for dimension 0 of parameter k2__noise_level is close to the specified lower bound 0.0001. Decreasing the bound and calling fit again may find a better value.
  warnings.warn(
  Tested: weights=('22', '1/5', '22', '30'), thresholds=(38, 41, 13, 7)
  validation: F_1/7=0.987539, good=24008, bad=247, missed=3044, trie_nodes=2442, objective=0.987527
/home/dev/hyph-bench/.venv/lib/python3.13/site-packages/sklearn/gaussian_process/kernels.py:450: ConvergenceWarning: The optimal value found for dimension 0 of parameter k1__length_scale is close to the specified upper bound 1000.0. Increasing the bound and calling fit again may find a better value.
  warnings.warn(
/home/dev/hyph-bench/.venv/lib/python3.13/site-packages/sklearn/gaussian_process/kernels.py:450: ConvergenceWarning: The optimal value found for dimension 2 of parameter k1__length_scale is close to the specified upper bound 1000.0. Increasing the bound and calling fit again may find a better value.
  warnings.warn(
/home/dev/hyph-bench/.venv/lib/python3.13/site-packages/sklearn/gaussian_process/kernels.py:450: ConvergenceWarning: The optimal value found for dimension 3 of parameter k1__length_scale is close to the specified upper bound 1000.0. Increasing the bound and calling fit again may find a better value.
  warnings.warn(
/home/dev/hyph-bench/.venv/lib/python3.13/site-packages/sklearn/gaussian_process/kernels.py:450: ConvergenceWarning: The optimal value found for dimension 6 of parameter k1__length_scale is close to the specified upper bound 1000.0. Increasing the bound and calling fit again may find a better value.
  warnings.warn(
/home/dev/hyph-bench/.venv/lib/python3.13/site-packages/sklearn/gaussian_process/kernels.py:450: ConvergenceWarning: The optimal value found for dimension 7 of parameter k1__length_scale is close to the specified upper bound 1000.0. Increasing the bound and calling fit again may find a better value.
  warnings.warn(
/home/dev/hyph-bench/.venv/lib/python3.13/site-packages/sklearn/gaussian_process/kernels.py:440: ConvergenceWarning: The optimal value found for dimension 0 of parameter k2__noise_level is close to the specified lower bound 0.0001. Decreasing the bound and calling fit again may find a better value.
  warnings.warn(
  Tested: weights=('13', '19', '2', '1/5'), thresholds=(40, 1, 42, 3)
  validation: F_1/7=0.989600, good=23837, bad=190, missed=3215, trie_nodes=5378, objective=0.989575
/home/dev/hyph-bench/.venv/lib/python3.13/site-packages/sklearn/gaussian_process/kernels.py:450: ConvergenceWarning: The optimal value found for dimension 0 of parameter k1__length_scale is close to the specified upper bound 1000.0. Increasing the bound and calling fit again may find a better value.
  warnings.warn(
/home/dev/hyph-bench/.venv/lib/python3.13/site-packages/sklearn/gaussian_process/kernels.py:450: ConvergenceWarning: The optimal value found for dimension 2 of parameter k1__length_scale is close to the specified upper bound 1000.0. Increasing the bound and calling fit again may find a better value.
  warnings.warn(
/home/dev/hyph-bench/.venv/lib/python3.13/site-packages/sklearn/gaussian_process/kernels.py:450: ConvergenceWarning: The optimal value found for dimension 3 of parameter k1__length_scale is close to the specified upper bound 1000.0. Increasing the bound and calling fit again may find a better value.
  warnings.warn(
/home/dev/hyph-bench/.venv/lib/python3.13/site-packages/sklearn/gaussian_process/kernels.py:450: ConvergenceWarning: The optimal value found for dimension 6 of parameter k1__length_scale is close to the specified upper bound 1000.0. Increasing the bound and calling fit again may find a better value.
  warnings.warn(
/home/dev/hyph-bench/.venv/lib/python3.13/site-packages/sklearn/gaussian_process/kernels.py:450: ConvergenceWarning: The optimal value found for dimension 7 of parameter k1__length_scale is close to the specified upper bound 1000.0. Increasing the bound and calling fit again may find a better value.
  warnings.warn(
/home/dev/hyph-bench/.venv/lib/python3.13/site-packages/sklearn/gaussian_process/kernels.py:440: ConvergenceWarning: The optimal value found for dimension 0 of parameter k2__noise_level is close to the specified lower bound 0.0001. Decreasing the bound and calling fit again may find a better value.
  warnings.warn(
  Tested: weights=('1/5', '2', '1/5', '15'), thresholds=(2, 22, 8, 2)
  validation: F_1/7=0.962317, good=26639, bad=1056, missed=413, trie_nodes=8704, objective=0.962275
  Best so far: weights=('26', '28', '28', '28'), thresholds=(26, 1, 42, 2), score=0.990858, elapsed=57.0s

============================================================
Iteration 6/30
/home/dev/hyph-bench/.venv/lib/python3.13/site-packages/sklearn/gaussian_process/kernels.py:450: ConvergenceWarning: The optimal value found for dimension 0 of parameter k1__length_scale is close to the specified upper bound 1000.0. Increasing the bound and calling fit again may find a better value.
  warnings.warn(
/home/dev/hyph-bench/.venv/lib/python3.13/site-packages/sklearn/gaussian_process/kernels.py:450: ConvergenceWarning: The optimal value found for dimension 2 of parameter k1__length_scale is close to the specified upper bound 1000.0. Increasing the bound and calling fit again may find a better value.
  warnings.warn(
/home/dev/hyph-bench/.venv/lib/python3.13/site-packages/sklearn/gaussian_process/kernels.py:450: ConvergenceWarning: The optimal value found for dimension 3 of parameter k1__length_scale is close to the specified upper bound 1000.0. Increasing the bound and calling fit again may find a better value.
  warnings.warn(
/home/dev/hyph-bench/.venv/lib/python3.13/site-packages/sklearn/gaussian_process/kernels.py:450: ConvergenceWarning: The optimal value found for dimension 6 of parameter k1__length_scale is close to the specified upper bound 1000.0. Increasing the bound and calling fit again may find a better value.
  warnings.warn(
/home/dev/hyph-bench/.venv/lib/python3.13/site-packages/sklearn/gaussian_process/kernels.py:450: ConvergenceWarning: The optimal value found for dimension 7 of parameter k1__length_scale is close to the specified upper bound 1000.0. Increasing the bound and calling fit again may find a better value.
  warnings.warn(
/home/dev/hyph-bench/.venv/lib/python3.13/site-packages/sklearn/gaussian_process/kernels.py:440: ConvergenceWarning: The optimal value found for dimension 0 of parameter k2__noise_level is close to the specified lower bound 0.0001. Decreasing the bound and calling fit again may find a better value.
  warnings.warn(
  Tested: weights=('29', '26', '30', '25'), thresholds=(40, 37, 2, 27)
  validation: F_1/7=0.979460, good=25859, bad=529, missed=1193, trie_nodes=11184, objective=0.979406
/home/dev/hyph-bench/.venv/lib/python3.13/site-packages/sklearn/gaussian_process/kernels.py:450: ConvergenceWarning: The optimal value found for dimension 0 of parameter k1__length_scale is close to the specified upper bound 1000.0. Increasing the bound and calling fit again may find a better value.
  warnings.warn(
/home/dev/hyph-bench/.venv/lib/python3.13/site-packages/sklearn/gaussian_process/kernels.py:450: ConvergenceWarning: The optimal value found for dimension 2 of parameter k1__length_scale is close to the specified upper bound 1000.0. Increasing the bound and calling fit again may find a better value.
  warnings.warn(
/home/dev/hyph-bench/.venv/lib/python3.13/site-packages/sklearn/gaussian_process/kernels.py:450: ConvergenceWarning: The optimal value found for dimension 3 of parameter k1__length_scale is close to the specified upper bound 1000.0. Increasing the bound and calling fit again may find a better value.
  warnings.warn(
/home/dev/hyph-bench/.venv/lib/python3.13/site-packages/sklearn/gaussian_process/kernels.py:450: ConvergenceWarning: The optimal value found for dimension 6 of parameter k1__length_scale is close to the specified upper bound 1000.0. Increasing the bound and calling fit again may find a better value.
  warnings.warn(
/home/dev/hyph-bench/.venv/lib/python3.13/site-packages/sklearn/gaussian_process/kernels.py:450: ConvergenceWarning: The optimal value found for dimension 7 of parameter k1__length_scale is close to the specified upper bound 1000.0. Increasing the bound and calling fit again may find a better value.
  warnings.warn(
/home/dev/hyph-bench/.venv/lib/python3.13/site-packages/sklearn/gaussian_process/kernels.py:440: ConvergenceWarning: The optimal value found for dimension 0 of parameter k2__noise_level is close to the specified lower bound 0.0001. Decreasing the bound and calling fit again may find a better value.
  warnings.warn(
  Tested: weights=('11', '1/4', '8', '3'), thresholds=(11, 2, 41, 15)
  validation: F_1/7=0.991226, good=24119, bad=158, missed=2933, trie_nodes=3583, objective=0.991209
/home/dev/hyph-bench/.venv/lib/python3.13/site-packages/sklearn/gaussian_process/kernels.py:450: ConvergenceWarning: The optimal value found for dimension 0 of parameter k1__length_scale is close to the specified upper bound 1000.0. Increasing the bound and calling fit again may find a better value.
  warnings.warn(
/home/dev/hyph-bench/.venv/lib/python3.13/site-packages/sklearn/gaussian_process/kernels.py:450: ConvergenceWarning: The optimal value found for dimension 2 of parameter k1__length_scale is close to the specified upper bound 1000.0. Increasing the bound and calling fit again may find a better value.
  warnings.warn(
/home/dev/hyph-bench/.venv/lib/python3.13/site-packages/sklearn/gaussian_process/kernels.py:450: ConvergenceWarning: The optimal value found for dimension 3 of parameter k1__length_scale is close to the specified upper bound 1000.0. Increasing the bound and calling fit again may find a better value.
  warnings.warn(
/home/dev/hyph-bench/.venv/lib/python3.13/site-packages/sklearn/gaussian_process/kernels.py:450: ConvergenceWarning: The optimal value found for dimension 6 of parameter k1__length_scale is close to the specified upper bound 1000.0. Increasing the bound and calling fit again may find a better value.
  warnings.warn(
/home/dev/hyph-bench/.venv/lib/python3.13/site-packages/sklearn/gaussian_process/kernels.py:450: ConvergenceWarning: The optimal value found for dimension 7 of parameter k1__length_scale is close to the specified upper bound 1000.0. Increasing the bound and calling fit again may find a better value.
  warnings.warn(
/home/dev/hyph-bench/.venv/lib/python3.13/site-packages/sklearn/gaussian_process/kernels.py:440: ConvergenceWarning: The optimal value found for dimension 0 of parameter k2__noise_level is close to the specified lower bound 0.0001. Decreasing the bound and calling fit again may find a better value.
  warnings.warn(
  Tested: weights=('1/2', '1/5', '17', '29'), thresholds=(36, 2, 4, 37)
  validation: F_1/7=0.984517, good=25513, bad=378, missed=1539, trie_nodes=6137, objective=0.984488
/home/dev/hyph-bench/.venv/lib/python3.13/site-packages/sklearn/gaussian_process/kernels.py:450: ConvergenceWarning: The optimal value found for dimension 4 of parameter k1__length_scale is close to the specified upper bound 1000.0. Increasing the bound and calling fit again may find a better value.
  warnings.warn(
/home/dev/hyph-bench/.venv/lib/python3.13/site-packages/sklearn/gaussian_process/kernels.py:450: ConvergenceWarning: The optimal value found for dimension 7 of parameter k1__length_scale is close to the specified upper bound 1000.0. Increasing the bound and calling fit again may find a better value.
  warnings.warn(
/home/dev/hyph-bench/.venv/lib/python3.13/site-packages/sklearn/gaussian_process/kernels.py:440: ConvergenceWarning: The optimal value found for dimension 0 of parameter k2__noise_level is close to the specified lower bound 0.0001. Decreasing the bound and calling fit again may find a better value.
  warnings.warn(
  Tested: weights=('1/3', '23', '1/5', '30'), thresholds=(32, 41, 41, 39)
  validation: F_1/7=0.890651, good=26825, bad=3356, missed=227, trie_nodes=704, objective=0.890648
/home/dev/hyph-bench/.venv/lib/python3.13/site-packages/sklearn/gaussian_process/kernels.py:450: ConvergenceWarning: The optimal value found for dimension 0 of parameter k1__length_scale is close to the specified upper bound 1000.0. Increasing the bound and calling fit again may find a better value.
  warnings.warn(
/home/dev/hyph-bench/.venv/lib/python3.13/site-packages/sklearn/gaussian_process/kernels.py:450: ConvergenceWarning: The optimal value found for dimension 3 of parameter k1__length_scale is close to the specified upper bound 1000.0. Increasing the bound and calling fit again may find a better value.
  warnings.warn(
/home/dev/hyph-bench/.venv/lib/python3.13/site-packages/sklearn/gaussian_process/kernels.py:450: ConvergenceWarning: The optimal value found for dimension 6 of parameter k1__length_scale is close to the specified upper bound 1000.0. Increasing the bound and calling fit again may find a better value.
  warnings.warn(
/home/dev/hyph-bench/.venv/lib/python3.13/site-packages/sklearn/gaussian_process/kernels.py:450: ConvergenceWarning: The optimal value found for dimension 7 of parameter k1__length_scale is close to the specified upper bound 1000.0. Increasing the bound and calling fit again may find a better value.
  warnings.warn(
/home/dev/hyph-bench/.venv/lib/python3.13/site-packages/sklearn/gaussian_process/kernels.py:440: ConvergenceWarning: The optimal value found for dimension 0 of parameter k2__noise_level is close to the specified lower bound 0.0001. Decreasing the bound and calling fit again may find a better value.
  warnings.warn(
  Tested: weights=('3', '26', '30', '1/2'), thresholds=(35, 20, 31, 1)
  validation: F_1/7=0.989259, good=24616, bad=223, missed=2436, trie_nodes=5048, objective=0.989235
  Best so far: weights=('11', '1/4', '8', '3'), thresholds=(11, 2, 41, 15), score=0.991209, elapsed=69.4s

============================================================
Iteration 7/30
/home/dev/hyph-bench/.venv/lib/python3.13/site-packages/sklearn/gaussian_process/kernels.py:450: ConvergenceWarning: The optimal value found for dimension 0 of parameter k1__length_scale is close to the specified upper bound 1000.0. Increasing the bound and calling fit again may find a better value.
  warnings.warn(
/home/dev/hyph-bench/.venv/lib/python3.13/site-packages/sklearn/gaussian_process/kernels.py:450: ConvergenceWarning: The optimal value found for dimension 3 of parameter k1__length_scale is close to the specified upper bound 1000.0. Increasing the bound and calling fit again may find a better value.
  warnings.warn(
/home/dev/hyph-bench/.venv/lib/python3.13/site-packages/sklearn/gaussian_process/kernels.py:450: ConvergenceWarning: The optimal value found for dimension 6 of parameter k1__length_scale is close to the specified upper bound 1000.0. Increasing the bound and calling fit again may find a better value.
  warnings.warn(
/home/dev/hyph-bench/.venv/lib/python3.13/site-packages/sklearn/gaussian_process/kernels.py:450: ConvergenceWarning: The optimal value found for dimension 7 of parameter k1__length_scale is close to the specified upper bound 1000.0. Increasing the bound and calling fit again may find a better value.
  warnings.warn(
/home/dev/hyph-bench/.venv/lib/python3.13/site-packages/sklearn/gaussian_process/kernels.py:440: ConvergenceWarning: The optimal value found for dimension 0 of parameter k2__noise_level is close to the specified lower bound 0.0001. Decreasing the bound and calling fit again may find a better value.
  warnings.warn(
  Tested: weights=('24', '14', '8', '15'), thresholds=(42, 42, 40, 37)
  validation: F_1/7=0.981348, good=22940, bad=361, missed=4112, trie_nodes=1272, objective=0.981341
/home/dev/hyph-bench/.venv/lib/python3.13/site-packages/sklearn/gaussian_process/kernels.py:450: ConvergenceWarning: The optimal value found for dimension 0 of parameter k1__length_scale is close to the specified upper bound 1000.0. Increasing the bound and calling fit again may find a better value.
  warnings.warn(
/home/dev/hyph-bench/.venv/lib/python3.13/site-packages/sklearn/gaussian_process/kernels.py:450: ConvergenceWarning: The optimal value found for dimension 3 of parameter k1__length_scale is close to the specified upper bound 1000.0. Increasing the bound and calling fit again may find a better value.
  warnings.warn(
/home/dev/hyph-bench/.venv/lib/python3.13/site-packages/sklearn/gaussian_process/kernels.py:450: ConvergenceWarning: The optimal value found for dimension 6 of parameter k1__length_scale is close to the specified upper bound 1000.0. Increasing the bound and calling fit again may find a better value.
  warnings.warn(
/home/dev/hyph-bench/.venv/lib/python3.13/site-packages/sklearn/gaussian_process/kernels.py:450: ConvergenceWarning: The optimal value found for dimension 7 of parameter k1__length_scale is close to the specified upper bound 1000.0. Increasing the bound and calling fit again may find a better value.
  warnings.warn(
/home/dev/hyph-bench/.venv/lib/python3.13/site-packages/sklearn/gaussian_process/kernels.py:440: ConvergenceWarning: The optimal value found for dimension 0 of parameter k2__noise_level is close to the specified lower bound 0.0001. Decreasing the bound and calling fit again may find a better value.
  warnings.warn(
  Tested: weights=('29', '25', '29', '1/5'), thresholds=(2, 7, 4, 40)
  validation: F_1/7=0.983194, good=25656, bad=419, missed=1396, trie_nodes=9581, objective=0.983148
/home/dev/hyph-bench/.venv/lib/python3.13/site-packages/sklearn/gaussian_process/kernels.py:450: ConvergenceWarning: The optimal value found for dimension 0 of parameter k1__length_scale is close to the specified upper bound 1000.0. Increasing the bound and calling fit again may find a better value.
  warnings.warn(
/home/dev/hyph-bench/.venv/lib/python3.13/site-packages/sklearn/gaussian_process/kernels.py:450: ConvergenceWarning: The optimal value found for dimension 3 of parameter k1__length_scale is close to the specified upper bound 1000.0. Increasing the bound and calling fit again may find a better value.
  warnings.warn(
/home/dev/hyph-bench/.venv/lib/python3.13/site-packages/sklearn/gaussian_process/kernels.py:450: ConvergenceWarning: The optimal value found for dimension 6 of parameter k1__length_scale is close to the specified upper bound 1000.0. Increasing the bound and calling fit again may find a better value.
  warnings.warn(
/home/dev/hyph-bench/.venv/lib/python3.13/site-packages/sklearn/gaussian_process/kernels.py:450: ConvergenceWarning: The optimal value found for dimension 7 of parameter k1__length_scale is close to the specified upper bound 1000.0. Increasing the bound and calling fit again may find a better value.
  warnings.warn(
/home/dev/hyph-bench/.venv/lib/python3.13/site-packages/sklearn/gaussian_process/kernels.py:440: ConvergenceWarning: The optimal value found for dimension 0 of parameter k2__noise_level is close to the specified lower bound 0.0001. Decreasing the bound and calling fit again may find a better value.
  warnings.warn(
  Tested: weights=('9', '3', '29', '21'), thresholds=(42, 13, 5, 26)
  validation: F_1/7=0.975709, good=25519, bad=617, missed=1533, trie_nodes=3727, objective=0.975691
/home/dev/hyph-bench/.venv/lib/python3.13/site-packages/sklearn/gaussian_process/kernels.py:450: ConvergenceWarning: The optimal value found for dimension 0 of parameter k1__length_scale is close to the specified upper bound 1000.0. Increasing the bound and calling fit again may find a better value.
  warnings.warn(
/home/dev/hyph-bench/.venv/lib/python3.13/site-packages/sklearn/gaussian_process/kernels.py:450: ConvergenceWarning: The optimal value found for dimension 3 of parameter k1__length_scale is close to the specified upper bound 1000.0. Increasing the bound and calling fit again may find a better value.
  warnings.warn(
/home/dev/hyph-bench/.venv/lib/python3.13/site-packages/sklearn/gaussian_process/kernels.py:450: ConvergenceWarning: The optimal value found for dimension 6 of parameter k1__length_scale is close to the specified upper bound 1000.0. Increasing the bound and calling fit again may find a better value.
  warnings.warn(
/home/dev/hyph-bench/.venv/lib/python3.13/site-packages/sklearn/gaussian_process/kernels.py:450: ConvergenceWarning: The optimal value found for dimension 7 of parameter k1__length_scale is close to the specified upper bound 1000.0. Increasing the bound and calling fit again may find a better value.
  warnings.warn(
/home/dev/hyph-bench/.venv/lib/python3.13/site-packages/sklearn/gaussian_process/kernels.py:440: ConvergenceWarning: The optimal value found for dimension 0 of parameter k2__noise_level is close to the specified lower bound 0.0001. Decreasing the bound and calling fit again may find a better value.
  warnings.warn(
  Tested: weights=('18', '28', '1/3', '9'), thresholds=(14, 1, 37, 3)
  validation: F_1/7=0.973844, good=26270, bad=704, missed=782, trie_nodes=5897, objective=0.973816
/home/dev/hyph-bench/.venv/lib/python3.13/site-packages/sklearn/gaussian_process/kernels.py:450: ConvergenceWarning: The optimal value found for dimension 0 of parameter k1__length_scale is close to the specified upper bound 1000.0. Increasing the bound and calling fit again may find a better value.
  warnings.warn(
/home/dev/hyph-bench/.venv/lib/python3.13/site-packages/sklearn/gaussian_process/kernels.py:450: ConvergenceWarning: The optimal value found for dimension 6 of parameter k1__length_scale is close to the specified upper bound 1000.0. Increasing the bound and calling fit again may find a better value.
  warnings.warn(
/home/dev/hyph-bench/.venv/lib/python3.13/site-packages/sklearn/gaussian_process/kernels.py:440: ConvergenceWarning: The optimal value found for dimension 0 of parameter k2__noise_level is close to the specified lower bound 0.0001. Decreasing the bound and calling fit again may find a better value.
  warnings.warn(
  Tested: weights=('1/4', '1/5', '17', '1/5'), thresholds=(3, 41, 24, 1)
  validation: F_1/7=0.991674, good=23333, bad=124, missed=3719, trie_nodes=3490, objective=0.991657
  Best so far: weights=('1/4', '1/5', '17', '1/5'), thresholds=(3, 41, 24, 1), score=0.991657, elapsed=87.9s

============================================================
Iteration 8/30
/home/dev/hyph-bench/.venv/lib/python3.13/site-packages/sklearn/gaussian_process/kernels.py:450: ConvergenceWarning: The optimal value found for dimension 0 of parameter k1__length_scale is close to the specified upper bound 1000.0. Increasing the bound and calling fit again may find a better value.
  warnings.warn(
/home/dev/hyph-bench/.venv/lib/python3.13/site-packages/sklearn/gaussian_process/kernels.py:450: ConvergenceWarning: The optimal value found for dimension 6 of parameter k1__length_scale is close to the specified upper bound 1000.0. Increasing the bound and calling fit again may find a better value.
  warnings.warn(
/home/dev/hyph-bench/.venv/lib/python3.13/site-packages/sklearn/gaussian_process/kernels.py:440: ConvergenceWarning: The optimal value found for dimension 0 of parameter k2__noise_level is close to the specified lower bound 0.0001. Decreasing the bound and calling fit again may find a better value.
  warnings.warn(
  Tested: weights=('1', '1/4', '30', '28'), thresholds=(16, 1, 6, 20)
  validation: F_1/7=0.989074, good=25002, bad=240, missed=2050, trie_nodes=5427, objective=0.989048
/home/dev/hyph-bench/.venv/lib/python3.13/site-packages/sklearn/gaussian_process/kernels.py:450: ConvergenceWarning: The optimal value found for dimension 0 of parameter k1__length_scale is close to the specified upper bound 1000.0. Increasing the bound and calling fit again may find a better value.
  warnings.warn(
/home/dev/hyph-bench/.venv/lib/python3.13/site-packages/sklearn/gaussian_process/kernels.py:450: ConvergenceWarning: The optimal value found for dimension 6 of parameter k1__length_scale is close to the specified upper bound 1000.0. Increasing the bound and calling fit again may find a better value.
  warnings.warn(
/home/dev/hyph-bench/.venv/lib/python3.13/site-packages/sklearn/gaussian_process/kernels.py:440: ConvergenceWarning: The optimal value found for dimension 0 of parameter k2__noise_level is close to the specified lower bound 0.0001. Decreasing the bound and calling fit again may find a better value.
  warnings.warn(
  Tested: weights=('29', '28', '1/5', '1/5'), thresholds=(40, 16, 26, 42)
  validation: F_1/7=0.976189, good=18590, bad=290, missed=8462, trie_nodes=1733, objective=0.976181
/home/dev/hyph-bench/.venv/lib/python3.13/site-packages/sklearn/gaussian_process/kernels.py:450: ConvergenceWarning: The optimal value found for dimension 4 of parameter k1__length_scale is close to the specified upper bound 1000.0. Increasing the bound and calling fit again may find a better value.
  warnings.warn(
/home/dev/hyph-bench/.venv/lib/python3.13/site-packages/sklearn/gaussian_process/kernels.py:450: ConvergenceWarning: The optimal value found for dimension 7 of parameter k1__length_scale is close to the specified upper bound 1000.0. Increasing the bound and calling fit again may find a better value.
  warnings.warn(
/home/dev/hyph-bench/.venv/lib/python3.13/site-packages/sklearn/gaussian_process/kernels.py:440: ConvergenceWarning: The optimal value found for dimension 0 of parameter k2__noise_level is close to the specified lower bound 0.0001. Decreasing the bound and calling fit again may find a better value.
  warnings.warn(
  Tested: weights=('1/5', '13', '16', '20'), thresholds=(42, 40, 40, 10)
  validation: F_1/7=0.928423, good=26758, bad=2099, missed=294, trie_nodes=1742, objective=0.928415
/home/dev/hyph-bench/.venv/lib/python3.13/site-packages/sklearn/gaussian_process/kernels.py:450: ConvergenceWarning: The optimal value found for dimension 4 of parameter k1__length_scale is close to the specified upper bound 1000.0. Increasing the bound and calling fit again may find a better value.
  warnings.warn(
/home/dev/hyph-bench/.venv/lib/python3.13/site-packages/sklearn/gaussian_process/kernels.py:450: ConvergenceWarning: The optimal value found for dimension 7 of parameter k1__length_scale is close to the specified upper bound 1000.0. Increasing the bound and calling fit again may find a better value.
  warnings.warn(
/home/dev/hyph-bench/.venv/lib/python3.13/site-packages/sklearn/gaussian_process/kernels.py:440: ConvergenceWarning: The optimal value found for dimension 0 of parameter k2__noise_level is close to the specified lower bound 0.0001. Decreasing the bound and calling fit again may find a better value.
  warnings.warn(
  Tested: weights=('22', '7', '30', '1/5'), thresholds=(1, 28, 41, 25)
  validation: F_1/7=0.980735, good=25563, bad=482, missed=1489, trie_nodes=11355, objective=0.980681
/home/dev/hyph-bench/.venv/lib/python3.13/site-packages/sklearn/gaussian_process/kernels.py:450: ConvergenceWarning: The optimal value found for dimension 3 of parameter k1__length_scale is close to the specified upper bound 1000.0. Increasing the bound and calling fit again may find a better value.
  warnings.warn(
/home/dev/hyph-bench/.venv/lib/python3.13/site-packages/sklearn/gaussian_process/kernels.py:450: ConvergenceWarning: The optimal value found for dimension 4 of parameter k1__length_scale is close to the specified upper bound 1000.0. Increasing the bound and calling fit again may find a better value.
  warnings.warn(
/home/dev/hyph-bench/.venv/lib/python3.13/site-packages/sklearn/gaussian_process/kernels.py:450: ConvergenceWarning: The optimal value found for dimension 7 of parameter k1__length_scale is close to the specified upper bound 1000.0. Increasing the bound and calling fit again may find a better value.
  warnings.warn(
/home/dev/hyph-bench/.venv/lib/python3.13/site-packages/sklearn/gaussian_process/kernels.py:440: ConvergenceWarning: The optimal value found for dimension 0 of parameter k2__noise_level is close to the specified lower bound 0.0001. Decreasing the bound and calling fit again may find a better value.
  warnings.warn(
  Tested: weights=('11', '1/4', '1/5', '22'), thresholds=(4, 41, 14, 37)
  validation: F_1/7=0.913071, good=26771, bad=2595, missed=281, trie_nodes=3856, objective=0.913053
  Best so far: weights=('1/4', '1/5', '17', '1/5'), thresholds=(3, 41, 24, 1), score=0.991657, elapsed=107.2s

============================================================
Iteration 9/30
/home/dev/hyph-bench/.venv/lib/python3.13/site-packages/sklearn/gaussian_process/kernels.py:450: ConvergenceWarning: The optimal value found for dimension 3 of parameter k1__length_scale is close to the specified upper bound 1000.0. Increasing the bound and calling fit again may find a better value.
  warnings.warn(
/home/dev/hyph-bench/.venv/lib/python3.13/site-packages/sklearn/gaussian_process/kernels.py:450: ConvergenceWarning: The optimal value found for dimension 4 of parameter k1__length_scale is close to the specified upper bound 1000.0. Increasing the bound and calling fit again may find a better value.
  warnings.warn(
/home/dev/hyph-bench/.venv/lib/python3.13/site-packages/sklearn/gaussian_process/kernels.py:450: ConvergenceWarning: The optimal value found for dimension 7 of parameter k1__length_scale is close to the specified upper bound 1000.0. Increasing the bound and calling fit again may find a better value.
  warnings.warn(
/home/dev/hyph-bench/.venv/lib/python3.13/site-packages/sklearn/gaussian_process/kernels.py:440: ConvergenceWarning: The optimal value found for dimension 0 of parameter k2__noise_level is close to the specified lower bound 0.0001. Decreasing the bound and calling fit again may find a better value.
  warnings.warn(
  Tested: weights=('27', '1/5', '28', '17'), thresholds=(40, 3, 38, 30)
  validation: F_1/7=0.991048, good=21572, bad=87, missed=5480, trie_nodes=2321, objective=0.991037
/home/dev/hyph-bench/.venv/lib/python3.13/site-packages/sklearn/gaussian_process/kernels.py:450: ConvergenceWarning: The optimal value found for dimension 3 of parameter k1__length_scale is close to the specified upper bound 1000.0. Increasing the bound and calling fit again may find a better value.
  warnings.warn(
/home/dev/hyph-bench/.venv/lib/python3.13/site-packages/sklearn/gaussian_process/kernels.py:450: ConvergenceWarning: The optimal value found for dimension 4 of parameter k1__length_scale is close to the specified upper bound 1000.0. Increasing the bound and calling fit again may find a better value.
  warnings.warn(
/home/dev/hyph-bench/.venv/lib/python3.13/site-packages/sklearn/gaussian_process/kernels.py:440: ConvergenceWarning: The optimal value found for dimension 0 of parameter k2__noise_level is close to the specified lower bound 0.0001. Decreasing the bound and calling fit again may find a better value.
  warnings.warn(
  Tested: weights=('1/5', '1/4', '29', '26'), thresholds=(9, 28, 19, 21)
  validation: F_1/7=0.982978, good=23874, bad=357, missed=3178, trie_nodes=1956, objective=0.982969
/home/dev/hyph-bench/.venv/lib/python3.13/site-packages/sklearn/gaussian_process/kernels.py:450: ConvergenceWarning: The optimal value found for dimension 4 of parameter k1__length_scale is close to the specified upper bound 1000.0. Increasing the bound and calling fit again may find a better value.
  warnings.warn(
/home/dev/hyph-bench/.venv/lib/python3.13/site-packages/sklearn/gaussian_process/kernels.py:440: ConvergenceWarning: The optimal value found for dimension 0 of parameter k2__noise_level is close to the specified lower bound 0.0001. Decreasing the bound and calling fit again may find a better value.
  warnings.warn(
  Tested: weights=('29', '18', '14', '1/5'), thresholds=(5, 36, 5, 4)
  validation: F_1/7=0.990115, good=24908, bad=210, missed=2144, trie_nodes=6720, objective=0.990083
/home/dev/hyph-bench/.venv/lib/python3.13/site-packages/sklearn/gaussian_process/kernels.py:450: ConvergenceWarning: The optimal value found for dimension 4 of parameter k1__length_scale is close to the specified upper bound 1000.0. Increasing the bound and calling fit again may find a better value.
  warnings.warn(
/home/dev/hyph-bench/.venv/lib/python3.13/site-packages/sklearn/gaussian_process/kernels.py:440: ConvergenceWarning: The optimal value found for dimension 0 of parameter k2__noise_level is close to the specified lower bound 0.0001. Decreasing the bound and calling fit again may find a better value.
  warnings.warn(
  Tested: weights=('1/4', '29', '9', '28'), thresholds=(25, 3, 2, 39)
  validation: F_1/7=0.952404, good=26737, bad=1357, missed=315, trie_nodes=6004, objective=0.952376
/home/dev/hyph-bench/.venv/lib/python3.13/site-packages/sklearn/gaussian_process/kernels.py:450: ConvergenceWarning: The optimal value found for dimension 4 of parameter k1__length_scale is close to the specified upper bound 1000.0. Increasing the bound and calling fit again may find a better value.
  warnings.warn(
/home/dev/hyph-bench/.venv/lib/python3.13/site-packages/sklearn/gaussian_process/kernels.py:440: ConvergenceWarning: The optimal value found for dimension 0 of parameter k2__noise_level is close to the specified lower bound 0.0001. Decreasing the bound and calling fit again may find a better value.
  warnings.warn(
  Tested: weights=('2', '12', '1/2', '9'), thresholds=(1, 4, 39, 1)
  validation: F_1/7=0.975188, good=26441, bad=674, missed=611, trie_nodes=16176, objective=0.975111
  Best so far: weights=('1/4', '1/5', '17', '1/5'), thresholds=(3, 41, 24, 1), score=0.991657, elapsed=125.9s

============================================================
Iteration 10/30
/home/dev/hyph-bench/.venv/lib/python3.13/site-packages/sklearn/gaussian_process/kernels.py:450: ConvergenceWarning: The optimal value found for dimension 6 of parameter k1__length_scale is close to the specified upper bound 1000.0. Increasing the bound and calling fit again may find a better value.
  warnings.warn(
/home/dev/hyph-bench/.venv/lib/python3.13/site-packages/sklearn/gaussian_process/kernels.py:440: ConvergenceWarning: The optimal value found for dimension 0 of parameter k2__noise_level is close to the specified lower bound 0.0001. Decreasing the bound and calling fit again may find a better value.
  warnings.warn(
  Tested: weights=('1/2', '24', '27', '22'), thresholds=(42, 1, 42, 30)
  validation: F_1/7=0.972196, good=26438, bad=759, missed=614, trie_nodes=14379, objective=0.972127
/home/dev/hyph-bench/.venv/lib/python3.13/site-packages/sklearn/gaussian_process/kernels.py:450: ConvergenceWarning: The optimal value found for dimension 6 of parameter k1__length_scale is close to the specified upper bound 1000.0. Increasing the bound and calling fit again may find a better value.
  warnings.warn(
/home/dev/hyph-bench/.venv/lib/python3.13/site-packages/sklearn/gaussian_process/kernels.py:440: ConvergenceWarning: The optimal value found for dimension 0 of parameter k2__noise_level is close to the specified lower bound 0.0001. Decreasing the bound and calling fit again may find a better value.
  warnings.warn(
  Tested: weights=('25', '18', '4', '29'), thresholds=(5, 6, 5, 34)
  validation: F_1/7=0.981884, good=25668, bad=455, missed=1384, trie_nodes=5140, objective=0.981859
/home/dev/hyph-bench/.venv/lib/python3.13/site-packages/sklearn/gaussian_process/kernels.py:450: ConvergenceWarning: The optimal value found for dimension 4 of parameter k1__length_scale is close to the specified upper bound 1000.0. Increasing the bound and calling fit again may find a better value.
  warnings.warn(
/home/dev/hyph-bench/.venv/lib/python3.13/site-packages/sklearn/gaussian_process/kernels.py:440: ConvergenceWarning: The optimal value found for dimension 0 of parameter k2__noise_level is close to the specified lower bound 0.0001. Decreasing the bound and calling fit again may find a better value.
  warnings.warn(
  Tested: weights=('30', '1/4', '27', '1/5'), thresholds=(22, 21, 40, 3)
  validation: F_1/7=0.991848, good=22576, bad=98, missed=4476, trie_nodes=2923, objective=0.991834
/home/dev/hyph-bench/.venv/lib/python3.13/site-packages/sklearn/gaussian_process/kernels.py:450: ConvergenceWarning: The optimal value found for dimension 4 of parameter k1__length_scale is close to the specified upper bound 1000.0. Increasing the bound and calling fit again may find a better value.
  warnings.warn(
/home/dev/hyph-bench/.venv/lib/python3.13/site-packages/sklearn/gaussian_process/kernels.py:440: ConvergenceWarning: The optimal value found for dimension 0 of parameter k2__noise_level is close to the specified lower bound 0.0001. Decreasing the bound and calling fit again may find a better value.
  warnings.warn(
  Tested: weights=('24', '16', '27', '26'), thresholds=(39, 32, 1, 6)
  validation: F_1/7=0.974861, good=26242, bad=674, missed=810, trie_nodes=18020, objective=0.974774
/home/dev/hyph-bench/.venv/lib/python3.13/site-packages/sklearn/gaussian_process/kernels.py:450: ConvergenceWarning: The optimal value found for dimension 4 of parameter k1__length_scale is close to the specified upper bound 1000.0. Increasing the bound and calling fit again may find a better value.
  warnings.warn(
/home/dev/hyph-bench/.venv/lib/python3.13/site-packages/sklearn/gaussian_process/kernels.py:440: ConvergenceWarning: The optimal value found for dimension 0 of parameter k2__noise_level is close to the specified lower bound 0.0001. Decreasing the bound and calling fit again may find a better value.
  warnings.warn(
  Tested: weights=('1', '1/3', '1/2', '4'), thresholds=(27, 2, 4, 2)
  validation: F_1/7=0.976685, good=26383, bad=629, missed=669, trie_nodes=6886, objective=0.976652
  Best so far: weights=('30', '1/4', '27', '1/5'), thresholds=(22, 21, 40, 3), score=0.991834, elapsed=143.5s

============================================================
Iteration 11/30
/home/dev/hyph-bench/.venv/lib/python3.13/site-packages/sklearn/gaussian_process/kernels.py:450: ConvergenceWarning: The optimal value found for dimension 6 of parameter k1__length_scale is close to the specified upper bound 1000.0. Increasing the bound and calling fit again may find a better value.
  warnings.warn(
/home/dev/hyph-bench/.venv/lib/python3.13/site-packages/sklearn/gaussian_process/kernels.py:440: ConvergenceWarning: The optimal value found for dimension 0 of parameter k2__noise_level is close to the specified lower bound 0.0001. Decreasing the bound and calling fit again may find a better value.
  warnings.warn(
  Tested: weights=('4', '2', '28', '1/5'), thresholds=(7, 12, 41, 42)
  validation: F_1/7=0.978393, good=25361, bad=537, missed=1691, trie_nodes=1709, objective=0.978385
/home/dev/hyph-bench/.venv/lib/python3.13/site-packages/sklearn/gaussian_process/kernels.py:450: ConvergenceWarning: The optimal value found for dimension 4 of parameter k1__length_scale is close to the specified upper bound 1000.0. Increasing the bound and calling fit again may find a better value.
  warnings.warn(
/home/dev/hyph-bench/.venv/lib/python3.13/site-packages/sklearn/gaussian_process/kernels.py:440: ConvergenceWarning: The optimal value found for dimension 0 of parameter k2__noise_level is close to the specified lower bound 0.0001. Decreasing the bound and calling fit again may find a better value.
  warnings.warn(
  Tested: weights=('24', '12', '2', '1/3'), thresholds=(39, 42, 42, 4)
  validation: F_1/7=0.987543, good=24041, bad=248, missed=3011, trie_nodes=2399, objective=0.987531
/home/dev/hyph-bench/.venv/lib/python3.13/site-packages/sklearn/gaussian_process/kernels.py:450: ConvergenceWarning: The optimal value found for dimension 4 of parameter k1__length_scale is close to the specified upper bound 1000.0. Increasing the bound and calling fit again may find a better value.
  warnings.warn(
/home/dev/hyph-bench/.venv/lib/python3.13/site-packages/sklearn/gaussian_process/kernels.py:440: ConvergenceWarning: The optimal value found for dimension 0 of parameter k2__noise_level is close to the specified lower bound 0.0001. Decreasing the bound and calling fit again may find a better value.
  warnings.warn(
  Tested: weights=('4', '1/5', '27', '16'), thresholds=(28, 37, 17, 7)
  validation: F_1/7=0.982921, good=24623, bad=387, missed=2429, trie_nodes=1558, objective=0.982914
/home/dev/hyph-bench/.venv/lib/python3.13/site-packages/sklearn/gaussian_process/kernels.py:450: ConvergenceWarning: The optimal value found for dimension 4 of parameter k1__length_scale is close to the specified upper bound 1000.0. Increasing the bound and calling fit again may find a better value.
  warnings.warn(
/home/dev/hyph-bench/.venv/lib/python3.13/site-packages/sklearn/gaussian_process/kernels.py:440: ConvergenceWarning: The optimal value found for dimension 0 of parameter k2__noise_level is close to the specified lower bound 0.0001. Decreasing the bound and calling fit again may find a better value.
  warnings.warn(
  Tested: weights=('27', '30', '22', '1/3'), thresholds=(3, 20, 12, 1)
  validation: F_1/7=0.989832, good=24994, bad=220, missed=2058, trie_nodes=7650, objective=0.989795
/home/dev/hyph-bench/.venv/lib/python3.13/site-packages/sklearn/gaussian_process/kernels.py:450: ConvergenceWarning: The optimal value found for dimension 4 of parameter k1__length_scale is close to the specified upper bound 1000.0. Increasing the bound and calling fit again may find a better value.
  warnings.warn(
/home/dev/hyph-bench/.venv/lib/python3.13/site-packages/sklearn/gaussian_process/kernels.py:440: ConvergenceWarning: The optimal value found for dimension 0 of parameter k2__noise_level is close to the specified lower bound 0.0001. Decreasing the bound and calling fit again may find a better value.
  warnings.warn(
  Tested: weights=('29', '1/4', '1/3', '26'), thresholds=(36, 2, 36, 29)
  validation: F_1/7=0.924813, good=26489, bad=2186, missed=563, trie_nodes=2702, objective=0.924800
  Best so far: weights=('30', '1/4', '27', '1/5'), thresholds=(22, 21, 40, 3), score=0.991834, elapsed=160.3s

============================================================
Iteration 12/30
/home/dev/hyph-bench/.venv/lib/python3.13/site-packages/sklearn/gaussian_process/kernels.py:450: ConvergenceWarning: The optimal value found for dimension 4 of parameter k1__length_scale is close to the specified upper bound 1000.0. Increasing the bound and calling fit again may find a better value.
  warnings.warn(
/home/dev/hyph-bench/.venv/lib/python3.13/site-packages/sklearn/gaussian_process/kernels.py:440: ConvergenceWarning: The optimal value found for dimension 0 of parameter k2__noise_level is close to the specified lower bound 0.0001. Decreasing the bound and calling fit again may find a better value.
  warnings.warn(
  Tested: weights=('30', '1/5', '22', '25'), thresholds=(38, 38, 4, 40)
  validation: F_1/7=0.985679, good=25347, bad=341, missed=1705, trie_nodes=6446, objective=0.985648
/home/dev/hyph-bench/.venv/lib/python3.13/site-packages/sklearn/gaussian_process/kernels.py:450: ConvergenceWarning: The optimal value found for dimension 4 of parameter k1__length_scale is close to the specified upper bound 1000.0. Increasing the bound and calling fit again may find a better value.
  warnings.warn(
/home/dev/hyph-bench/.venv/lib/python3.13/site-packages/sklearn/gaussian_process/kernels.py:440: ConvergenceWarning: The optimal value found for dimension 0 of parameter k2__noise_level is close to the specified lower bound 0.0001. Decreasing the bound and calling fit again may find a better value.
  warnings.warn(
  Tested: weights=('26', '16', '3', '7'), thresholds=(1, 8, 14, 42)
  validation: F_1/7=0.976742, good=26016, bad=611, missed=1036, trie_nodes=11958, objective=0.976684
/home/dev/hyph-bench/.venv/lib/python3.13/site-packages/sklearn/gaussian_process/kernels.py:450: ConvergenceWarning: The optimal value found for dimension 4 of parameter k1__length_scale is close to the specified upper bound 1000.0. Increasing the bound and calling fit again may find a better value.
  warnings.warn(
/home/dev/hyph-bench/.venv/lib/python3.13/site-packages/sklearn/gaussian_process/kernels.py:440: ConvergenceWarning: The optimal value found for dimension 0 of parameter k2__noise_level is close to the specified lower bound 0.0001. Decreasing the bound and calling fit again may find a better value.
  warnings.warn(
  Tested: weights=('1/3', '27', '23', '1/2'), thresholds=(10, 2, 37, 1)
  validation: F_1/7=0.985364, good=25983, bad=372, missed=1069, trie_nodes=11842, objective=0.985307
/home/dev/hyph-bench/.venv/lib/python3.13/site-packages/sklearn/gaussian_process/kernels.py:450: ConvergenceWarning: The optimal value found for dimension 1 of parameter k1__length_scale is close to the specified upper bound 1000.0. Increasing the bound and calling fit again may find a better value.
  warnings.warn(
/home/dev/hyph-bench/.venv/lib/python3.13/site-packages/sklearn/gaussian_process/kernels.py:450: ConvergenceWarning: The optimal value found for dimension 3 of parameter k1__length_scale is close to the specified upper bound 1000.0. Increasing the bound and calling fit again may find a better value.
  warnings.warn(
/home/dev/hyph-bench/.venv/lib/python3.13/site-packages/sklearn/gaussian_process/kernels.py:450: ConvergenceWarning: The optimal value found for dimension 6 of parameter k1__length_scale is close to the specified upper bound 1000.0. Increasing the bound and calling fit again may find a better value.
  warnings.warn(
/home/dev/hyph-bench/.venv/lib/python3.13/site-packages/sklearn/gaussian_process/kernels.py:440: ConvergenceWarning: The optimal value found for dimension 0 of parameter k2__noise_level is close to the specified lower bound 0.0001. Decreasing the bound and calling fit again may find a better value.
  warnings.warn(
  Tested: weights=('1/3', '1/4', '3', '14'), thresholds=(35, 10, 42, 31)
  validation: F_1/7=0.966468, good=25032, bad=845, missed=2020, trie_nodes=1352, objective=0.966461
/home/dev/hyph-bench/.venv/lib/python3.13/site-packages/sklearn/gaussian_process/kernels.py:450: ConvergenceWarning: The optimal value found for dimension 0 of parameter k1__length_scale is close to the specified upper bound 1000.0. Increasing the bound and calling fit again may find a better value.
  warnings.warn(
/home/dev/hyph-bench/.venv/lib/python3.13/site-packages/sklearn/gaussian_process/kernels.py:450: ConvergenceWarning: The optimal value found for dimension 1 of parameter k1__length_scale is close to the specified upper bound 1000.0. Increasing the bound and calling fit again may find a better value.
  warnings.warn(
/home/dev/hyph-bench/.venv/lib/python3.13/site-packages/sklearn/gaussian_process/kernels.py:450: ConvergenceWarning: The optimal value found for dimension 5 of parameter k1__length_scale is close to the specified upper bound 1000.0. Increasing the bound and calling fit again may find a better value.
  warnings.warn(
/home/dev/hyph-bench/.venv/lib/python3.13/site-packages/sklearn/gaussian_process/kernels.py:440: ConvergenceWarning: The optimal value found for dimension 0 of parameter k2__noise_level is close to the specified lower bound 0.0001. Decreasing the bound and calling fit again may find a better value.
  warnings.warn(
  Tested: weights=('30', '5', '13', '1/4'), thresholds=(42, 26, 33, 1)
  validation: F_1/7=0.991346, good=22243, bad=100, missed=4809, trie_nodes=2677, objective=0.991333
  Best so far: weights=('30', '1/4', '27', '1/5'), thresholds=(22, 21, 40, 3), score=0.991834, elapsed=178.4s

============================================================
Iteration 13/30
/home/dev/hyph-bench/.venv/lib/python3.13/site-packages/sklearn/gaussian_process/kernels.py:450: ConvergenceWarning: The optimal value found for dimension 6 of parameter k1__length_scale is close to the specified upper bound 1000.0. Increasing the bound and calling fit again may find a better value.
  warnings.warn(
/home/dev/hyph-bench/.venv/lib/python3.13/site-packages/sklearn/gaussian_process/kernels.py:440: ConvergenceWarning: The optimal value found for dimension 0 of parameter k2__noise_level is close to the specified lower bound 0.0001. Decreasing the bound and calling fit again may find a better value.
  warnings.warn(
  Tested: weights=('19', '1', '26', '16'), thresholds=(37, 5, 2, 42)
  validation: F_1/7=0.980779, good=25914, bad=495, missed=1138, trie_nodes=10230, objective=0.980730
  Tested: weights=('1/4', '8', '11', '1/5'), thresholds=(16, 35, 37, 30)
  validation: F_1/7=0.982452, good=23194, bad=344, missed=3858, trie_nodes=1119, objective=0.982447
  Tested: weights=('30', '1/4', '26', '5'), thresholds=(22, 42, 16, 3)
  validation: F_1/7=0.989449, good=23365, bad=179, missed=3687, trie_nodes=2490, objective=0.989437
  Tested: weights=('1/5', '24', '1/5', '1'), thresholds=(25, 4, 5, 1)
  validation: F_1/7=0.983516, good=26128, bad=428, missed=924, trie_nodes=10991, objective=0.983463
/home/dev/hyph-bench/.venv/lib/python3.13/site-packages/sklearn/gaussian_process/kernels.py:450: ConvergenceWarning: The optimal value found for dimension 6 of parameter k1__length_scale is close to the specified upper bound 1000.0. Increasing the bound and calling fit again may find a better value.
  warnings.warn(
/home/dev/hyph-bench/.venv/lib/python3.13/site-packages/sklearn/gaussian_process/kernels.py:440: ConvergenceWarning: The optimal value found for dimension 0 of parameter k2__noise_level is close to the specified lower bound 0.0001. Decreasing the bound and calling fit again may find a better value.
  warnings.warn(
  Tested: weights=('26', '22', '4', '28'), thresholds=(2, 26, 22, 1)
  validation: F_1/7=0.986026, good=25555, bad=339, missed=1497, trie_nodes=10291, objective=0.985977
  Best so far: weights=('30', '1/4', '27', '1/5'), thresholds=(22, 21, 40, 3), score=0.991834, elapsed=195.6s

============================================================
Iteration 14/30
/home/dev/hyph-bench/.venv/lib/python3.13/site-packages/sklearn/gaussian_process/kernels.py:450: ConvergenceWarning: The optimal value found for dimension 6 of parameter k1__length_scale is close to the specified upper bound 1000.0. Increasing the bound and calling fit again may find a better value.
  warnings.warn(
/home/dev/hyph-bench/.venv/lib/python3.13/site-packages/sklearn/gaussian_process/kernels.py:440: ConvergenceWarning: The optimal value found for dimension 0 of parameter k2__noise_level is close to the specified lower bound 0.0001. Decreasing the bound and calling fit again may find a better value.
  warnings.warn(
  Tested: weights=('28', '4', '29', '29'), thresholds=(3, 22, 39, 37)
  validation: F_1/7=0.983253, good=25116, bad=397, missed=1936, trie_nodes=6553, objective=0.983222
/home/dev/hyph-bench/.venv/lib/python3.13/site-packages/sklearn/gaussian_process/kernels.py:450: ConvergenceWarning: The optimal value found for dimension 6 of parameter k1__length_scale is close to the specified upper bound 1000.0. Increasing the bound and calling fit again may find a better value.
  warnings.warn(
/home/dev/hyph-bench/.venv/lib/python3.13/site-packages/sklearn/gaussian_process/kernels.py:440: ConvergenceWarning: The optimal value found for dimension 0 of parameter k2__noise_level is close to the specified lower bound 0.0001. Decreasing the bound and calling fit again may find a better value.
  warnings.warn(
  Tested: weights=('29', '2', '28', '1'), thresholds=(37, 3, 5, 41)
  validation: F_1/7=0.987377, good=25112, bad=288, missed=1940, trie_nodes=5637, objective=0.987350
/home/dev/hyph-bench/.venv/lib/python3.13/site-packages/sklearn/gaussian_process/kernels.py:450: ConvergenceWarning: The optimal value found for dimension 4 of parameter k1__length_scale is close to the specified upper bound 1000.0. Increasing the bound and calling fit again may find a better value.
  warnings.warn(
/home/dev/hyph-bench/.venv/lib/python3.13/site-packages/sklearn/gaussian_process/kernels.py:440: ConvergenceWarning: The optimal value found for dimension 0 of parameter k2__noise_level is close to the specified lower bound 0.0001. Decreasing the bound and calling fit again may find a better value.
  warnings.warn(
  Tested: weights=('28', '18', '21', '20'), thresholds=(22, 41, 9, 1)
  validation: F_1/7=0.990712, good=24390, bad=179, missed=2662, trie_nodes=5294, objective=0.990687
/home/dev/hyph-bench/.venv/lib/python3.13/site-packages/sklearn/gaussian_process/kernels.py:450: ConvergenceWarning: The optimal value found for dimension 4 of parameter k1__length_scale is close to the specified upper bound 1000.0. Increasing the bound and calling fit again may find a better value.
  warnings.warn(
/home/dev/hyph-bench/.venv/lib/python3.13/site-packages/sklearn/gaussian_process/kernels.py:440: ConvergenceWarning: The optimal value found for dimension 0 of parameter k2__noise_level is close to the specified lower bound 0.0001. Decreasing the bound and calling fit again may find a better value.
  warnings.warn(
  Tested: weights=('1/2', '5', '1/5', '1/5'), thresholds=(4, 40, 2, 33)
  validation: F_1/7=0.980392, good=23130, bad=392, missed=3922, trie_nodes=2978, objective=0.980378
/home/dev/hyph-bench/.venv/lib/python3.13/site-packages/sklearn/gaussian_process/kernels.py:450: ConvergenceWarning: The optimal value found for dimension 4 of parameter k1__length_scale is close to the specified upper bound 1000.0. Increasing the bound and calling fit again may find a better value.
  warnings.warn(
/home/dev/hyph-bench/.venv/lib/python3.13/site-packages/sklearn/gaussian_process/kernels.py:440: ConvergenceWarning: The optimal value found for dimension 0 of parameter k2__noise_level is close to the specified lower bound 0.0001. Decreasing the bound and calling fit again may find a better value.
  warnings.warn(
  Tested: weights=('8', '30', '14', '1/4'), thresholds=(42, 6, 20, 12)
  validation: F_1/7=0.987833, good=24232, bad=247, missed=2820, trie_nodes=1962, objective=0.987824
  Best so far: weights=('30', '1/4', '27', '1/5'), thresholds=(22, 21, 40, 3), score=0.991834, elapsed=214.1s

============================================================
Iteration 15/30
/home/dev/hyph-bench/.venv/lib/python3.13/site-packages/sklearn/gaussian_process/kernels.py:450: ConvergenceWarning: The optimal value found for dimension 6 of parameter k1__length_scale is close to the specified upper bound 1000.0. Increasing the bound and calling fit again may find a better value.
  warnings.warn(
/home/dev/hyph-bench/.venv/lib/python3.13/site-packages/sklearn/gaussian_process/kernels.py:440: ConvergenceWarning: The optimal value found for dimension 0 of parameter k2__noise_level is close to the specified lower bound 0.0001. Decreasing the bound and calling fit again may find a better value.
  warnings.warn(
  Tested: weights=('20', '1/4', '30', '30'), thresholds=(2, 22, 14, 22)
  validation: F_1/7=0.983573, good=25476, bad=402, missed=1576, trie_nodes=7605, objective=0.983537
/home/dev/hyph-bench/.venv/lib/python3.13/site-packages/sklearn/gaussian_process/kernels.py:450: ConvergenceWarning: The optimal value found for dimension 4 of parameter k1__length_scale is close to the specified upper bound 1000.0. Increasing the bound and calling fit again may find a better value.
  warnings.warn(
/home/dev/hyph-bench/.venv/lib/python3.13/site-packages/sklearn/gaussian_process/kernels.py:440: ConvergenceWarning: The optimal value found for dimension 0 of parameter k2__noise_level is close to the specified lower bound 0.0001. Decreasing the bound and calling fit again may find a better value.
  warnings.warn(
  Tested: weights=('29', '21', '23', '15'), thresholds=(29, 11, 37, 4)
  validation: F_1/7=0.987944, good=22370, bad=183, missed=4682, trie_nodes=1746, objective=0.987936
/home/dev/hyph-bench/.venv/lib/python3.13/site-packages/sklearn/gaussian_process/kernels.py:450: ConvergenceWarning: The optimal value found for dimension 6 of parameter k1__length_scale is close to the specified upper bound 1000.0. Increasing the bound and calling fit again may find a better value.
  warnings.warn(
/home/dev/hyph-bench/.venv/lib/python3.13/site-packages/sklearn/gaussian_process/kernels.py:440: ConvergenceWarning: The optimal value found for dimension 0 of parameter k2__noise_level is close to the specified lower bound 0.0001. Decreasing the bound and calling fit again may find a better value.
  warnings.warn(
  Tested: weights=('6', '1/5', '17', '1/4'), thresholds=(35, 33, 3, 42)
  validation: F_1/7=0.980570, good=25945, bad=502, missed=1107, trie_nodes=5521, objective=0.980544
/home/dev/hyph-bench/.venv/lib/python3.13/site-packages/sklearn/gaussian_process/kernels.py:450: ConvergenceWarning: The optimal value found for dimension 6 of parameter k1__length_scale is close to the specified upper bound 1000.0. Increasing the bound and calling fit again may find a better value.
  warnings.warn(
/home/dev/hyph-bench/.venv/lib/python3.13/site-packages/sklearn/gaussian_process/kernels.py:440: ConvergenceWarning: The optimal value found for dimension 0 of parameter k2__noise_level is close to the specified lower bound 0.0001. Decreasing the bound and calling fit again may find a better value.
  warnings.warn(
  Tested: weights=('1/5', '1', '1/4', '1/3'), thresholds=(14, 38, 42, 10)
  validation: F_1/7=0.981816, good=23128, bad=357, missed=3924, trie_nodes=1295, objective=0.981810
/home/dev/hyph-bench/.venv/lib/python3.13/site-packages/sklearn/gaussian_process/kernels.py:450: ConvergenceWarning: The optimal value found for dimension 6 of parameter k1__length_scale is close to the specified upper bound 1000.0. Increasing the bound and calling fit again may find a better value.
  warnings.warn(
/home/dev/hyph-bench/.venv/lib/python3.13/site-packages/sklearn/gaussian_process/kernels.py:440: ConvergenceWarning: The optimal value found for dimension 0 of parameter k2__noise_level is close to the specified lower bound 0.0001. Decreasing the bound and calling fit again may find a better value.
  warnings.warn(
  Tested: weights=('1/4', '21', '12', '3'), thresholds=(4, 2, 2, 2)
  validation: F_1/7=0.967437, good=26648, bad=907, missed=404, trie_nodes=9142, objective=0.967393
  Best so far: weights=('30', '1/4', '27', '1/5'), thresholds=(22, 21, 40, 3), score=0.991834, elapsed=227.9s

============================================================
Iteration 16/30
/home/dev/hyph-bench/.venv/lib/python3.13/site-packages/sklearn/gaussian_process/kernels.py:450: ConvergenceWarning: The optimal value found for dimension 5 of parameter k1__length_scale is close to the specified upper bound 1000.0. Increasing the bound and calling fit again may find a better value.
  warnings.warn(
/home/dev/hyph-bench/.venv/lib/python3.13/site-packages/sklearn/gaussian_process/kernels.py:450: ConvergenceWarning: The optimal value found for dimension 6 of parameter k1__length_scale is close to the specified upper bound 1000.0. Increasing the bound and calling fit again may find a better value.
  warnings.warn(
/home/dev/hyph-bench/.venv/lib/python3.13/site-packages/sklearn/gaussian_process/kernels.py:440: ConvergenceWarning: The optimal value found for dimension 0 of parameter k2__noise_level is close to the specified lower bound 0.0001. Decreasing the bound and calling fit again may find a better value.
  warnings.warn(
  Tested: weights=('28', '30', '27', '1/2'), thresholds=(2, 39, 31, 41)
  validation: F_1/7=0.981807, good=25335, bad=444, missed=1717, trie_nodes=8384, objective=0.981767
/home/dev/hyph-bench/.venv/lib/python3.13/site-packages/sklearn/gaussian_process/kernels.py:450: ConvergenceWarning: The optimal value found for dimension 6 of parameter k1__length_scale is close to the specified upper bound 1000.0. Increasing the bound and calling fit again may find a better value.
  warnings.warn(
/home/dev/hyph-bench/.venv/lib/python3.13/site-packages/sklearn/gaussian_process/kernels.py:440: ConvergenceWarning: The optimal value found for dimension 0 of parameter k2__noise_level is close to the specified lower bound 0.0001. Decreasing the bound and calling fit again may find a better value.
  warnings.warn(
  Tested: weights=('1/2', '1/5', '19', '30'), thresholds=(29, 1, 39, 15)
  validation: F_1/7=0.987647, good=22643, bad=199, missed=4409, trie_nodes=2388, objective=0.987636
/home/dev/hyph-bench/.venv/lib/python3.13/site-packages/sklearn/gaussian_process/kernels.py:450: ConvergenceWarning: The optimal value found for dimension 6 of parameter k1__length_scale is close to the specified upper bound 1000.0. Increasing the bound and calling fit again may find a better value.
  warnings.warn(
/home/dev/hyph-bench/.venv/lib/python3.13/site-packages/sklearn/gaussian_process/kernels.py:440: ConvergenceWarning: The optimal value found for dimension 0 of parameter k2__noise_level is close to the specified lower bound 0.0001. Decreasing the bound and calling fit again may find a better value.
  warnings.warn(
  Tested: weights=('19', '1/3', '1', '1/4'), thresholds=(35, 39, 37, 24)
  validation: F_1/7=0.984497, good=23524, bad=306, missed=3528, trie_nodes=1584, objective=0.984489
/home/dev/hyph-bench/.venv/lib/python3.13/site-packages/sklearn/gaussian_process/kernels.py:450: ConvergenceWarning: The optimal value found for dimension 5 of parameter k1__length_scale is close to the specified upper bound 1000.0. Increasing the bound and calling fit again may find a better value.
  warnings.warn(
/home/dev/hyph-bench/.venv/lib/python3.13/site-packages/sklearn/gaussian_process/kernels.py:450: ConvergenceWarning: The optimal value found for dimension 6 of parameter k1__length_scale is close to the specified upper bound 1000.0. Increasing the bound and calling fit again may find a better value.
  warnings.warn(
  Tested: weights=('1', '29', '23', '1/2'), thresholds=(29, 2, 2, 38)
  validation: F_1/7=0.971529, good=26437, bad=778, missed=615, trie_nodes=8404, objective=0.971489
/home/dev/hyph-bench/.venv/lib/python3.13/site-packages/sklearn/gaussian_process/kernels.py:450: ConvergenceWarning: The optimal value found for dimension 6 of parameter k1__length_scale is close to the specified upper bound 1000.0. Increasing the bound and calling fit again may find a better value.
  warnings.warn(
/home/dev/hyph-bench/.venv/lib/python3.13/site-packages/sklearn/gaussian_process/kernels.py:440: ConvergenceWarning: The optimal value found for dimension 0 of parameter k2__noise_level is close to the specified lower bound 0.0001. Decreasing the bound and calling fit again may find a better value.
  warnings.warn(
  Tested: weights=('29', '10', '17', '27'), thresholds=(5, 26, 12, 2)
  validation: F_1/7=0.988603, good=24931, bad=250, missed=2121, trie_nodes=5437, objective=0.988577
  Best so far: weights=('30', '1/4', '27', '1/5'), thresholds=(22, 21, 40, 3), score=0.991834, elapsed=248.3s

============================================================
Iteration 17/30
/home/dev/hyph-bench/.venv/lib/python3.13/site-packages/sklearn/gaussian_process/kernels.py:450: ConvergenceWarning: The optimal value found for dimension 5 of parameter k1__length_scale is close to the specified upper bound 1000.0. Increasing the bound and calling fit again may find a better value.
  warnings.warn(
/home/dev/hyph-bench/.venv/lib/python3.13/site-packages/sklearn/gaussian_process/kernels.py:450: ConvergenceWarning: The optimal value found for dimension 6 of parameter k1__length_scale is close to the specified upper bound 1000.0. Increasing the bound and calling fit again may find a better value.
  warnings.warn(
  Tested: weights=('9', '1/4', '26', '29'), thresholds=(28, 35, 30, 36)
  validation: F_1/7=0.983584, good=23961, bad=345, missed=3091, trie_nodes=1244, objective=0.983578
/home/dev/hyph-bench/.venv/lib/python3.13/site-packages/sklearn/gaussian_process/kernels.py:450: ConvergenceWarning: The optimal value found for dimension 5 of parameter k1__length_scale is close to the specified upper bound 1000.0. Increasing the bound and calling fit again may find a better value.
  warnings.warn(
/home/dev/hyph-bench/.venv/lib/python3.13/site-packages/sklearn/gaussian_process/kernels.py:450: ConvergenceWarning: The optimal value found for dimension 6 of parameter k1__length_scale is close to the specified upper bound 1000.0. Increasing the bound and calling fit again may find a better value.
  warnings.warn(
/home/dev/hyph-bench/.venv/lib/python3.13/site-packages/sklearn/gaussian_process/kernels.py:440: ConvergenceWarning: The optimal value found for dimension 0 of parameter k2__noise_level is close to the specified lower bound 0.0001. Decreasing the bound and calling fit again may find a better value.
  warnings.warn(
  Tested: weights=('29', '1/5', '29', '30'), thresholds=(6, 2, 2, 9)
  validation: F_1/7=0.985190, good=25710, bad=367, missed=1342, trie_nodes=11970, objective=0.985132
/home/dev/hyph-bench/.venv/lib/python3.13/site-packages/sklearn/gaussian_process/kernels.py:450: ConvergenceWarning: The optimal value found for dimension 5 of parameter k1__length_scale is close to the specified upper bound 1000.0. Increasing the bound and calling fit again may find a better value.
  warnings.warn(
/home/dev/hyph-bench/.venv/lib/python3.13/site-packages/sklearn/gaussian_process/kernels.py:450: ConvergenceWarning: The optimal value found for dimension 6 of parameter k1__length_scale is close to the specified upper bound 1000.0. Increasing the bound and calling fit again may find a better value.
  warnings.warn(
/home/dev/hyph-bench/.venv/lib/python3.13/site-packages/sklearn/gaussian_process/kernels.py:440: ConvergenceWarning: The optimal value found for dimension 0 of parameter k2__noise_level is close to the specified lower bound 0.0001. Decreasing the bound and calling fit again may find a better value.
  warnings.warn(
  Tested: weights=('1/3', '1', '1', '2'), thresholds=(3, 2, 39, 31)
  validation: F_1/7=0.974466, good=25815, bad=665, missed=1237, trie_nodes=3130, objective=0.974451
/home/dev/hyph-bench/.venv/lib/python3.13/site-packages/sklearn/gaussian_process/kernels.py:450: ConvergenceWarning: The optimal value found for dimension 5 of parameter k1__length_scale is close to the specified upper bound 1000.0. Increasing the bound and calling fit again may find a better value.
  warnings.warn(
/home/dev/hyph-bench/.venv/lib/python3.13/site-packages/sklearn/gaussian_process/kernels.py:450: ConvergenceWarning: The optimal value found for dimension 6 of parameter k1__length_scale is close to the specified upper bound 1000.0. Increasing the bound and calling fit again may find a better value.
  warnings.warn(
/home/dev/hyph-bench/.venv/lib/python3.13/site-packages/sklearn/gaussian_process/kernels.py:440: ConvergenceWarning: The optimal value found for dimension 0 of parameter k2__noise_level is close to the specified lower bound 0.0001. Decreasing the bound and calling fit again may find a better value.
  warnings.warn(
  Tested: weights=('27', '12', '1/4', '1/3'), thresholds=(21, 11, 1, 40)
  validation: F_1/7=0.970263, good=22911, bad=632, missed=4141, trie_nodes=3512, objective=0.970246
/home/dev/hyph-bench/.venv/lib/python3.13/site-packages/sklearn/gaussian_process/kernels.py:450: ConvergenceWarning: The optimal value found for dimension 5 of parameter k1__length_scale is close to the specified upper bound 1000.0. Increasing the bound and calling fit again may find a better value.
  warnings.warn(
/home/dev/hyph-bench/.venv/lib/python3.13/site-packages/sklearn/gaussian_process/kernels.py:450: ConvergenceWarning: The optimal value found for dimension 6 of parameter k1__length_scale is close to the specified upper bound 1000.0. Increasing the bound and calling fit again may find a better value.
  warnings.warn(
/home/dev/hyph-bench/.venv/lib/python3.13/site-packages/sklearn/gaussian_process/kernels.py:440: ConvergenceWarning: The optimal value found for dimension 0 of parameter k2__noise_level is close to the specified lower bound 0.0001. Decreasing the bound and calling fit again may find a better value.
  warnings.warn(
  Tested: weights=('26', '25', '30', '1/4'), thresholds=(33, 22, 16, 4)
  validation: F_1/7=0.991836, good=23261, bad=118, missed=3791, trie_nodes=3454, objective=0.991820
  Best so far: weights=('30', '1/4', '27', '1/5'), thresholds=(22, 21, 40, 3), score=0.991834, elapsed=271.3s

============================================================
Iteration 18/30
/home/dev/hyph-bench/.venv/lib/python3.13/site-packages/sklearn/gaussian_process/kernels.py:450: ConvergenceWarning: The optimal value found for dimension 5 of parameter k1__length_scale is close to the specified upper bound 1000.0. Increasing the bound and calling fit again may find a better value.
  warnings.warn(
/home/dev/hyph-bench/.venv/lib/python3.13/site-packages/sklearn/gaussian_process/kernels.py:450: ConvergenceWarning: The optimal value found for dimension 6 of parameter k1__length_scale is close to the specified upper bound 1000.0. Increasing the bound and calling fit again may find a better value.
  warnings.warn(
/home/dev/hyph-bench/.venv/lib/python3.13/site-packages/sklearn/gaussian_process/kernels.py:440: ConvergenceWarning: The optimal value found for dimension 0 of parameter k2__noise_level is close to the specified lower bound 0.0001. Decreasing the bound and calling fit again may find a better value.
  warnings.warn(
  Tested: weights=('30', '26', '7', '1/5'), thresholds=(41, 32, 1, 41)
  validation: F_1/7=0.975451, good=26277, bad=659, missed=775, trie_nodes=13471, objective=0.975386
/home/dev/hyph-bench/.venv/lib/python3.13/site-packages/sklearn/gaussian_process/kernels.py:450: ConvergenceWarning: The optimal value found for dimension 4 of parameter k1__length_scale is close to the specified upper bound 1000.0. Increasing the bound and calling fit again may find a better value.
  warnings.warn(
/home/dev/hyph-bench/.venv/lib/python3.13/site-packages/sklearn/gaussian_process/kernels.py:440: ConvergenceWarning: The optimal value found for dimension 0 of parameter k2__noise_level is close to the specified lower bound 0.0001. Decreasing the bound and calling fit again may find a better value.
  warnings.warn(
  Tested: weights=('1', '11', '22', '30'), thresholds=(8, 23, 25, 16)
  validation: F_1/7=0.925111, good=26687, bad=2197, missed=365, trie_nodes=1162, objective=0.925105
/home/dev/hyph-bench/.venv/lib/python3.13/site-packages/sklearn/gaussian_process/kernels.py:450: ConvergenceWarning: The optimal value found for dimension 4 of parameter k1__length_scale is close to the specified upper bound 1000.0. Increasing the bound and calling fit again may find a better value.
  warnings.warn(
/home/dev/hyph-bench/.venv/lib/python3.13/site-packages/sklearn/gaussian_process/kernels.py:440: ConvergenceWarning: The optimal value found for dimension 0 of parameter k2__noise_level is close to the specified lower bound 0.0001. Decreasing the bound and calling fit again may find a better value.
  warnings.warn(
  Tested: weights=('6', '29', '28', '1/4'), thresholds=(39, 36, 39, 12)
  validation: F_1/7=0.987532, good=23552, bad=232, missed=3500, trie_nodes=1393, objective=0.987525
/home/dev/hyph-bench/.venv/lib/python3.13/site-packages/sklearn/gaussian_process/kernels.py:450: ConvergenceWarning: The optimal value found for dimension 4 of parameter k1__length_scale is close to the specified upper bound 1000.0. Increasing the bound and calling fit again may find a better value.
  warnings.warn(
/home/dev/hyph-bench/.venv/lib/python3.13/site-packages/sklearn/gaussian_process/kernels.py:440: ConvergenceWarning: The optimal value found for dimension 0 of parameter k2__noise_level is close to the specified lower bound 0.0001. Decreasing the bound and calling fit again may find a better value.
  warnings.warn(
  Tested: weights=('17', '1/2', '30', '10'), thresholds=(42, 9, 3, 4)
  validation: F_1/7=0.984317, good=25666, bad=389, missed=1386, trie_nodes=7518, objective=0.984281
/home/dev/hyph-bench/.venv/lib/python3.13/site-packages/sklearn/gaussian_process/kernels.py:450: ConvergenceWarning: The optimal value found for dimension 4 of parameter k1__length_scale is close to the specified upper bound 1000.0. Increasing the bound and calling fit again may find a better value.
  warnings.warn(
/home/dev/hyph-bench/.venv/lib/python3.13/site-packages/sklearn/gaussian_process/kernels.py:440: ConvergenceWarning: The optimal value found for dimension 0 of parameter k2__noise_level is close to the specified lower bound 0.0001. Decreasing the bound and calling fit again may find a better value.
  warnings.warn(
  Tested: weights=('25', '15', '2', '1'), thresholds=(15, 2, 39, 1)
  validation: F_1/7=0.988164, good=24673, bad=253, missed=2379, trie_nodes=6051, objective=0.988135
  Best so far: weights=('30', '1/4', '27', '1/5'), thresholds=(22, 21, 40, 3), score=0.991834, elapsed=299.4s

============================================================
Iteration 19/30
/home/dev/hyph-bench/.venv/lib/python3.13/site-packages/sklearn/gaussian_process/kernels.py:450: ConvergenceWarning: The optimal value found for dimension 4 of parameter k1__length_scale is close to the specified upper bound 1000.0. Increasing the bound and calling fit again may find a better value.
  warnings.warn(
/home/dev/hyph-bench/.venv/lib/python3.13/site-packages/sklearn/gaussian_process/kernels.py:440: ConvergenceWarning: The optimal value found for dimension 0 of parameter k2__noise_level is close to the specified lower bound 0.0001. Decreasing the bound and calling fit again may find a better value.
  warnings.warn(
  Tested: weights=('21', '27', '17', '1/3'), thresholds=(21, 1, 42, 40)
  validation: F_1/7=0.990873, good=23286, bad=142, missed=3766, trie_nodes=3720, objective=0.990856
/home/dev/hyph-bench/.venv/lib/python3.13/site-packages/sklearn/gaussian_process/kernels.py:450: ConvergenceWarning: The optimal value found for dimension 4 of parameter k1__length_scale is close to the specified upper bound 1000.0. Increasing the bound and calling fit again may find a better value.
  warnings.warn(
/home/dev/hyph-bench/.venv/lib/python3.13/site-packages/sklearn/gaussian_process/kernels.py:440: ConvergenceWarning: The optimal value found for dimension 0 of parameter k2__noise_level is close to the specified lower bound 0.0001. Decreasing the bound and calling fit again may find a better value.
  warnings.warn(
  Tested: weights=('24', '12', '7', '29'), thresholds=(2, 42, 31, 30)
  validation: F_1/7=0.978762, good=25478, bad=532, missed=1574, trie_nodes=8024, objective=0.978724
/home/dev/hyph-bench/.venv/lib/python3.13/site-packages/sklearn/gaussian_process/kernels.py:450: ConvergenceWarning: The optimal value found for dimension 4 of parameter k1__length_scale is close to the specified upper bound 1000.0. Increasing the bound and calling fit again may find a better value.
  warnings.warn(
/home/dev/hyph-bench/.venv/lib/python3.13/site-packages/sklearn/gaussian_process/kernels.py:440: ConvergenceWarning: The optimal value found for dimension 0 of parameter k2__noise_level is close to the specified lower bound 0.0001. Decreasing the bound and calling fit again may find a better value.
  warnings.warn(
  Tested: weights=('26', '1/5', '30', '29'), thresholds=(37, 32, 5, 3)
  validation: F_1/7=0.988139, good=25082, bad=267, missed=1970, trie_nodes=5537, objective=0.988113
/home/dev/hyph-bench/.venv/lib/python3.13/site-packages/sklearn/gaussian_process/kernels.py:450: ConvergenceWarning: The optimal value found for dimension 4 of parameter k1__length_scale is close to the specified upper bound 1000.0. Increasing the bound and calling fit again may find a better value.
  warnings.warn(
/home/dev/hyph-bench/.venv/lib/python3.13/site-packages/sklearn/gaussian_process/kernels.py:440: ConvergenceWarning: The optimal value found for dimension 0 of parameter k2__noise_level is close to the specified lower bound 0.0001. Decreasing the bound and calling fit again may find a better value.
  warnings.warn(
  Tested: weights=('1/5', '6', '7', '1'), thresholds=(4, 11, 1, 11)
  validation: F_1/7=0.957338, good=26458, bad=1191, missed=594, trie_nodes=4340, objective=0.957317
/home/dev/hyph-bench/.venv/lib/python3.13/site-packages/sklearn/gaussian_process/kernels.py:450: ConvergenceWarning: The optimal value found for dimension 4 of parameter k1__length_scale is close to the specified upper bound 1000.0. Increasing the bound and calling fit again may find a better value.
  warnings.warn(
/home/dev/hyph-bench/.venv/lib/python3.13/site-packages/sklearn/gaussian_process/kernels.py:440: ConvergenceWarning: The optimal value found for dimension 0 of parameter k2__noise_level is close to the specified lower bound 0.0001. Decreasing the bound and calling fit again may find a better value.
  warnings.warn(
  Tested: weights=('14', '18', '7', '3'), thresholds=(42, 23, 28, 1)
  validation: F_1/7=0.989497, good=23915, bad=195, missed=3137, trie_nodes=4872, objective=0.989474
  Best so far: weights=('30', '1/4', '27', '1/5'), thresholds=(22, 21, 40, 3), score=0.991834, elapsed=316.9s

============================================================
Iteration 20/30
/home/dev/hyph-bench/.venv/lib/python3.13/site-packages/sklearn/gaussian_process/kernels.py:450: ConvergenceWarning: The optimal value found for dimension 4 of parameter k1__length_scale is close to the specified upper bound 1000.0. Increasing the bound and calling fit again may find a better value.
  warnings.warn(
/home/dev/hyph-bench/.venv/lib/python3.13/site-packages/sklearn/gaussian_process/kernels.py:440: ConvergenceWarning: The optimal value found for dimension 0 of parameter k2__noise_level is close to the specified lower bound 0.0001. Decreasing the bound and calling fit again may find a better value.
  warnings.warn(
  Tested: weights=('21', '30', '27', '14'), thresholds=(32, 7, 38, 28)
  validation: F_1/7=0.985368, good=22640, bad=253, missed=4412, trie_nodes=1455, objective=0.985361
/home/dev/hyph-bench/.venv/lib/python3.13/site-packages/sklearn/gaussian_process/kernels.py:450: ConvergenceWarning: The optimal value found for dimension 4 of parameter k1__length_scale is close to the specified upper bound 1000.0. Increasing the bound and calling fit again may find a better value.
  warnings.warn(
/home/dev/hyph-bench/.venv/lib/python3.13/site-packages/sklearn/gaussian_process/kernels.py:440: ConvergenceWarning: The optimal value found for dimension 0 of parameter k2__noise_level is close to the specified lower bound 0.0001. Decreasing the bound and calling fit again may find a better value.
  warnings.warn(
  Tested: weights=('23', '19', '27', '1/2'), thresholds=(2, 40, 12, 34)
  validation: F_1/7=0.980471, good=25485, bad=486, missed=1567, trie_nodes=8030, objective=0.980432
/home/dev/hyph-bench/.venv/lib/python3.13/site-packages/sklearn/gaussian_process/kernels.py:450: ConvergenceWarning: The optimal value found for dimension 4 of parameter k1__length_scale is close to the specified upper bound 1000.0. Increasing the bound and calling fit again may find a better value.
  warnings.warn(
/home/dev/hyph-bench/.venv/lib/python3.13/site-packages/sklearn/gaussian_process/kernels.py:440: ConvergenceWarning: The optimal value found for dimension 0 of parameter k2__noise_level is close to the specified lower bound 0.0001. Decreasing the bound and calling fit again may find a better value.
  warnings.warn(
  Tested: weights=('3', '1/3', '17', '1/5'), thresholds=(39, 35, 40, 40)
  validation: F_1/7=0.981336, good=24239, bad=413, missed=2813, trie_nodes=1060, objective=0.981331
/home/dev/hyph-bench/.venv/lib/python3.13/site-packages/sklearn/gaussian_process/kernels.py:450: ConvergenceWarning: The optimal value found for dimension 4 of parameter k1__length_scale is close to the specified upper bound 1000.0. Increasing the bound and calling fit again may find a better value.
  warnings.warn(
/home/dev/hyph-bench/.venv/lib/python3.13/site-packages/sklearn/gaussian_process/kernels.py:440: ConvergenceWarning: The optimal value found for dimension 0 of parameter k2__noise_level is close to the specified lower bound 0.0001. Decreasing the bound and calling fit again may find a better value.
  warnings.warn(
  Tested: weights=('26', '22', '17', '28'), thresholds=(10, 2, 4, 4)
  validation: F_1/7=0.987076, good=25381, bad=305, missed=1671, trie_nodes=6359, objective=0.987045
/home/dev/hyph-bench/.venv/lib/python3.13/site-packages/sklearn/gaussian_process/kernels.py:450: ConvergenceWarning: The optimal value found for dimension 4 of parameter k1__length_scale is close to the specified upper bound 1000.0. Increasing the bound and calling fit again may find a better value.
  warnings.warn(
/home/dev/hyph-bench/.venv/lib/python3.13/site-packages/sklearn/gaussian_process/kernels.py:440: ConvergenceWarning: The optimal value found for dimension 0 of parameter k2__noise_level is close to the specified lower bound 0.0001. Decreasing the bound and calling fit again may find a better value.
  warnings.warn(
  Tested: weights=('1/4', '1/5', '1/4', '3'), thresholds=(3, 2, 38, 5)
  validation: F_1/7=0.969114, good=26131, bad=831, missed=921, trie_nodes=3428, objective=0.969098
  Best so far: weights=('30', '1/4', '27', '1/5'), thresholds=(22, 21, 40, 3), score=0.991834, elapsed=335.4s

============================================================
Iteration 21/30
/home/dev/hyph-bench/.venv/lib/python3.13/site-packages/sklearn/gaussian_process/kernels.py:450: ConvergenceWarning: The optimal value found for dimension 4 of parameter k1__length_scale is close to the specified upper bound 1000.0. Increasing the bound and calling fit again may find a better value.
  warnings.warn(
/home/dev/hyph-bench/.venv/lib/python3.13/site-packages/sklearn/gaussian_process/kernels.py:440: ConvergenceWarning: The optimal value found for dimension 0 of parameter k2__noise_level is close to the specified lower bound 0.0001. Decreasing the bound and calling fit again may find a better value.
  warnings.warn(
  Tested: weights=('27', '6', '17', '12'), thresholds=(24, 41, 41, 20)
  validation: F_1/7=0.985383, good=22847, bad=260, missed=4205, trie_nodes=1684, objective=0.985375
/home/dev/hyph-bench/.venv/lib/python3.13/site-packages/sklearn/gaussian_process/kernels.py:450: ConvergenceWarning: The optimal value found for dimension 4 of parameter k1__length_scale is close to the specified upper bound 1000.0. Increasing the bound and calling fit again may find a better value.
  warnings.warn(
/home/dev/hyph-bench/.venv/lib/python3.13/site-packages/sklearn/gaussian_process/kernels.py:440: ConvergenceWarning: The optimal value found for dimension 0 of parameter k2__noise_level is close to the specified lower bound 0.0001. Decreasing the bound and calling fit again may find a better value.
  warnings.warn(
  Tested: weights=('11', '1/5', '17', '1/4'), thresholds=(42, 14, 17, 42)
  validation: F_1/7=0.989595, good=23961, bad=194, missed=3091, trie_nodes=1881, objective=0.989586
/home/dev/hyph-bench/.venv/lib/python3.13/site-packages/sklearn/gaussian_process/kernels.py:450: ConvergenceWarning: The optimal value found for dimension 4 of parameter k1__length_scale is close to the specified upper bound 1000.0. Increasing the bound and calling fit again may find a better value.
  warnings.warn(
/home/dev/hyph-bench/.venv/lib/python3.13/site-packages/sklearn/gaussian_process/kernels.py:440: ConvergenceWarning: The optimal value found for dimension 0 of parameter k2__noise_level is close to the specified lower bound 0.0001. Decreasing the bound and calling fit again may find a better value.
  warnings.warn(
  Tested: weights=('1/2', '30', '1/5', '1'), thresholds=(6, 8, 11, 28)
  validation: F_1/7=0.949984, good=26535, bad=1415, missed=517, trie_nodes=2527, objective=0.949972
/home/dev/hyph-bench/.venv/lib/python3.13/site-packages/sklearn/gaussian_process/kernels.py:450: ConvergenceWarning: The optimal value found for dimension 4 of parameter k1__length_scale is close to the specified upper bound 1000.0. Increasing the bound and calling fit again may find a better value.
  warnings.warn(
/home/dev/hyph-bench/.venv/lib/python3.13/site-packages/sklearn/gaussian_process/kernels.py:440: ConvergenceWarning: The optimal value found for dimension 0 of parameter k2__noise_level is close to the specified lower bound 0.0001. Decreasing the bound and calling fit again may find a better value.
  warnings.warn(
  Tested: weights=('29', '27', '29', '28'), thresholds=(33, 4, 8, 4)
  validation: F_1/7=0.988126, good=24551, bad=250, missed=2501, trie_nodes=3958, objective=0.988107
/home/dev/hyph-bench/.venv/lib/python3.13/site-packages/sklearn/gaussian_process/kernels.py:450: ConvergenceWarning: The optimal value found for dimension 4 of parameter k1__length_scale is close to the specified upper bound 1000.0. Increasing the bound and calling fit again may find a better value.
  warnings.warn(
/home/dev/hyph-bench/.venv/lib/python3.13/site-packages/sklearn/gaussian_process/kernels.py:440: ConvergenceWarning: The optimal value found for dimension 0 of parameter k2__noise_level is close to the specified lower bound 0.0001. Decreasing the bound and calling fit again may find a better value.
  warnings.warn(
  Tested: weights=('1/5', '1/2', '30', '1'), thresholds=(11, 1, 38, 4)
  validation: F_1/7=0.988779, good=23511, bad=200, missed=3541, trie_nodes=3833, objective=0.988760
  Best so far: weights=('30', '1/4', '27', '1/5'), thresholds=(22, 21, 40, 3), score=0.991834, elapsed=355.1s

============================================================
Iteration 22/30
/home/dev/hyph-bench/.venv/lib/python3.13/site-packages/sklearn/gaussian_process/kernels.py:450: ConvergenceWarning: The optimal value found for dimension 4 of parameter k1__length_scale is close to the specified upper bound 1000.0. Increasing the bound and calling fit again may find a better value.
  warnings.warn(
/home/dev/hyph-bench/.venv/lib/python3.13/site-packages/sklearn/gaussian_process/kernels.py:440: ConvergenceWarning: The optimal value found for dimension 0 of parameter k2__noise_level is close to the specified lower bound 0.0001. Decreasing the bound and calling fit again may find a better value.
  warnings.warn(
  Tested: weights=('30', '1/4', '27', '26'), thresholds=(18, 39, 40, 9)
  validation: F_1/7=0.988359, good=23070, bad=196, missed=3982, trie_nodes=2075, objective=0.988349
/home/dev/hyph-bench/.venv/lib/python3.13/site-packages/sklearn/gaussian_process/kernels.py:440: ConvergenceWarning: The optimal value found for dimension 0 of parameter k2__noise_level is close to the specified lower bound 0.0001. Decreasing the bound and calling fit again may find a better value.
  warnings.warn(
  Tested: weights=('24', '28', '14', '1/2'), thresholds=(1, 6, 9, 40)
  validation: F_1/7=0.978853, good=25842, bad=545, missed=1210, trie_nodes=11848, objective=0.978796
/home/dev/hyph-bench/.venv/lib/python3.13/site-packages/sklearn/gaussian_process/kernels.py:440: ConvergenceWarning: The optimal value found for dimension 0 of parameter k2__noise_level is close to the specified lower bound 0.0001. Decreasing the bound and calling fit again may find a better value.
  warnings.warn(
  Tested: weights=('2', '6', '1/3', '1/5'), thresholds=(38, 13, 36, 22)
  validation: F_1/7=0.983815, good=24360, bad=354, missed=2692, trie_nodes=1543, objective=0.983807
/home/dev/hyph-bench/.venv/lib/python3.13/site-packages/sklearn/gaussian_process/kernels.py:440: ConvergenceWarning: The optimal value found for dimension 0 of parameter k2__noise_level is close to the specified lower bound 0.0001. Decreasing the bound and calling fit again may find a better value.
  warnings.warn(
  Tested: weights=('5', '1/4', '30', '5'), thresholds=(10, 8, 9, 4)
  validation: F_1/7=0.988127, good=25225, bad=272, missed=1827, trie_nodes=2941, objective=0.988113
/home/dev/hyph-bench/.venv/lib/python3.13/site-packages/sklearn/gaussian_process/kernels.py:450: ConvergenceWarning: The optimal value found for dimension 4 of parameter k1__length_scale is close to the specified upper bound 1000.0. Increasing the bound and calling fit again may find a better value.
  warnings.warn(
/home/dev/hyph-bench/.venv/lib/python3.13/site-packages/sklearn/gaussian_process/kernels.py:440: ConvergenceWarning: The optimal value found for dimension 0 of parameter k2__noise_level is close to the specified lower bound 0.0001. Decreasing the bound and calling fit again may find a better value.
  warnings.warn(
  Tested: weights=('26', '25', '2', '10'), thresholds=(41, 30, 6, 3)
  validation: F_1/7=0.976759, good=26228, bad=620, missed=824, trie_nodes=3486, objective=0.976742
  Best so far: weights=('30', '1/4', '27', '1/5'), thresholds=(22, 21, 40, 3), score=0.991834, elapsed=375.1s

============================================================
Iteration 23/30
/home/dev/hyph-bench/.venv/lib/python3.13/site-packages/sklearn/gaussian_process/kernels.py:440: ConvergenceWarning: The optimal value found for dimension 0 of parameter k2__noise_level is close to the specified lower bound 0.0001. Decreasing the bound and calling fit again may find a better value.
  warnings.warn(
  Tested: weights=('29', '3', '30', '27'), thresholds=(26, 32, 11, 42)
  validation: F_1/7=0.985915, good=24069, bad=290, missed=2983, trie_nodes=2991, objective=0.985900
/home/dev/hyph-bench/.venv/lib/python3.13/site-packages/sklearn/gaussian_process/kernels.py:450: ConvergenceWarning: The optimal value found for dimension 4 of parameter k1__length_scale is close to the specified upper bound 1000.0. Increasing the bound and calling fit again may find a better value.
  warnings.warn(
/home/dev/hyph-bench/.venv/lib/python3.13/site-packages/sklearn/gaussian_process/kernels.py:440: ConvergenceWarning: The optimal value found for dimension 0 of parameter k2__noise_level is close to the specified lower bound 0.0001. Decreasing the bound and calling fit again may find a better value.
  warnings.warn(
  Tested: weights=('30', '13', '1', '27'), thresholds=(2, 39, 42, 3)
  validation: F_1/7=0.982388, good=25789, bad=446, missed=1263, trie_nodes=8921, objective=0.982345
/home/dev/hyph-bench/.venv/lib/python3.13/site-packages/sklearn/gaussian_process/kernels.py:440: ConvergenceWarning: The optimal value found for dimension 0 of parameter k2__noise_level is close to the specified lower bound 0.0001. Decreasing the bound and calling fit again may find a better value.
  warnings.warn(
  Tested: weights=('26', '20', '13', '30'), thresholds=(37, 2, 1, 5)
  validation: F_1/7=0.976641, good=26288, bad=626, missed=764, trie_nodes=16670, objective=0.976561
/home/dev/hyph-bench/.venv/lib/python3.13/site-packages/sklearn/gaussian_process/kernels.py:440: ConvergenceWarning: The optimal value found for dimension 0 of parameter k2__noise_level is close to the specified lower bound 0.0001. Decreasing the bound and calling fit again may find a better value.
  warnings.warn(
  Tested: weights=('15', '23', '22', '2'), thresholds=(11, 2, 41, 3)
  validation: F_1/7=0.986842, good=24522, bad=282, missed=2530, trie_nodes=3341, objective=0.986826
/home/dev/hyph-bench/.venv/lib/python3.13/site-packages/sklearn/gaussian_process/kernels.py:440: ConvergenceWarning: The optimal value found for dimension 0 of parameter k2__noise_level is close to the specified lower bound 0.0001. Decreasing the bound and calling fit again may find a better value.
  warnings.warn(
  Tested: weights=('3', '11', '1/4', '1/5'), thresholds=(40, 28, 15, 17)
  validation: F_1/7=0.984999, good=22729, bad=265, missed=4323, trie_nodes=1555, objective=0.984991
  Best so far: weights=('30', '1/4', '27', '1/5'), thresholds=(22, 21, 40, 3), score=0.991834, elapsed=392.2s

============================================================
Iteration 24/30
/home/dev/hyph-bench/.venv/lib/python3.13/site-packages/sklearn/gaussian_process/kernels.py:440: ConvergenceWarning: The optimal value found for dimension 0 of parameter k2__noise_level is close to the specified lower bound 0.0001. Decreasing the bound and calling fit again may find a better value.
  warnings.warn(
  Tested: weights=('30', '25', '25', '27'), thresholds=(39, 37, 32, 33)
  validation: F_1/7=0.985573, good=22042, bad=227, missed=5010, trie_nodes=1447, objective=0.985566
/home/dev/hyph-bench/.venv/lib/python3.13/site-packages/sklearn/gaussian_process/kernels.py:440: ConvergenceWarning: The optimal value found for dimension 0 of parameter k2__noise_level is close to the specified lower bound 0.0001. Decreasing the bound and calling fit again may find a better value.
  warnings.warn(
  Tested: weights=('1/2', '30', '28', '7'), thresholds=(6, 3, 30, 32)
  validation: F_1/7=0.953438, good=26695, bad=1323, missed=357, trie_nodes=5697, objective=0.953410
/home/dev/hyph-bench/.venv/lib/python3.13/site-packages/sklearn/gaussian_process/kernels.py:440: ConvergenceWarning: The optimal value found for dimension 0 of parameter k2__noise_level is close to the specified lower bound 0.0001. Decreasing the bound and calling fit again may find a better value.
  warnings.warn(
  Tested: weights=('13', '1/5', '18', '1'), thresholds=(24, 7, 23, 4)
  validation: F_1/7=0.990214, good=23517, bad=165, missed=3535, trie_nodes=2043, objective=0.990205
/home/dev/hyph-bench/.venv/lib/python3.13/site-packages/sklearn/gaussian_process/kernels.py:440: ConvergenceWarning: The optimal value found for dimension 0 of parameter k2__noise_level is close to the specified lower bound 0.0001. Decreasing the bound and calling fit again may find a better value.
  warnings.warn(
  Tested: weights=('7', '12', '1/4', '1/5'), thresholds=(4, 40, 35, 42)
  validation: F_1/7=0.981923, good=23424, bad=366, missed=3628, trie_nodes=3054, objective=0.981908
/home/dev/hyph-bench/.venv/lib/python3.13/site-packages/sklearn/gaussian_process/kernels.py:440: ConvergenceWarning: The optimal value found for dimension 0 of parameter k2__noise_level is close to the specified lower bound 0.0001. Decreasing the bound and calling fit again may find a better value.
  warnings.warn(
  Tested: weights=('30', '23', '1', '21'), thresholds=(12, 1, 2, 20)
  validation: F_1/7=0.958267, good=26556, bad=1170, missed=496, trie_nodes=6095, objective=0.958238
  Best so far: weights=('30', '1/4', '27', '1/5'), thresholds=(22, 21, 40, 3), score=0.991834, elapsed=412.9s

============================================================
Iteration 25/30
/home/dev/hyph-bench/.venv/lib/python3.13/site-packages/sklearn/gaussian_process/kernels.py:440: ConvergenceWarning: The optimal value found for dimension 0 of parameter k2__noise_level is close to the specified lower bound 0.0001. Decreasing the bound and calling fit again may find a better value.
  warnings.warn(
  Tested: weights=('28', '26', '13', '1/2'), thresholds=(41, 41, 1, 36)
  validation: F_1/7=0.973991, good=26294, bad=701, missed=758, trie_nodes=16477, objective=0.973912
/home/dev/hyph-bench/.venv/lib/python3.13/site-packages/sklearn/gaussian_process/kernels.py:440: ConvergenceWarning: The optimal value found for dimension 0 of parameter k2__noise_level is close to the specified lower bound 0.0001. Decreasing the bound and calling fit again may find a better value.
  warnings.warn(
  Tested: weights=('29', '1/3', '14', '1/5'), thresholds=(8, 7, 26, 35)
  validation: F_1/7=0.989782, good=24274, bad=199, missed=2778, trie_nodes=3640, objective=0.989765
/home/dev/hyph-bench/.venv/lib/python3.13/site-packages/sklearn/gaussian_process/kernels.py:440: ConvergenceWarning: The optimal value found for dimension 0 of parameter k2__noise_level is close to the specified lower bound 0.0001. Decreasing the bound and calling fit again may find a better value.
  warnings.warn(
  Tested: weights=('26', '1', '12', '20'), thresholds=(39, 42, 41, 1)
  validation: F_1/7=0.990025, good=22388, bad=135, missed=4664, trie_nodes=3621, objective=0.990007
/home/dev/hyph-bench/.venv/lib/python3.13/site-packages/sklearn/gaussian_process/kernels.py:440: ConvergenceWarning: The optimal value found for dimension 0 of parameter k2__noise_level is close to the specified lower bound 0.0001. Decreasing the bound and calling fit again may find a better value.
  warnings.warn(
  Tested: weights=('4', '29', '30', '29'), thresholds=(27, 37, 7, 5)
  validation: F_1/7=0.969705, good=26031, bad=809, missed=1021, trie_nodes=2773, objective=0.969692
/home/dev/hyph-bench/.venv/lib/python3.13/site-packages/sklearn/gaussian_process/kernels.py:440: ConvergenceWarning: The optimal value found for dimension 0 of parameter k2__noise_level is close to the specified lower bound 0.0001. Decreasing the bound and calling fit again may find a better value.
  warnings.warn(
  Tested: weights=('2', '1/2', '3', '1/4'), thresholds=(42, 6, 2, 5)
  validation: F_1/7=0.983902, good=25714, bad=402, missed=1338, trie_nodes=5513, objective=0.983875
  Best so far: weights=('30', '1/4', '27', '1/5'), thresholds=(22, 21, 40, 3), score=0.991834, elapsed=432.4s

============================================================
Iteration 26/30
/home/dev/hyph-bench/.venv/lib/python3.13/site-packages/sklearn/gaussian_process/kernels.py:440: ConvergenceWarning: The optimal value found for dimension 0 of parameter k2__noise_level is close to the specified lower bound 0.0001. Decreasing the bound and calling fit again may find a better value.
  warnings.warn(
  Tested: weights=('29', '17', '17', '1/4'), thresholds=(17, 25, 30, 39)
  validation: F_1/7=0.988164, good=23263, bad=207, missed=3789, trie_nodes=2160, objective=0.988154
/home/dev/hyph-bench/.venv/lib/python3.13/site-packages/sklearn/gaussian_process/kernels.py:440: ConvergenceWarning: The optimal value found for dimension 0 of parameter k2__noise_level is close to the specified lower bound 0.0001. Decreasing the bound and calling fit again may find a better value.
  warnings.warn(
  Tested: weights=('22', '25', '14', '30'), thresholds=(7, 40, 1, 24)
  validation: F_1/7=0.972401, good=26273, bad=745, missed=779, trie_nodes=16413, objective=0.972323
/home/dev/hyph-bench/.venv/lib/python3.13/site-packages/sklearn/gaussian_process/kernels.py:440: ConvergenceWarning: The optimal value found for dimension 0 of parameter k2__noise_level is close to the specified lower bound 0.0001. Decreasing the bound and calling fit again may find a better value.
  warnings.warn(
  Tested: weights=('11', '1/5', '12', '13'), thresholds=(39, 39, 42, 7)
  validation: F_1/7=0.984737, good=23191, bad=288, missed=3861, trie_nodes=1117, objective=0.984731
/home/dev/hyph-bench/.venv/lib/python3.13/site-packages/sklearn/gaussian_process/kernels.py:440: ConvergenceWarning: The optimal value found for dimension 0 of parameter k2__noise_level is close to the specified lower bound 0.0001. Decreasing the bound and calling fit again may find a better value.
  warnings.warn(
  Tested: weights=('22', '4', '1/5', '1/3'), thresholds=(3, 3, 5, 2)
  validation: F_1/7=0.989536, good=23914, bad=194, missed=3138, trie_nodes=9757, objective=0.989489
/home/dev/hyph-bench/.venv/lib/python3.13/site-packages/sklearn/gaussian_process/kernels.py:440: ConvergenceWarning: The optimal value found for dimension 0 of parameter k2__noise_level is close to the specified lower bound 0.0001. Decreasing the bound and calling fit again may find a better value.
  warnings.warn(
  Tested: weights=('1/4', '26', '20', '26'), thresholds=(33, 5, 7, 2)
  validation: F_1/7=0.962543, good=26633, bad=1049, missed=419, trie_nodes=8555, objective=0.962502
  Best so far: weights=('30', '1/4', '27', '1/5'), thresholds=(22, 21, 40, 3), score=0.991834, elapsed=453.7s

============================================================
Iteration 27/30
/home/dev/hyph-bench/.venv/lib/python3.13/site-packages/sklearn/gaussian_process/kernels.py:440: ConvergenceWarning: The optimal value found for dimension 0 of parameter k2__noise_level is close to the specified lower bound 0.0001. Decreasing the bound and calling fit again may find a better value.
  warnings.warn(
  Tested: weights=('30', '24', '14', '30'), thresholds=(6, 3, 38, 38)
  validation: F_1/7=0.988370, good=24559, bad=244, missed=2493, trie_nodes=4411, objective=0.988349
/home/dev/hyph-bench/.venv/lib/python3.13/site-packages/sklearn/gaussian_process/kernels.py:440: ConvergenceWarning: The optimal value found for dimension 0 of parameter k2__noise_level is close to the specified lower bound 0.0001. Decreasing the bound and calling fit again may find a better value.
  warnings.warn(
  Tested: weights=('2', '1/4', '30', '21'), thresholds=(39, 1, 6, 37)
  validation: F_1/7=0.989151, good=24971, bad=237, missed=2081, trie_nodes=5358, objective=0.989125
/home/dev/hyph-bench/.venv/lib/python3.13/site-packages/sklearn/gaussian_process/kernels.py:440: ConvergenceWarning: The optimal value found for dimension 0 of parameter k2__noise_level is close to the specified lower bound 0.0001. Decreasing the bound and calling fit again may find a better value.
  warnings.warn(
  Tested: weights=('28', '1/2', '11', '4'), thresholds=(1, 39, 29, 4)
  validation: F_1/7=0.980862, good=25673, bad=483, missed=1379, trie_nodes=12179, objective=0.980803
/home/dev/hyph-bench/.venv/lib/python3.13/site-packages/sklearn/gaussian_process/kernels.py:440: ConvergenceWarning: The optimal value found for dimension 0 of parameter k2__noise_level is close to the specified lower bound 0.0001. Decreasing the bound and calling fit again may find a better value.
  warnings.warn(
  Tested: weights=('22', '23', '30', '18'), thresholds=(30, 35, 1, 1)
  validation: F_1/7=0.979571, good=26196, bad=540, missed=856, trie_nodes=19041, objective=0.979480
/home/dev/hyph-bench/.venv/lib/python3.13/site-packages/sklearn/gaussian_process/kernels.py:440: ConvergenceWarning: The optimal value found for dimension 0 of parameter k2__noise_level is close to the specified lower bound 0.0001. Decreasing the bound and calling fit again may find a better value.
  warnings.warn(
  Tested: weights=('5', '28', '2', '1/5'), thresholds=(42, 11, 23, 7)
  validation: F_1/7=0.988215, good=24191, bad=236, missed=2861, trie_nodes=2297, objective=0.988204
  Best so far: weights=('30', '1/4', '27', '1/5'), thresholds=(22, 21, 40, 3), score=0.991834, elapsed=475.3s

============================================================
Iteration 28/30
/home/dev/hyph-bench/.venv/lib/python3.13/site-packages/sklearn/gaussian_process/kernels.py:440: ConvergenceWarning: The optimal value found for dimension 0 of parameter k2__noise_level is close to the specified lower bound 0.0001. Decreasing the bound and calling fit again may find a better value.
  warnings.warn(
  Tested: weights=('17', '1/5', '14', '28'), thresholds=(11, 2, 42, 34)
  validation: F_1/7=0.991752, good=23848, bad=137, missed=3204, trie_nodes=3586, objective=0.991735
/home/dev/hyph-bench/.venv/lib/python3.13/site-packages/sklearn/gaussian_process/kernels.py:440: ConvergenceWarning: The optimal value found for dimension 0 of parameter k2__noise_level is close to the specified lower bound 0.0001. Decreasing the bound and calling fit again may find a better value.
  warnings.warn(
  Tested: weights=('23', '30', '30', '27'), thresholds=(33, 35, 38, 41)
  validation: F_1/7=0.982690, good=22434, bad=309, missed=4618, trie_nodes=1350, objective=0.982683
  Tested: weights=('30', '9', '6', '30'), thresholds=(2, 18, 7, 2)
  validation: F_1/7=0.984022, good=25748, bad=400, missed=1304, trie_nodes=9285, objective=0.983978
/home/dev/hyph-bench/.venv/lib/python3.13/site-packages/sklearn/gaussian_process/kernels.py:440: ConvergenceWarning: The optimal value found for dimension 0 of parameter k2__noise_level is close to the specified lower bound 0.0001. Decreasing the bound and calling fit again may find a better value.
  warnings.warn(
  Tested: weights=('26', '13', '28', '1/5'), thresholds=(37, 38, 3, 4)
  validation: F_1/7=0.988592, good=25264, bad=261, missed=1788, trie_nodes=9005, objective=0.988549
/home/dev/hyph-bench/.venv/lib/python3.13/site-packages/sklearn/gaussian_process/kernels.py:440: ConvergenceWarning: The optimal value found for dimension 0 of parameter k2__noise_level is close to the specified lower bound 0.0001. Decreasing the bound and calling fit again may find a better value.
  warnings.warn(
  Tested: weights=('1/2', '30', '1/3', '1/5'), thresholds=(21, 10, 22, 1)
  validation: F_1/7=0.990858, good=23139, bad=138, missed=3913, trie_nodes=4304, objective=0.990837
  Best so far: weights=('30', '1/4', '27', '1/5'), thresholds=(22, 21, 40, 3), score=0.991834, elapsed=494.4s

============================================================
Iteration 29/30
/home/dev/hyph-bench/.venv/lib/python3.13/site-packages/sklearn/gaussian_process/kernels.py:440: ConvergenceWarning: The optimal value found for dimension 0 of parameter k2__noise_level is close to the specified lower bound 0.0001. Decreasing the bound and calling fit again may find a better value.
  warnings.warn(
  Tested: weights=('13', '2', '17', '21'), thresholds=(36, 1, 42, 38)
  validation: F_1/7=0.989547, good=23217, bad=172, missed=3835, trie_nodes=3590, objective=0.989529
/home/dev/hyph-bench/.venv/lib/python3.13/site-packages/sklearn/gaussian_process/kernels.py:440: ConvergenceWarning: The optimal value found for dimension 0 of parameter k2__noise_level is close to the specified lower bound 0.0001. Decreasing the bound and calling fit again may find a better value.
  warnings.warn(
  Tested: weights=('30', '18', '27', '27'), thresholds=(1, 9, 14, 31)
  validation: F_1/7=0.979641, good=25690, bad=517, missed=1362, trie_nodes=12457, objective=0.979581
/home/dev/hyph-bench/.venv/lib/python3.13/site-packages/sklearn/gaussian_process/kernels.py:440: ConvergenceWarning: The optimal value found for dimension 0 of parameter k2__noise_level is close to the specified lower bound 0.0001. Decreasing the bound and calling fit again may find a better value.
  warnings.warn(
  Tested: weights=('6', '1/5', '28', '1/4'), thresholds=(31, 41, 9, 25)
  validation: F_1/7=0.983885, good=25136, bad=381, missed=1916, trie_nodes=2271, objective=0.983874
/home/dev/hyph-bench/.venv/lib/python3.13/site-packages/sklearn/gaussian_process/kernels.py:440: ConvergenceWarning: The optimal value found for dimension 0 of parameter k2__noise_level is close to the specified lower bound 0.0001. Decreasing the bound and calling fit again may find a better value.
  warnings.warn(
  Tested: weights=('26', '30', '8', '1/3'), thresholds=(7, 27, 22, 1)
  validation: F_1/7=0.991340, good=24387, bad=163, missed=2665, trie_nodes=5027, objective=0.991316
/home/dev/hyph-bench/.venv/lib/python3.13/site-packages/sklearn/gaussian_process/kernels.py:440: ConvergenceWarning: The optimal value found for dimension 0 of parameter k2__noise_level is close to the specified lower bound 0.0001. Decreasing the bound and calling fit again may find a better value.
  warnings.warn(
  Tested: weights=('1/5', '1/5', '8', '29'), thresholds=(1, 38, 23, 8)
  validation: F_1/7=0.976616, good=24667, bad=554, missed=2385, trie_nodes=1902, objective=0.976607
  Best so far: weights=('30', '1/4', '27', '1/5'), thresholds=(22, 21, 40, 3), score=0.991834, elapsed=519.6s

============================================================
Iteration 30/30
/home/dev/hyph-bench/.venv/lib/python3.13/site-packages/sklearn/gaussian_process/kernels.py:440: ConvergenceWarning: The optimal value found for dimension 0 of parameter k2__noise_level is close to the specified lower bound 0.0001. Decreasing the bound and calling fit again may find a better value.
  warnings.warn(
  Tested: weights=('15', '21', '27', '28'), thresholds=(41, 5, 41, 41)
  validation: F_1/7=0.982509, good=22945, bad=333, missed=4107, trie_nodes=1403, objective=0.982502
/home/dev/hyph-bench/.venv/lib/python3.13/site-packages/sklearn/gaussian_process/kernels.py:440: ConvergenceWarning: The optimal value found for dimension 0 of parameter k2__noise_level is close to the specified lower bound 0.0001. Decreasing the bound and calling fit again may find a better value.
  warnings.warn(
  Tested: weights=('10', '1/4', '27', '9'), thresholds=(1, 1, 4, 36)
  validation: F_1/7=0.986315, good=25721, bad=337, missed=1331, trie_nodes=10672, objective=0.986264
/home/dev/hyph-bench/.venv/lib/python3.13/site-packages/sklearn/gaussian_process/kernels.py:440: ConvergenceWarning: The optimal value found for dimension 0 of parameter k2__noise_level is close to the specified lower bound 0.0001. Decreasing the bound and calling fit again may find a better value.
  warnings.warn(
  Tested: weights=('30', '14', '13', '17'), thresholds=(9, 8, 21, 2)
  validation: F_1/7=0.989725, good=24259, bad=200, missed=2793, trie_nodes=3802, objective=0.989706
/home/dev/hyph-bench/.venv/lib/python3.13/site-packages/sklearn/gaussian_process/kernels.py:440: ConvergenceWarning: The optimal value found for dimension 0 of parameter k2__noise_level is close to the specified lower bound 0.0001. Decreasing the bound and calling fit again may find a better value.
  warnings.warn(
  Tested: weights=('1/5', '1/4', '4', '1/5'), thresholds=(29, 33, 36, 29)
  validation: F_1/7=0.982068, good=24208, bad=393, missed=2844, trie_nodes=1207, objective=0.982062
/home/dev/hyph-bench/.venv/lib/python3.13/site-packages/sklearn/gaussian_process/kernels.py:440: ConvergenceWarning: The optimal value found for dimension 0 of parameter k2__noise_level is close to the specified lower bound 0.0001. Decreasing the bound and calling fit again may find a better value.
  warnings.warn(
  Tested: weights=('6', '30', '23', '4'), thresholds=(42, 24, 3, 8)
  validation: F_1/7=0.971371, good=26070, bad=764, missed=982, trie_nodes=4956, objective=0.971347
  Best so far: weights=('30', '1/4', '27', '1/5'), thresholds=(22, 21, 40, 3), score=0.991834, elapsed=547.2s

============================================================
Final exploitation: 3 evaluations
/home/dev/hyph-bench/.venv/lib/python3.13/site-packages/sklearn/gaussian_process/kernels.py:440: ConvergenceWarning: The optimal value found for dimension 0 of parameter k2__noise_level is close to the specified lower bound 0.0001. Decreasing the bound and calling fit again may find a better value.
  warnings.warn(
  Tested: weights=('20', '24', '16', '1/5'), thresholds=(27, 25, 38, 2)
  validation: F_1/7=0.991930, good=22608, bad=97, missed=4444, trie_nodes=2769, objective=0.991916
/home/dev/hyph-bench/.venv/lib/python3.13/site-packages/sklearn/gaussian_process/kernels.py:440: ConvergenceWarning: The optimal value found for dimension 0 of parameter k2__noise_level is close to the specified lower bound 0.0001. Decreasing the bound and calling fit again may find a better value.
  warnings.warn(
  Tested: weights=('23', '22', '19', '1/5'), thresholds=(12, 3, 41, 4)
  validation: F_1/7=0.992042, good=23819, bad=129, missed=3233, trie_nodes=3995, objective=0.992023
/home/dev/hyph-bench/.venv/lib/python3.13/site-packages/sklearn/gaussian_process/kernels.py:440: ConvergenceWarning: The optimal value found for dimension 0 of parameter k2__noise_level is close to the specified lower bound 0.0001. Decreasing the bound and calling fit again may find a better value.
  warnings.warn(
  Tested: weights=('11', '27', '23', '1/5'), thresholds=(16, 9, 27, 1)
  validation: F_1/7=0.991773, good=23589, bad=129, missed=3463, trie_nodes=3296, objective=0.991757

============================================================
Final per-level search complete
Selected weights: ('23', '22', '19', '1/5')
PATGEN good_wt: (1, 1, 1, 5); bad_wt: (23, 22, 19, 1); thresholds: (12, 3, 41, 4)
Held-out test: {'good': 23894, 'bad': 135, 'missed': 3252, 'train_good': 192235, 'train_bad': 7, 'train_missed': 23090, 'n_patterns': 2489, 'trie_nodes': 3995}
History: results/gpopt260828/cs/cshyphen_ujc/final_history.csv
Selected profile: results/gpopt260828/cs/cshyphen_ujc/selected_profile.json
