Proportional trie_normalizer for es/wiktionary: |D| = 816723
Objective: F17+Trie(w=0.0005)
Dataset: /home/dev/hyph-bench/data/es/wiktionary/es_wiktionary.wlh_dis.wlh
Split counts: train=653379, validation=81672, test=81672
Pattern ranges: [(1, 4), (2, 5), (2, 6), (2, 7)]
Search space (8-D): per-level weight in ('1/5', '1/4', '1/3', '1/2', '1', '2', '3', '4', '5', '6', '7', '8', '9', '10', '11', '12', '13', '14', '15', '16', '17', '18', '19', '20', '21', '22', '23', '24', '25', '26', '27', '28', '29', '30'); per-level threshold in [1,42]
Budget: 30 iterations x batch 5 = 150 evaluations

============================================================
Iteration 1/30
  Tested: weights=('1/4', '17', '29', '8'), thresholds=(22, 25, 27, 42)
  validation: F_1/7=0.827039, good=253006, bad=53712, missed=13698, trie_nodes=519, objective=0.827039
  Tested: weights=('25', '11', '4', '17'), thresholds=(39, 19, 23, 11)
  validation: F_1/7=0.984025, good=252878, bad=3907, missed=13826, trie_nodes=655, objective=0.984024
  Tested: weights=('7', '20', '20', '1/3'), thresholds=(22, 2, 24, 30)
  validation: F_1/7=0.974928, good=252902, bad=6355, missed=13802, trie_nodes=850, objective=0.974927
  Tested: weights=('14', '1/2', '21', '10'), thresholds=(9, 26, 2, 20)
  validation: F_1/7=0.983461, good=253000, bad=4062, missed=13704, trie_nodes=960, objective=0.983460
  Tested: weights=('24', '12', '11', '1/3'), thresholds=(37, 7, 21, 9)
  validation: F_1/7=0.984224, good=252881, bad=3854, missed=13823, trie_nodes=743, objective=0.984224
  Best so far: weights=('24', '12', '11', '1/3'), thresholds=(37, 7, 21, 9), score=0.984224, elapsed=63.5s

============================================================
Iteration 2/30
  Tested: weights=('21', '29', '1/4', '15'), thresholds=(20, 42, 41, 42)
  validation: F_1/7=0.983304, good=252951, bad=4102, missed=13753, trie_nodes=673, objective=0.983303
  Tested: weights=('1', '22', '24', '1/4'), thresholds=(6, 9, 33, 41)
  validation: F_1/7=0.843060, good=252996, bad=47778, missed=13708, trie_nodes=597, objective=0.843059
  Tested: weights=('22', '11', '6', '18'), thresholds=(40, 25, 15, 13)
  validation: F_1/7=0.983841, good=252909, bad=3957, missed=13795, trie_nodes=676, objective=0.983841
  Tested: weights=('5', '1/5', '28', '29'), thresholds=(2, 2, 5, 10)
  validation: F_1/7=0.970441, good=252948, bad=7581, missed=13756, trie_nodes=1409, objective=0.970441
  Tested: weights=('26', '28', '28', '28'), thresholds=(26, 1, 42, 2)
  validation: F_1/7=0.984305, good=252813, bad=3830, missed=13891, trie_nodes=1275, objective=0.984304
  Best so far: weights=('26', '28', '28', '28'), thresholds=(26, 1, 42, 2), score=0.984304, elapsed=126.7s

============================================================
Iteration 3/30
  Tested: weights=('2', '17', '18', '1'), thresholds=(22, 7, 26, 25)
  validation: F_1/7=0.925163, good=252948, bad=20598, missed=13756, trie_nodes=604, objective=0.925162
  Tested: weights=('29', '2', '1/3', '29'), thresholds=(7, 41, 35, 3)
  validation: F_1/7=0.984284, good=252965, bad=3841, missed=13739, trie_nodes=872, objective=0.984284
  Tested: weights=('29', '27', '30', '18'), thresholds=(42, 30, 5, 41)
  validation: F_1/7=0.983896, good=252952, bad=3944, missed=13752, trie_nodes=837, objective=0.983896
  Tested: weights=('1/4', '1/5', '5', '18'), thresholds=(40, 27, 9, 7)
  validation: F_1/7=0.975397, good=252978, bad=6231, missed=13726, trie_nodes=756, objective=0.975397
  Tested: weights=('3', '29', '1/5', '15'), thresholds=(3, 39, 12, 30)
  validation: F_1/7=0.966353, good=253014, bad=8710, missed=13690, trie_nodes=712, objective=0.966352
  Best so far: weights=('26', '28', '28', '28'), thresholds=(26, 1, 42, 2), score=0.984304, elapsed=191.0s

============================================================
Iteration 4/30
  Tested: weights=('1', '1/5', '22', '6'), thresholds=(15, 32, 42, 24)
  validation: F_1/7=0.975357, good=252827, bad=6235, missed=13877, trie_nodes=678, objective=0.975357
/home/dev/hyph-bench/.venv/lib/python3.13/site-packages/sklearn/gaussian_process/kernels.py:450: ConvergenceWarning: The optimal value found for dimension 3 of parameter k1__length_scale is close to the specified upper bound 1000.0. Increasing the bound and calling fit again may find a better value.
  warnings.warn(
/home/dev/hyph-bench/.venv/lib/python3.13/site-packages/sklearn/gaussian_process/kernels.py:450: ConvergenceWarning: The optimal value found for dimension 4 of parameter k1__length_scale is close to the specified upper bound 1000.0. Increasing the bound and calling fit again may find a better value.
  warnings.warn(
/home/dev/hyph-bench/.venv/lib/python3.13/site-packages/sklearn/gaussian_process/kernels.py:450: ConvergenceWarning: The optimal value found for dimension 5 of parameter k1__length_scale is close to the specified upper bound 1000.0. Increasing the bound and calling fit again may find a better value.
  warnings.warn(
/home/dev/hyph-bench/.venv/lib/python3.13/site-packages/sklearn/gaussian_process/kernels.py:450: ConvergenceWarning: The optimal value found for dimension 6 of parameter k1__length_scale is close to the specified upper bound 1000.0. Increasing the bound and calling fit again may find a better value.
  warnings.warn(
/home/dev/hyph-bench/.venv/lib/python3.13/site-packages/sklearn/gaussian_process/kernels.py:450: ConvergenceWarning: The optimal value found for dimension 7 of parameter k1__length_scale is close to the specified upper bound 1000.0. Increasing the bound and calling fit again may find a better value.
  warnings.warn(
/home/dev/hyph-bench/.venv/lib/python3.13/site-packages/sklearn/gaussian_process/kernels.py:440: ConvergenceWarning: The optimal value found for dimension 0 of parameter k2__noise_level is close to the specified lower bound 0.0001. Decreasing the bound and calling fit again may find a better value.
  warnings.warn(
  Tested: weights=('21', '11', '9', '1/4'), thresholds=(38, 9, 23, 13)
  validation: F_1/7=0.984102, good=252865, bad=3886, missed=13839, trie_nodes=728, objective=0.984101
/home/dev/hyph-bench/.venv/lib/python3.13/site-packages/sklearn/gaussian_process/kernels.py:450: ConvergenceWarning: The optimal value found for dimension 1 of parameter k1__length_scale is close to the specified upper bound 1000.0. Increasing the bound and calling fit again may find a better value.
  warnings.warn(
/home/dev/hyph-bench/.venv/lib/python3.13/site-packages/sklearn/gaussian_process/kernels.py:450: ConvergenceWarning: The optimal value found for dimension 2 of parameter k1__length_scale is close to the specified upper bound 1000.0. Increasing the bound and calling fit again may find a better value.
  warnings.warn(
/home/dev/hyph-bench/.venv/lib/python3.13/site-packages/sklearn/gaussian_process/kernels.py:450: ConvergenceWarning: The optimal value found for dimension 3 of parameter k1__length_scale is close to the specified upper bound 1000.0. Increasing the bound and calling fit again may find a better value.
  warnings.warn(
/home/dev/hyph-bench/.venv/lib/python3.13/site-packages/sklearn/gaussian_process/kernels.py:450: ConvergenceWarning: The optimal value found for dimension 4 of parameter k1__length_scale is close to the specified upper bound 1000.0. Increasing the bound and calling fit again may find a better value.
  warnings.warn(
/home/dev/hyph-bench/.venv/lib/python3.13/site-packages/sklearn/gaussian_process/kernels.py:450: ConvergenceWarning: The optimal value found for dimension 7 of parameter k1__length_scale is close to the specified upper bound 1000.0. Increasing the bound and calling fit again may find a better value.
  warnings.warn(
/home/dev/hyph-bench/.venv/lib/python3.13/site-packages/sklearn/gaussian_process/kernels.py:440: ConvergenceWarning: The optimal value found for dimension 0 of parameter k2__noise_level is close to the specified lower bound 0.0001. Decreasing the bound and calling fit again may find a better value.
  warnings.warn(
  Tested: weights=('1/4', '28', '1/3', '19'), thresholds=(1, 5, 37, 1)
  validation: F_1/7=0.827463, good=253001, bad=53551, missed=13703, trie_nodes=1628, objective=0.827462
/home/dev/hyph-bench/.venv/lib/python3.13/site-packages/sklearn/gaussian_process/kernels.py:450: ConvergenceWarning: The optimal value found for dimension 1 of parameter k1__length_scale is close to the specified upper bound 1000.0. Increasing the bound and calling fit again may find a better value.
  warnings.warn(
/home/dev/hyph-bench/.venv/lib/python3.13/site-packages/sklearn/gaussian_process/kernels.py:450: ConvergenceWarning: The optimal value found for dimension 2 of parameter k1__length_scale is close to the specified upper bound 1000.0. Increasing the bound and calling fit again may find a better value.
  warnings.warn(
/home/dev/hyph-bench/.venv/lib/python3.13/site-packages/sklearn/gaussian_process/kernels.py:450: ConvergenceWarning: The optimal value found for dimension 3 of parameter k1__length_scale is close to the specified upper bound 1000.0. Increasing the bound and calling fit again may find a better value.
  warnings.warn(
/home/dev/hyph-bench/.venv/lib/python3.13/site-packages/sklearn/gaussian_process/kernels.py:450: ConvergenceWarning: The optimal value found for dimension 4 of parameter k1__length_scale is close to the specified upper bound 1000.0. Increasing the bound and calling fit again may find a better value.
  warnings.warn(
/home/dev/hyph-bench/.venv/lib/python3.13/site-packages/sklearn/gaussian_process/kernels.py:450: ConvergenceWarning: The optimal value found for dimension 7 of parameter k1__length_scale is close to the specified upper bound 1000.0. Increasing the bound and calling fit again may find a better value.
  warnings.warn(
/home/dev/hyph-bench/.venv/lib/python3.13/site-packages/sklearn/gaussian_process/kernels.py:440: ConvergenceWarning: The optimal value found for dimension 0 of parameter k2__noise_level is close to the specified lower bound 0.0001. Decreasing the bound and calling fit again may find a better value.
  warnings.warn(
  Tested: weights=('6', '30', '29', '24'), thresholds=(7, 40, 2, 35)
  validation: F_1/7=0.974247, good=253008, bad=6545, missed=13696, trie_nodes=828, objective=0.974246
/home/dev/hyph-bench/.venv/lib/python3.13/site-packages/sklearn/gaussian_process/kernels.py:450: ConvergenceWarning: The optimal value found for dimension 3 of parameter k1__length_scale is close to the specified upper bound 1000.0. Increasing the bound and calling fit again may find a better value.
  warnings.warn(
/home/dev/hyph-bench/.venv/lib/python3.13/site-packages/sklearn/gaussian_process/kernels.py:450: ConvergenceWarning: The optimal value found for dimension 4 of parameter k1__length_scale is close to the specified upper bound 1000.0. Increasing the bound and calling fit again may find a better value.
  warnings.warn(
/home/dev/hyph-bench/.venv/lib/python3.13/site-packages/sklearn/gaussian_process/kernels.py:450: ConvergenceWarning: The optimal value found for dimension 5 of parameter k1__length_scale is close to the specified upper bound 1000.0. Increasing the bound and calling fit again may find a better value.
  warnings.warn(
/home/dev/hyph-bench/.venv/lib/python3.13/site-packages/sklearn/gaussian_process/kernels.py:450: ConvergenceWarning: The optimal value found for dimension 6 of parameter k1__length_scale is close to the specified upper bound 1000.0. Increasing the bound and calling fit again may find a better value.
  warnings.warn(
/home/dev/hyph-bench/.venv/lib/python3.13/site-packages/sklearn/gaussian_process/kernels.py:450: ConvergenceWarning: The optimal value found for dimension 7 of parameter k1__length_scale is close to the specified upper bound 1000.0. Increasing the bound and calling fit again may find a better value.
  warnings.warn(
/home/dev/hyph-bench/.venv/lib/python3.13/site-packages/sklearn/gaussian_process/kernels.py:440: ConvergenceWarning: The optimal value found for dimension 0 of parameter k2__noise_level is close to the specified lower bound 0.0001. Decreasing the bound and calling fit again may find a better value.
  warnings.warn(
  Tested: weights=('30', '3', '1/5', '28'), thresholds=(22, 40, 3, 4)
  validation: F_1/7=0.984019, good=253024, bad=3914, missed=13680, trie_nodes=1241, objective=0.984018
  Best so far: weights=('26', '28', '28', '28'), thresholds=(26, 1, 42, 2), score=0.984304, elapsed=255.6s

============================================================
Iteration 5/30
/home/dev/hyph-bench/.venv/lib/python3.13/site-packages/sklearn/gaussian_process/kernels.py:450: ConvergenceWarning: The optimal value found for dimension 0 of parameter k1__length_scale is close to the specified upper bound 1000.0. Increasing the bound and calling fit again may find a better value.
  warnings.warn(
/home/dev/hyph-bench/.venv/lib/python3.13/site-packages/sklearn/gaussian_process/kernels.py:450: ConvergenceWarning: The optimal value found for dimension 2 of parameter k1__length_scale is close to the specified upper bound 1000.0. Increasing the bound and calling fit again may find a better value.
  warnings.warn(
/home/dev/hyph-bench/.venv/lib/python3.13/site-packages/sklearn/gaussian_process/kernels.py:450: ConvergenceWarning: The optimal value found for dimension 3 of parameter k1__length_scale is close to the specified upper bound 1000.0. Increasing the bound and calling fit again may find a better value.
  warnings.warn(
/home/dev/hyph-bench/.venv/lib/python3.13/site-packages/sklearn/gaussian_process/kernels.py:450: ConvergenceWarning: The optimal value found for dimension 6 of parameter k1__length_scale is close to the specified upper bound 1000.0. Increasing the bound and calling fit again may find a better value.
  warnings.warn(
/home/dev/hyph-bench/.venv/lib/python3.13/site-packages/sklearn/gaussian_process/kernels.py:450: ConvergenceWarning: The optimal value found for dimension 7 of parameter k1__length_scale is close to the specified upper bound 1000.0. Increasing the bound and calling fit again may find a better value.
  warnings.warn(
/home/dev/hyph-bench/.venv/lib/python3.13/site-packages/sklearn/gaussian_process/kernels.py:440: ConvergenceWarning: The optimal value found for dimension 0 of parameter k2__noise_level is close to the specified lower bound 0.0001. Decreasing the bound and calling fit again may find a better value.
  warnings.warn(
  Tested: weights=('16', '28', '19', '1/3'), thresholds=(3, 19, 42, 39)
  validation: F_1/7=0.983354, good=252991, bad=4090, missed=13713, trie_nodes=884, objective=0.983354
/home/dev/hyph-bench/.venv/lib/python3.13/site-packages/sklearn/gaussian_process/kernels.py:450: ConvergenceWarning: The optimal value found for dimension 2 of parameter k1__length_scale is close to the specified upper bound 1000.0. Increasing the bound and calling fit again may find a better value.
  warnings.warn(
/home/dev/hyph-bench/.venv/lib/python3.13/site-packages/sklearn/gaussian_process/kernels.py:450: ConvergenceWarning: The optimal value found for dimension 3 of parameter k1__length_scale is close to the specified upper bound 1000.0. Increasing the bound and calling fit again may find a better value.
  warnings.warn(
/home/dev/hyph-bench/.venv/lib/python3.13/site-packages/sklearn/gaussian_process/kernels.py:450: ConvergenceWarning: The optimal value found for dimension 4 of parameter k1__length_scale is close to the specified upper bound 1000.0. Increasing the bound and calling fit again may find a better value.
  warnings.warn(
/home/dev/hyph-bench/.venv/lib/python3.13/site-packages/sklearn/gaussian_process/kernels.py:450: ConvergenceWarning: The optimal value found for dimension 5 of parameter k1__length_scale is close to the specified upper bound 1000.0. Increasing the bound and calling fit again may find a better value.
  warnings.warn(
/home/dev/hyph-bench/.venv/lib/python3.13/site-packages/sklearn/gaussian_process/kernels.py:440: ConvergenceWarning: The optimal value found for dimension 0 of parameter k2__noise_level is close to the specified lower bound 0.0001. Decreasing the bound and calling fit again may find a better value.
  warnings.warn(
  Tested: weights=('9', '28', '5', '30'), thresholds=(32, 20, 1, 42)
  validation: F_1/7=0.983088, good=253016, bad=4162, missed=13688, trie_nodes=1244, objective=0.983088
/home/dev/hyph-bench/.venv/lib/python3.13/site-packages/sklearn/gaussian_process/kernels.py:450: ConvergenceWarning: The optimal value found for dimension 3 of parameter k1__length_scale is close to the specified upper bound 1000.0. Increasing the bound and calling fit again may find a better value.
  warnings.warn(
/home/dev/hyph-bench/.venv/lib/python3.13/site-packages/sklearn/gaussian_process/kernels.py:450: ConvergenceWarning: The optimal value found for dimension 4 of parameter k1__length_scale is close to the specified upper bound 1000.0. Increasing the bound and calling fit again may find a better value.
  warnings.warn(
/home/dev/hyph-bench/.venv/lib/python3.13/site-packages/sklearn/gaussian_process/kernels.py:450: ConvergenceWarning: The optimal value found for dimension 5 of parameter k1__length_scale is close to the specified upper bound 1000.0. Increasing the bound and calling fit again may find a better value.
  warnings.warn(
/home/dev/hyph-bench/.venv/lib/python3.13/site-packages/sklearn/gaussian_process/kernels.py:450: ConvergenceWarning: The optimal value found for dimension 6 of parameter k1__length_scale is close to the specified upper bound 1000.0. Increasing the bound and calling fit again may find a better value.
  warnings.warn(
/home/dev/hyph-bench/.venv/lib/python3.13/site-packages/sklearn/gaussian_process/kernels.py:440: ConvergenceWarning: The optimal value found for dimension 0 of parameter k2__noise_level is close to the specified lower bound 0.0001. Decreasing the bound and calling fit again may find a better value.
  warnings.warn(
  Tested: weights=('21', '1', '27', '19'), thresholds=(17, 2, 2, 27)
  validation: F_1/7=0.984187, good=252992, bad=3868, missed=13712, trie_nodes=1109, objective=0.984186
/home/dev/hyph-bench/.venv/lib/python3.13/site-packages/sklearn/gaussian_process/kernels.py:450: ConvergenceWarning: The optimal value found for dimension 3 of parameter k1__length_scale is close to the specified upper bound 1000.0. Increasing the bound and calling fit again may find a better value.
  warnings.warn(
/home/dev/hyph-bench/.venv/lib/python3.13/site-packages/sklearn/gaussian_process/kernels.py:450: ConvergenceWarning: The optimal value found for dimension 4 of parameter k1__length_scale is close to the specified upper bound 1000.0. Increasing the bound and calling fit again may find a better value.
  warnings.warn(
/home/dev/hyph-bench/.venv/lib/python3.13/site-packages/sklearn/gaussian_process/kernels.py:450: ConvergenceWarning: The optimal value found for dimension 5 of parameter k1__length_scale is close to the specified upper bound 1000.0. Increasing the bound and calling fit again may find a better value.
  warnings.warn(
/home/dev/hyph-bench/.venv/lib/python3.13/site-packages/sklearn/gaussian_process/kernels.py:450: ConvergenceWarning: The optimal value found for dimension 6 of parameter k1__length_scale is close to the specified upper bound 1000.0. Increasing the bound and calling fit again may find a better value.
  warnings.warn(
/home/dev/hyph-bench/.venv/lib/python3.13/site-packages/sklearn/gaussian_process/kernels.py:440: ConvergenceWarning: The optimal value found for dimension 0 of parameter k2__noise_level is close to the specified lower bound 0.0001. Decreasing the bound and calling fit again may find a better value.
  warnings.warn(
  Tested: weights=('7', '9', '1/4', '21'), thresholds=(33, 35, 24, 1)
  validation: F_1/7=0.974947, good=252972, bad=6353, missed=13732, trie_nodes=1499, objective=0.974946
/home/dev/hyph-bench/.venv/lib/python3.13/site-packages/sklearn/gaussian_process/kernels.py:450: ConvergenceWarning: The optimal value found for dimension 3 of parameter k1__length_scale is close to the specified upper bound 1000.0. Increasing the bound and calling fit again may find a better value.
  warnings.warn(
/home/dev/hyph-bench/.venv/lib/python3.13/site-packages/sklearn/gaussian_process/kernels.py:450: ConvergenceWarning: The optimal value found for dimension 4 of parameter k1__length_scale is close to the specified upper bound 1000.0. Increasing the bound and calling fit again may find a better value.
  warnings.warn(
/home/dev/hyph-bench/.venv/lib/python3.13/site-packages/sklearn/gaussian_process/kernels.py:450: ConvergenceWarning: The optimal value found for dimension 5 of parameter k1__length_scale is close to the specified upper bound 1000.0. Increasing the bound and calling fit again may find a better value.
  warnings.warn(
/home/dev/hyph-bench/.venv/lib/python3.13/site-packages/sklearn/gaussian_process/kernels.py:450: ConvergenceWarning: The optimal value found for dimension 6 of parameter k1__length_scale is close to the specified upper bound 1000.0. Increasing the bound and calling fit again may find a better value.
  warnings.warn(
/home/dev/hyph-bench/.venv/lib/python3.13/site-packages/sklearn/gaussian_process/kernels.py:440: ConvergenceWarning: The optimal value found for dimension 0 of parameter k2__noise_level is close to the specified lower bound 0.0001. Decreasing the bound and calling fit again may find a better value.
  warnings.warn(
  Tested: weights=('22', '1/2', '1/4', '1/5'), thresholds=(2, 4, 30, 4)
  validation: F_1/7=0.984203, good=252862, bad=3859, missed=13842, trie_nodes=1491, objective=0.984202
  Best so far: weights=('26', '28', '28', '28'), thresholds=(26, 1, 42, 2), score=0.984304, elapsed=320.0s

============================================================
Iteration 6/30
/home/dev/hyph-bench/.venv/lib/python3.13/site-packages/sklearn/gaussian_process/kernels.py:450: ConvergenceWarning: The optimal value found for dimension 3 of parameter k1__length_scale is close to the specified upper bound 1000.0. Increasing the bound and calling fit again may find a better value.
  warnings.warn(
/home/dev/hyph-bench/.venv/lib/python3.13/site-packages/sklearn/gaussian_process/kernels.py:450: ConvergenceWarning: The optimal value found for dimension 4 of parameter k1__length_scale is close to the specified upper bound 1000.0. Increasing the bound and calling fit again may find a better value.
  warnings.warn(
/home/dev/hyph-bench/.venv/lib/python3.13/site-packages/sklearn/gaussian_process/kernels.py:450: ConvergenceWarning: The optimal value found for dimension 5 of parameter k1__length_scale is close to the specified upper bound 1000.0. Increasing the bound and calling fit again may find a better value.
  warnings.warn(
/home/dev/hyph-bench/.venv/lib/python3.13/site-packages/sklearn/gaussian_process/kernels.py:450: ConvergenceWarning: The optimal value found for dimension 6 of parameter k1__length_scale is close to the specified upper bound 1000.0. Increasing the bound and calling fit again may find a better value.
  warnings.warn(
/home/dev/hyph-bench/.venv/lib/python3.13/site-packages/sklearn/gaussian_process/kernels.py:450: ConvergenceWarning: The optimal value found for dimension 7 of parameter k1__length_scale is close to the specified upper bound 1000.0. Increasing the bound and calling fit again may find a better value.
  warnings.warn(
/home/dev/hyph-bench/.venv/lib/python3.13/site-packages/sklearn/gaussian_process/kernels.py:440: ConvergenceWarning: The optimal value found for dimension 0 of parameter k2__noise_level is close to the specified lower bound 0.0001. Decreasing the bound and calling fit again may find a better value.
  warnings.warn(
  Tested: weights=('30', '1/5', '4', '4'), thresholds=(25, 40, 7, 16)
  validation: F_1/7=0.984677, good=252954, bad=3736, missed=13750, trie_nodes=798, objective=0.984677
/home/dev/hyph-bench/.venv/lib/python3.13/site-packages/sklearn/gaussian_process/kernels.py:450: ConvergenceWarning: The optimal value found for dimension 3 of parameter k1__length_scale is close to the specified upper bound 1000.0. Increasing the bound and calling fit again may find a better value.
  warnings.warn(
/home/dev/hyph-bench/.venv/lib/python3.13/site-packages/sklearn/gaussian_process/kernels.py:450: ConvergenceWarning: The optimal value found for dimension 4 of parameter k1__length_scale is close to the specified upper bound 1000.0. Increasing the bound and calling fit again may find a better value.
  warnings.warn(
/home/dev/hyph-bench/.venv/lib/python3.13/site-packages/sklearn/gaussian_process/kernels.py:450: ConvergenceWarning: The optimal value found for dimension 5 of parameter k1__length_scale is close to the specified upper bound 1000.0. Increasing the bound and calling fit again may find a better value.
  warnings.warn(
/home/dev/hyph-bench/.venv/lib/python3.13/site-packages/sklearn/gaussian_process/kernels.py:450: ConvergenceWarning: The optimal value found for dimension 6 of parameter k1__length_scale is close to the specified upper bound 1000.0. Increasing the bound and calling fit again may find a better value.
  warnings.warn(
/home/dev/hyph-bench/.venv/lib/python3.13/site-packages/sklearn/gaussian_process/kernels.py:440: ConvergenceWarning: The optimal value found for dimension 0 of parameter k2__noise_level is close to the specified lower bound 0.0001. Decreasing the bound and calling fit again may find a better value.
  warnings.warn(
  Tested: weights=('15', '13', '29', '30'), thresholds=(37, 39, 2, 39)
  validation: F_1/7=0.983074, good=252996, bad=4165, missed=13708, trie_nodes=976, objective=0.983074
/home/dev/hyph-bench/.venv/lib/python3.13/site-packages/sklearn/gaussian_process/kernels.py:450: ConvergenceWarning: The optimal value found for dimension 2 of parameter k1__length_scale is close to the specified upper bound 1000.0. Increasing the bound and calling fit again may find a better value.
  warnings.warn(
/home/dev/hyph-bench/.venv/lib/python3.13/site-packages/sklearn/gaussian_process/kernels.py:450: ConvergenceWarning: The optimal value found for dimension 3 of parameter k1__length_scale is close to the specified upper bound 1000.0. Increasing the bound and calling fit again may find a better value.
  warnings.warn(
/home/dev/hyph-bench/.venv/lib/python3.13/site-packages/sklearn/gaussian_process/kernels.py:450: ConvergenceWarning: The optimal value found for dimension 4 of parameter k1__length_scale is close to the specified upper bound 1000.0. Increasing the bound and calling fit again may find a better value.
  warnings.warn(
/home/dev/hyph-bench/.venv/lib/python3.13/site-packages/sklearn/gaussian_process/kernels.py:450: ConvergenceWarning: The optimal value found for dimension 5 of parameter k1__length_scale is close to the specified upper bound 1000.0. Increasing the bound and calling fit again may find a better value.
  warnings.warn(
/home/dev/hyph-bench/.venv/lib/python3.13/site-packages/sklearn/gaussian_process/kernels.py:450: ConvergenceWarning: The optimal value found for dimension 6 of parameter k1__length_scale is close to the specified upper bound 1000.0. Increasing the bound and calling fit again may find a better value.
  warnings.warn(
/home/dev/hyph-bench/.venv/lib/python3.13/site-packages/sklearn/gaussian_process/kernels.py:440: ConvergenceWarning: The optimal value found for dimension 0 of parameter k2__noise_level is close to the specified lower bound 0.0001. Decreasing the bound and calling fit again may find a better value.
  warnings.warn(
  Tested: weights=('28', '1/4', '27', '1/4'), thresholds=(25, 4, 37, 39)
  validation: F_1/7=0.984952, good=252761, bad=3656, missed=13943, trie_nodes=1111, objective=0.984951
/home/dev/hyph-bench/.venv/lib/python3.13/site-packages/sklearn/gaussian_process/kernels.py:450: ConvergenceWarning: The optimal value found for dimension 1 of parameter k1__length_scale is close to the specified upper bound 1000.0. Increasing the bound and calling fit again may find a better value.
  warnings.warn(
/home/dev/hyph-bench/.venv/lib/python3.13/site-packages/sklearn/gaussian_process/kernels.py:450: ConvergenceWarning: The optimal value found for dimension 2 of parameter k1__length_scale is close to the specified upper bound 1000.0. Increasing the bound and calling fit again may find a better value.
  warnings.warn(
/home/dev/hyph-bench/.venv/lib/python3.13/site-packages/sklearn/gaussian_process/kernels.py:450: ConvergenceWarning: The optimal value found for dimension 3 of parameter k1__length_scale is close to the specified upper bound 1000.0. Increasing the bound and calling fit again may find a better value.
  warnings.warn(
/home/dev/hyph-bench/.venv/lib/python3.13/site-packages/sklearn/gaussian_process/kernels.py:450: ConvergenceWarning: The optimal value found for dimension 4 of parameter k1__length_scale is close to the specified upper bound 1000.0. Increasing the bound and calling fit again may find a better value.
  warnings.warn(
/home/dev/hyph-bench/.venv/lib/python3.13/site-packages/sklearn/gaussian_process/kernels.py:450: ConvergenceWarning: The optimal value found for dimension 5 of parameter k1__length_scale is close to the specified upper bound 1000.0. Increasing the bound and calling fit again may find a better value.
  warnings.warn(
/home/dev/hyph-bench/.venv/lib/python3.13/site-packages/sklearn/gaussian_process/kernels.py:450: ConvergenceWarning: The optimal value found for dimension 7 of parameter k1__length_scale is close to the specified upper bound 1000.0. Increasing the bound and calling fit again may find a better value.
  warnings.warn(
/home/dev/hyph-bench/.venv/lib/python3.13/site-packages/sklearn/gaussian_process/kernels.py:440: ConvergenceWarning: The optimal value found for dimension 0 of parameter k2__noise_level is close to the specified lower bound 0.0001. Decreasing the bound and calling fit again may find a better value.
  warnings.warn(
  Tested: weights=('14', '29', '1/5', '23'), thresholds=(4, 27, 18, 20)
  validation: F_1/7=0.983179, good=252994, bad=4137, missed=13710, trie_nodes=830, objective=0.983178
/home/dev/hyph-bench/.venv/lib/python3.13/site-packages/sklearn/gaussian_process/kernels.py:450: ConvergenceWarning: The optimal value found for dimension 2 of parameter k1__length_scale is close to the specified upper bound 1000.0. Increasing the bound and calling fit again may find a better value.
  warnings.warn(
/home/dev/hyph-bench/.venv/lib/python3.13/site-packages/sklearn/gaussian_process/kernels.py:450: ConvergenceWarning: The optimal value found for dimension 3 of parameter k1__length_scale is close to the specified upper bound 1000.0. Increasing the bound and calling fit again may find a better value.
  warnings.warn(
/home/dev/hyph-bench/.venv/lib/python3.13/site-packages/sklearn/gaussian_process/kernels.py:450: ConvergenceWarning: The optimal value found for dimension 4 of parameter k1__length_scale is close to the specified upper bound 1000.0. Increasing the bound and calling fit again may find a better value.
  warnings.warn(
/home/dev/hyph-bench/.venv/lib/python3.13/site-packages/sklearn/gaussian_process/kernels.py:450: ConvergenceWarning: The optimal value found for dimension 5 of parameter k1__length_scale is close to the specified upper bound 1000.0. Increasing the bound and calling fit again may find a better value.
  warnings.warn(
/home/dev/hyph-bench/.venv/lib/python3.13/site-packages/sklearn/gaussian_process/kernels.py:440: ConvergenceWarning: The optimal value found for dimension 0 of parameter k2__noise_level is close to the specified lower bound 0.0001. Decreasing the bound and calling fit again may find a better value.
  warnings.warn(
  Tested: weights=('14', '26', '9', '1'), thresholds=(42, 6, 6, 3)
  validation: F_1/7=0.983722, good=252968, bad=3991, missed=13736, trie_nodes=870, objective=0.983722
  Best so far: weights=('28', '1/4', '27', '1/4'), thresholds=(25, 4, 37, 39), score=0.984951, elapsed=376.6s

============================================================
Iteration 7/30
/home/dev/hyph-bench/.venv/lib/python3.13/site-packages/sklearn/gaussian_process/kernels.py:450: ConvergenceWarning: The optimal value found for dimension 3 of parameter k1__length_scale is close to the specified upper bound 1000.0. Increasing the bound and calling fit again may find a better value.
  warnings.warn(
/home/dev/hyph-bench/.venv/lib/python3.13/site-packages/sklearn/gaussian_process/kernels.py:450: ConvergenceWarning: The optimal value found for dimension 4 of parameter k1__length_scale is close to the specified upper bound 1000.0. Increasing the bound and calling fit again may find a better value.
  warnings.warn(
/home/dev/hyph-bench/.venv/lib/python3.13/site-packages/sklearn/gaussian_process/kernels.py:450: ConvergenceWarning: The optimal value found for dimension 5 of parameter k1__length_scale is close to the specified upper bound 1000.0. Increasing the bound and calling fit again may find a better value.
  warnings.warn(
/home/dev/hyph-bench/.venv/lib/python3.13/site-packages/sklearn/gaussian_process/kernels.py:450: ConvergenceWarning: The optimal value found for dimension 6 of parameter k1__length_scale is close to the specified upper bound 1000.0. Increasing the bound and calling fit again may find a better value.
  warnings.warn(
/home/dev/hyph-bench/.venv/lib/python3.13/site-packages/sklearn/gaussian_process/kernels.py:440: ConvergenceWarning: The optimal value found for dimension 0 of parameter k2__noise_level is close to the specified lower bound 0.0001. Decreasing the bound and calling fit again may find a better value.
  warnings.warn(
  Tested: weights=('14', '1/5', '14', '26'), thresholds=(41, 38, 41, 38)
  validation: F_1/7=0.984110, good=252705, bad=3878, missed=13999, trie_nodes=665, objective=0.984109
/home/dev/hyph-bench/.venv/lib/python3.13/site-packages/sklearn/gaussian_process/kernels.py:450: ConvergenceWarning: The optimal value found for dimension 3 of parameter k1__length_scale is close to the specified upper bound 1000.0. Increasing the bound and calling fit again may find a better value.
  warnings.warn(
/home/dev/hyph-bench/.venv/lib/python3.13/site-packages/sklearn/gaussian_process/kernels.py:450: ConvergenceWarning: The optimal value found for dimension 4 of parameter k1__length_scale is close to the specified upper bound 1000.0. Increasing the bound and calling fit again may find a better value.
  warnings.warn(
/home/dev/hyph-bench/.venv/lib/python3.13/site-packages/sklearn/gaussian_process/kernels.py:450: ConvergenceWarning: The optimal value found for dimension 5 of parameter k1__length_scale is close to the specified upper bound 1000.0. Increasing the bound and calling fit again may find a better value.
  warnings.warn(
/home/dev/hyph-bench/.venv/lib/python3.13/site-packages/sklearn/gaussian_process/kernels.py:450: ConvergenceWarning: The optimal value found for dimension 6 of parameter k1__length_scale is close to the specified upper bound 1000.0. Increasing the bound and calling fit again may find a better value.
  warnings.warn(
/home/dev/hyph-bench/.venv/lib/python3.13/site-packages/sklearn/gaussian_process/kernels.py:440: ConvergenceWarning: The optimal value found for dimension 0 of parameter k2__noise_level is close to the specified lower bound 0.0001. Decreasing the bound and calling fit again may find a better value.
  warnings.warn(
  Tested: weights=('29', '6', '29', '24'), thresholds=(17, 1, 13, 40)
  validation: F_1/7=0.984452, good=252872, bad=3793, missed=13832, trie_nodes=1284, objective=0.984451
/home/dev/hyph-bench/.venv/lib/python3.13/site-packages/sklearn/gaussian_process/kernels.py:450: ConvergenceWarning: The optimal value found for dimension 2 of parameter k1__length_scale is close to the specified upper bound 1000.0. Increasing the bound and calling fit again may find a better value.
  warnings.warn(
/home/dev/hyph-bench/.venv/lib/python3.13/site-packages/sklearn/gaussian_process/kernels.py:450: ConvergenceWarning: The optimal value found for dimension 3 of parameter k1__length_scale is close to the specified upper bound 1000.0. Increasing the bound and calling fit again may find a better value.
  warnings.warn(
/home/dev/hyph-bench/.venv/lib/python3.13/site-packages/sklearn/gaussian_process/kernels.py:450: ConvergenceWarning: The optimal value found for dimension 4 of parameter k1__length_scale is close to the specified upper bound 1000.0. Increasing the bound and calling fit again may find a better value.
  warnings.warn(
/home/dev/hyph-bench/.venv/lib/python3.13/site-packages/sklearn/gaussian_process/kernels.py:450: ConvergenceWarning: The optimal value found for dimension 5 of parameter k1__length_scale is close to the specified upper bound 1000.0. Increasing the bound and calling fit again may find a better value.
  warnings.warn(
/home/dev/hyph-bench/.venv/lib/python3.13/site-packages/sklearn/gaussian_process/kernels.py:450: ConvergenceWarning: The optimal value found for dimension 6 of parameter k1__length_scale is close to the specified upper bound 1000.0. Increasing the bound and calling fit again may find a better value.
  warnings.warn(
/home/dev/hyph-bench/.venv/lib/python3.13/site-packages/sklearn/gaussian_process/kernels.py:450: ConvergenceWarning: The optimal value found for dimension 7 of parameter k1__length_scale is close to the specified upper bound 1000.0. Increasing the bound and calling fit again may find a better value.
  warnings.warn(
/home/dev/hyph-bench/.venv/lib/python3.13/site-packages/sklearn/gaussian_process/kernels.py:440: ConvergenceWarning: The optimal value found for dimension 0 of parameter k2__noise_level is close to the specified lower bound 0.0001. Decreasing the bound and calling fit again may find a better value.
  warnings.warn(
  Tested: weights=('23', '30', '12', '1/2'), thresholds=(1, 6, 17, 6)
  validation: F_1/7=0.983852, good=253008, bad=3958, missed=13696, trie_nodes=1402, objective=0.983851
/home/dev/hyph-bench/.venv/lib/python3.13/site-packages/sklearn/gaussian_process/kernels.py:450: ConvergenceWarning: The optimal value found for dimension 2 of parameter k1__length_scale is close to the specified upper bound 1000.0. Increasing the bound and calling fit again may find a better value.
  warnings.warn(
/home/dev/hyph-bench/.venv/lib/python3.13/site-packages/sklearn/gaussian_process/kernels.py:450: ConvergenceWarning: The optimal value found for dimension 3 of parameter k1__length_scale is close to the specified upper bound 1000.0. Increasing the bound and calling fit again may find a better value.
  warnings.warn(
/home/dev/hyph-bench/.venv/lib/python3.13/site-packages/sklearn/gaussian_process/kernels.py:450: ConvergenceWarning: The optimal value found for dimension 4 of parameter k1__length_scale is close to the specified upper bound 1000.0. Increasing the bound and calling fit again may find a better value.
  warnings.warn(
/home/dev/hyph-bench/.venv/lib/python3.13/site-packages/sklearn/gaussian_process/kernels.py:450: ConvergenceWarning: The optimal value found for dimension 5 of parameter k1__length_scale is close to the specified upper bound 1000.0. Increasing the bound and calling fit again may find a better value.
  warnings.warn(
/home/dev/hyph-bench/.venv/lib/python3.13/site-packages/sklearn/gaussian_process/kernels.py:450: ConvergenceWarning: The optimal value found for dimension 6 of parameter k1__length_scale is close to the specified upper bound 1000.0. Increasing the bound and calling fit again may find a better value.
  warnings.warn(
/home/dev/hyph-bench/.venv/lib/python3.13/site-packages/sklearn/gaussian_process/kernels.py:450: ConvergenceWarning: The optimal value found for dimension 7 of parameter k1__length_scale is close to the specified upper bound 1000.0. Increasing the bound and calling fit again may find a better value.
  warnings.warn(
/home/dev/hyph-bench/.venv/lib/python3.13/site-packages/sklearn/gaussian_process/kernels.py:440: ConvergenceWarning: The optimal value found for dimension 0 of parameter k2__noise_level is close to the specified lower bound 0.0001. Decreasing the bound and calling fit again may find a better value.
  warnings.warn(
  Tested: weights=('3', '12', '29', '5'), thresholds=(28, 41, 4, 9)
  validation: F_1/7=0.966769, good=252997, bad=8594, missed=13707, trie_nodes=703, objective=0.966769
/home/dev/hyph-bench/.venv/lib/python3.13/site-packages/sklearn/gaussian_process/kernels.py:450: ConvergenceWarning: The optimal value found for dimension 3 of parameter k1__length_scale is close to the specified upper bound 1000.0. Increasing the bound and calling fit again may find a better value.
  warnings.warn(
/home/dev/hyph-bench/.venv/lib/python3.13/site-packages/sklearn/gaussian_process/kernels.py:450: ConvergenceWarning: The optimal value found for dimension 4 of parameter k1__length_scale is close to the specified upper bound 1000.0. Increasing the bound and calling fit again may find a better value.
  warnings.warn(
/home/dev/hyph-bench/.venv/lib/python3.13/site-packages/sklearn/gaussian_process/kernels.py:450: ConvergenceWarning: The optimal value found for dimension 5 of parameter k1__length_scale is close to the specified upper bound 1000.0. Increasing the bound and calling fit again may find a better value.
  warnings.warn(
/home/dev/hyph-bench/.venv/lib/python3.13/site-packages/sklearn/gaussian_process/kernels.py:450: ConvergenceWarning: The optimal value found for dimension 6 of parameter k1__length_scale is close to the specified upper bound 1000.0. Increasing the bound and calling fit again may find a better value.
  warnings.warn(
/home/dev/hyph-bench/.venv/lib/python3.13/site-packages/sklearn/gaussian_process/kernels.py:440: ConvergenceWarning: The optimal value found for dimension 0 of parameter k2__noise_level is close to the specified lower bound 0.0001. Decreasing the bound and calling fit again may find a better value.
  warnings.warn(
  Tested: weights=('8', '12', '1', '10'), thresholds=(35, 3, 41, 2)
  validation: F_1/7=0.974936, good=252864, bad=6351, missed=13840, trie_nodes=820, objective=0.974935
  Best so far: weights=('28', '1/4', '27', '1/4'), thresholds=(25, 4, 37, 39), score=0.984951, elapsed=448.4s

============================================================
Iteration 8/30
/home/dev/hyph-bench/.venv/lib/python3.13/site-packages/sklearn/gaussian_process/kernels.py:450: ConvergenceWarning: The optimal value found for dimension 2 of parameter k1__length_scale is close to the specified upper bound 1000.0. Increasing the bound and calling fit again may find a better value.
  warnings.warn(
/home/dev/hyph-bench/.venv/lib/python3.13/site-packages/sklearn/gaussian_process/kernels.py:450: ConvergenceWarning: The optimal value found for dimension 3 of parameter k1__length_scale is close to the specified upper bound 1000.0. Increasing the bound and calling fit again may find a better value.
  warnings.warn(
/home/dev/hyph-bench/.venv/lib/python3.13/site-packages/sklearn/gaussian_process/kernels.py:450: ConvergenceWarning: The optimal value found for dimension 4 of parameter k1__length_scale is close to the specified upper bound 1000.0. Increasing the bound and calling fit again may find a better value.
  warnings.warn(
/home/dev/hyph-bench/.venv/lib/python3.13/site-packages/sklearn/gaussian_process/kernels.py:450: ConvergenceWarning: The optimal value found for dimension 5 of parameter k1__length_scale is close to the specified upper bound 1000.0. Increasing the bound and calling fit again may find a better value.
  warnings.warn(
/home/dev/hyph-bench/.venv/lib/python3.13/site-packages/sklearn/gaussian_process/kernels.py:450: ConvergenceWarning: The optimal value found for dimension 6 of parameter k1__length_scale is close to the specified upper bound 1000.0. Increasing the bound and calling fit again may find a better value.
  warnings.warn(
/home/dev/hyph-bench/.venv/lib/python3.13/site-packages/sklearn/gaussian_process/kernels.py:450: ConvergenceWarning: The optimal value found for dimension 7 of parameter k1__length_scale is close to the specified upper bound 1000.0. Increasing the bound and calling fit again may find a better value.
  warnings.warn(
/home/dev/hyph-bench/.venv/lib/python3.13/site-packages/sklearn/gaussian_process/kernels.py:440: ConvergenceWarning: The optimal value found for dimension 0 of parameter k2__noise_level is close to the specified lower bound 0.0001. Decreasing the bound and calling fit again may find a better value.
  warnings.warn(
  Tested: weights=('6', '1/5', '26', '26'), thresholds=(18, 40, 25, 42)
  validation: F_1/7=0.975358, good=252897, bad=6238, missed=13807, trie_nodes=697, objective=0.975357
/home/dev/hyph-bench/.venv/lib/python3.13/site-packages/sklearn/gaussian_process/kernels.py:450: ConvergenceWarning: The optimal value found for dimension 2 of parameter k1__length_scale is close to the specified upper bound 1000.0. Increasing the bound and calling fit again may find a better value.
  warnings.warn(
/home/dev/hyph-bench/.venv/lib/python3.13/site-packages/sklearn/gaussian_process/kernels.py:450: ConvergenceWarning: The optimal value found for dimension 3 of parameter k1__length_scale is close to the specified upper bound 1000.0. Increasing the bound and calling fit again may find a better value.
  warnings.warn(
/home/dev/hyph-bench/.venv/lib/python3.13/site-packages/sklearn/gaussian_process/kernels.py:450: ConvergenceWarning: The optimal value found for dimension 4 of parameter k1__length_scale is close to the specified upper bound 1000.0. Increasing the bound and calling fit again may find a better value.
  warnings.warn(
/home/dev/hyph-bench/.venv/lib/python3.13/site-packages/sklearn/gaussian_process/kernels.py:450: ConvergenceWarning: The optimal value found for dimension 5 of parameter k1__length_scale is close to the specified upper bound 1000.0. Increasing the bound and calling fit again may find a better value.
  warnings.warn(
/home/dev/hyph-bench/.venv/lib/python3.13/site-packages/sklearn/gaussian_process/kernels.py:450: ConvergenceWarning: The optimal value found for dimension 6 of parameter k1__length_scale is close to the specified upper bound 1000.0. Increasing the bound and calling fit again may find a better value.
  warnings.warn(
/home/dev/hyph-bench/.venv/lib/python3.13/site-packages/sklearn/gaussian_process/kernels.py:450: ConvergenceWarning: The optimal value found for dimension 7 of parameter k1__length_scale is close to the specified upper bound 1000.0. Increasing the bound and calling fit again may find a better value.
  warnings.warn(
/home/dev/hyph-bench/.venv/lib/python3.13/site-packages/sklearn/gaussian_process/kernels.py:440: ConvergenceWarning: The optimal value found for dimension 0 of parameter k2__noise_level is close to the specified lower bound 0.0001. Decreasing the bound and calling fit again may find a better value.
  warnings.warn(
  Tested: weights=('30', '30', '2', '6'), thresholds=(4, 2, 18, 22)
  validation: F_1/7=0.984203, good=252974, bad=3863, missed=13730, trie_nodes=1034, objective=0.984202
/home/dev/hyph-bench/.venv/lib/python3.13/site-packages/sklearn/gaussian_process/kernels.py:450: ConvergenceWarning: The optimal value found for dimension 2 of parameter k1__length_scale is close to the specified upper bound 1000.0. Increasing the bound and calling fit again may find a better value.
  warnings.warn(
/home/dev/hyph-bench/.venv/lib/python3.13/site-packages/sklearn/gaussian_process/kernels.py:450: ConvergenceWarning: The optimal value found for dimension 3 of parameter k1__length_scale is close to the specified upper bound 1000.0. Increasing the bound and calling fit again may find a better value.
  warnings.warn(
/home/dev/hyph-bench/.venv/lib/python3.13/site-packages/sklearn/gaussian_process/kernels.py:450: ConvergenceWarning: The optimal value found for dimension 4 of parameter k1__length_scale is close to the specified upper bound 1000.0. Increasing the bound and calling fit again may find a better value.
  warnings.warn(
/home/dev/hyph-bench/.venv/lib/python3.13/site-packages/sklearn/gaussian_process/kernels.py:450: ConvergenceWarning: The optimal value found for dimension 5 of parameter k1__length_scale is close to the specified upper bound 1000.0. Increasing the bound and calling fit again may find a better value.
  warnings.warn(
/home/dev/hyph-bench/.venv/lib/python3.13/site-packages/sklearn/gaussian_process/kernels.py:450: ConvergenceWarning: The optimal value found for dimension 6 of parameter k1__length_scale is close to the specified upper bound 1000.0. Increasing the bound and calling fit again may find a better value.
  warnings.warn(
/home/dev/hyph-bench/.venv/lib/python3.13/site-packages/sklearn/gaussian_process/kernels.py:450: ConvergenceWarning: The optimal value found for dimension 7 of parameter k1__length_scale is close to the specified upper bound 1000.0. Increasing the bound and calling fit again may find a better value.
  warnings.warn(
/home/dev/hyph-bench/.venv/lib/python3.13/site-packages/sklearn/gaussian_process/kernels.py:440: ConvergenceWarning: The optimal value found for dimension 0 of parameter k2__noise_level is close to the specified lower bound 0.0001. Decreasing the bound and calling fit again may find a better value.
  warnings.warn(
  Tested: weights=('12', '8', '1/5', '1/5'), thresholds=(31, 42, 38, 14)
  validation: F_1/7=0.983808, good=252940, bad=3967, missed=13764, trie_nodes=815, objective=0.983808
/home/dev/hyph-bench/.venv/lib/python3.13/site-packages/sklearn/gaussian_process/kernels.py:450: ConvergenceWarning: The optimal value found for dimension 2 of parameter k1__length_scale is close to the specified upper bound 1000.0. Increasing the bound and calling fit again may find a better value.
  warnings.warn(
/home/dev/hyph-bench/.venv/lib/python3.13/site-packages/sklearn/gaussian_process/kernels.py:450: ConvergenceWarning: The optimal value found for dimension 3 of parameter k1__length_scale is close to the specified upper bound 1000.0. Increasing the bound and calling fit again may find a better value.
  warnings.warn(
/home/dev/hyph-bench/.venv/lib/python3.13/site-packages/sklearn/gaussian_process/kernels.py:450: ConvergenceWarning: The optimal value found for dimension 4 of parameter k1__length_scale is close to the specified upper bound 1000.0. Increasing the bound and calling fit again may find a better value.
  warnings.warn(
/home/dev/hyph-bench/.venv/lib/python3.13/site-packages/sklearn/gaussian_process/kernels.py:450: ConvergenceWarning: The optimal value found for dimension 5 of parameter k1__length_scale is close to the specified upper bound 1000.0. Increasing the bound and calling fit again may find a better value.
  warnings.warn(
/home/dev/hyph-bench/.venv/lib/python3.13/site-packages/sklearn/gaussian_process/kernels.py:440: ConvergenceWarning: The optimal value found for dimension 0 of parameter k2__noise_level is close to the specified lower bound 0.0001. Decreasing the bound and calling fit again may find a better value.
  warnings.warn(
  Tested: weights=('16', '3', '12', '21'), thresholds=(11, 1, 42, 2)
  validation: F_1/7=0.983869, good=252917, bad=3950, missed=13787, trie_nodes=1268, objective=0.983868
/home/dev/hyph-bench/.venv/lib/python3.13/site-packages/sklearn/gaussian_process/kernels.py:450: ConvergenceWarning: The optimal value found for dimension 3 of parameter k1__length_scale is close to the specified upper bound 1000.0. Increasing the bound and calling fit again may find a better value.
  warnings.warn(
/home/dev/hyph-bench/.venv/lib/python3.13/site-packages/sklearn/gaussian_process/kernels.py:450: ConvergenceWarning: The optimal value found for dimension 4 of parameter k1__length_scale is close to the specified upper bound 1000.0. Increasing the bound and calling fit again may find a better value.
  warnings.warn(
/home/dev/hyph-bench/.venv/lib/python3.13/site-packages/sklearn/gaussian_process/kernels.py:450: ConvergenceWarning: The optimal value found for dimension 5 of parameter k1__length_scale is close to the specified upper bound 1000.0. Increasing the bound and calling fit again may find a better value.
  warnings.warn(
/home/dev/hyph-bench/.venv/lib/python3.13/site-packages/sklearn/gaussian_process/kernels.py:450: ConvergenceWarning: The optimal value found for dimension 6 of parameter k1__length_scale is close to the specified upper bound 1000.0. Increasing the bound and calling fit again may find a better value.
  warnings.warn(
/home/dev/hyph-bench/.venv/lib/python3.13/site-packages/sklearn/gaussian_process/kernels.py:440: ConvergenceWarning: The optimal value found for dimension 0 of parameter k2__noise_level is close to the specified lower bound 0.0001. Decreasing the bound and calling fit again may find a better value.
  warnings.warn(
  Tested: weights=('21', '15', '18', '22'), thresholds=(39, 26, 4, 1)
  validation: F_1/7=0.984143, good=252973, bad=3879, missed=13731, trie_nodes=1518, objective=0.984142
  Best so far: weights=('28', '1/4', '27', '1/4'), thresholds=(25, 4, 37, 39), score=0.984951, elapsed=526.2s

============================================================
Iteration 9/30
/home/dev/hyph-bench/.venv/lib/python3.13/site-packages/sklearn/gaussian_process/kernels.py:450: ConvergenceWarning: The optimal value found for dimension 2 of parameter k1__length_scale is close to the specified upper bound 1000.0. Increasing the bound and calling fit again may find a better value.
  warnings.warn(
/home/dev/hyph-bench/.venv/lib/python3.13/site-packages/sklearn/gaussian_process/kernels.py:450: ConvergenceWarning: The optimal value found for dimension 3 of parameter k1__length_scale is close to the specified upper bound 1000.0. Increasing the bound and calling fit again may find a better value.
  warnings.warn(
/home/dev/hyph-bench/.venv/lib/python3.13/site-packages/sklearn/gaussian_process/kernels.py:450: ConvergenceWarning: The optimal value found for dimension 4 of parameter k1__length_scale is close to the specified upper bound 1000.0. Increasing the bound and calling fit again may find a better value.
  warnings.warn(
/home/dev/hyph-bench/.venv/lib/python3.13/site-packages/sklearn/gaussian_process/kernels.py:450: ConvergenceWarning: The optimal value found for dimension 5 of parameter k1__length_scale is close to the specified upper bound 1000.0. Increasing the bound and calling fit again may find a better value.
  warnings.warn(
/home/dev/hyph-bench/.venv/lib/python3.13/site-packages/sklearn/gaussian_process/kernels.py:450: ConvergenceWarning: The optimal value found for dimension 6 of parameter k1__length_scale is close to the specified upper bound 1000.0. Increasing the bound and calling fit again may find a better value.
  warnings.warn(
/home/dev/hyph-bench/.venv/lib/python3.13/site-packages/sklearn/gaussian_process/kernels.py:450: ConvergenceWarning: The optimal value found for dimension 7 of parameter k1__length_scale is close to the specified upper bound 1000.0. Increasing the bound and calling fit again may find a better value.
  warnings.warn(
/home/dev/hyph-bench/.venv/lib/python3.13/site-packages/sklearn/gaussian_process/kernels.py:440: ConvergenceWarning: The optimal value found for dimension 0 of parameter k2__noise_level is close to the specified lower bound 0.0001. Decreasing the bound and calling fit again may find a better value.
  warnings.warn(
  Tested: weights=('10', '30', '12', '27'), thresholds=(42, 35, 32, 23)
  validation: F_1/7=0.983159, good=252854, bad=4137, missed=13850, trie_nodes=629, objective=0.983159
/home/dev/hyph-bench/.venv/lib/python3.13/site-packages/sklearn/gaussian_process/kernels.py:450: ConvergenceWarning: The optimal value found for dimension 2 of parameter k1__length_scale is close to the specified upper bound 1000.0. Increasing the bound and calling fit again may find a better value.
  warnings.warn(
/home/dev/hyph-bench/.venv/lib/python3.13/site-packages/sklearn/gaussian_process/kernels.py:450: ConvergenceWarning: The optimal value found for dimension 3 of parameter k1__length_scale is close to the specified upper bound 1000.0. Increasing the bound and calling fit again may find a better value.
  warnings.warn(
/home/dev/hyph-bench/.venv/lib/python3.13/site-packages/sklearn/gaussian_process/kernels.py:450: ConvergenceWarning: The optimal value found for dimension 4 of parameter k1__length_scale is close to the specified upper bound 1000.0. Increasing the bound and calling fit again may find a better value.
  warnings.warn(
/home/dev/hyph-bench/.venv/lib/python3.13/site-packages/sklearn/gaussian_process/kernels.py:450: ConvergenceWarning: The optimal value found for dimension 5 of parameter k1__length_scale is close to the specified upper bound 1000.0. Increasing the bound and calling fit again may find a better value.
  warnings.warn(
/home/dev/hyph-bench/.venv/lib/python3.13/site-packages/sklearn/gaussian_process/kernels.py:440: ConvergenceWarning: The optimal value found for dimension 0 of parameter k2__noise_level is close to the specified lower bound 0.0001. Decreasing the bound and calling fit again may find a better value.
  warnings.warn(
  Tested: weights=('24', '14', '1/4', '2'), thresholds=(25, 13, 6, 41)
  validation: F_1/7=0.983616, good=253015, bad=4021, missed=13689, trie_nodes=851, objective=0.983616
/home/dev/hyph-bench/.venv/lib/python3.13/site-packages/sklearn/gaussian_process/kernels.py:450: ConvergenceWarning: The optimal value found for dimension 2 of parameter k1__length_scale is close to the specified upper bound 1000.0. Increasing the bound and calling fit again may find a better value.
  warnings.warn(
/home/dev/hyph-bench/.venv/lib/python3.13/site-packages/sklearn/gaussian_process/kernels.py:450: ConvergenceWarning: The optimal value found for dimension 3 of parameter k1__length_scale is close to the specified upper bound 1000.0. Increasing the bound and calling fit again may find a better value.
  warnings.warn(
/home/dev/hyph-bench/.venv/lib/python3.13/site-packages/sklearn/gaussian_process/kernels.py:450: ConvergenceWarning: The optimal value found for dimension 4 of parameter k1__length_scale is close to the specified upper bound 1000.0. Increasing the bound and calling fit again may find a better value.
  warnings.warn(
/home/dev/hyph-bench/.venv/lib/python3.13/site-packages/sklearn/gaussian_process/kernels.py:450: ConvergenceWarning: The optimal value found for dimension 5 of parameter k1__length_scale is close to the specified upper bound 1000.0. Increasing the bound and calling fit again may find a better value.
  warnings.warn(
/home/dev/hyph-bench/.venv/lib/python3.13/site-packages/sklearn/gaussian_process/kernels.py:440: ConvergenceWarning: The optimal value found for dimension 0 of parameter k2__noise_level is close to the specified lower bound 0.0001. Decreasing the bound and calling fit again may find a better value.
  warnings.warn(
  Tested: weights=('18', '1/5', '26', '1/4'), thresholds=(32, 40, 33, 42)
  validation: F_1/7=0.984133, good=252763, bad=3874, missed=13941, trie_nodes=676, objective=0.984132
/home/dev/hyph-bench/.venv/lib/python3.13/site-packages/sklearn/gaussian_process/kernels.py:450: ConvergenceWarning: The optimal value found for dimension 2 of parameter k1__length_scale is close to the specified upper bound 1000.0. Increasing the bound and calling fit again may find a better value.
  warnings.warn(
/home/dev/hyph-bench/.venv/lib/python3.13/site-packages/sklearn/gaussian_process/kernels.py:450: ConvergenceWarning: The optimal value found for dimension 3 of parameter k1__length_scale is close to the specified upper bound 1000.0. Increasing the bound and calling fit again may find a better value.
  warnings.warn(
/home/dev/hyph-bench/.venv/lib/python3.13/site-packages/sklearn/gaussian_process/kernels.py:450: ConvergenceWarning: The optimal value found for dimension 4 of parameter k1__length_scale is close to the specified upper bound 1000.0. Increasing the bound and calling fit again may find a better value.
  warnings.warn(
/home/dev/hyph-bench/.venv/lib/python3.13/site-packages/sklearn/gaussian_process/kernels.py:450: ConvergenceWarning: The optimal value found for dimension 5 of parameter k1__length_scale is close to the specified upper bound 1000.0. Increasing the bound and calling fit again may find a better value.
  warnings.warn(
/home/dev/hyph-bench/.venv/lib/python3.13/site-packages/sklearn/gaussian_process/kernels.py:450: ConvergenceWarning: The optimal value found for dimension 6 of parameter k1__length_scale is close to the specified upper bound 1000.0. Increasing the bound and calling fit again may find a better value.
  warnings.warn(
/home/dev/hyph-bench/.venv/lib/python3.13/site-packages/sklearn/gaussian_process/kernels.py:450: ConvergenceWarning: The optimal value found for dimension 7 of parameter k1__length_scale is close to the specified upper bound 1000.0. Increasing the bound and calling fit again may find a better value.
  warnings.warn(
/home/dev/hyph-bench/.venv/lib/python3.13/site-packages/sklearn/gaussian_process/kernels.py:440: ConvergenceWarning: The optimal value found for dimension 0 of parameter k2__noise_level is close to the specified lower bound 0.0001. Decreasing the bound and calling fit again may find a better value.
  warnings.warn(
  Tested: weights=('10', '29', '30', '1/5'), thresholds=(13, 1, 27, 20)
  validation: F_1/7=0.983605, good=252911, bad=4020, missed=13793, trie_nodes=1343, objective=0.983605
/home/dev/hyph-bench/.venv/lib/python3.13/site-packages/sklearn/gaussian_process/kernels.py:440: ConvergenceWarning: The optimal value found for dimension 0 of parameter k2__noise_level is close to the specified lower bound 0.0001. Decreasing the bound and calling fit again may find a better value.
  warnings.warn(
  Tested: weights=('25', '1/5', '29', '26'), thresholds=(3, 20, 42, 2)
  validation: F_1/7=0.984528, good=252908, bad=3774, missed=13796, trie_nodes=1044, objective=0.984528
  Best so far: weights=('28', '1/4', '27', '1/4'), thresholds=(25, 4, 37, 39), score=0.984951, elapsed=596.6s

============================================================
Iteration 10/30
/home/dev/hyph-bench/.venv/lib/python3.13/site-packages/sklearn/gaussian_process/kernels.py:450: ConvergenceWarning: The optimal value found for dimension 2 of parameter k1__length_scale is close to the specified upper bound 1000.0. Increasing the bound and calling fit again may find a better value.
  warnings.warn(
/home/dev/hyph-bench/.venv/lib/python3.13/site-packages/sklearn/gaussian_process/kernels.py:450: ConvergenceWarning: The optimal value found for dimension 3 of parameter k1__length_scale is close to the specified upper bound 1000.0. Increasing the bound and calling fit again may find a better value.
  warnings.warn(
/home/dev/hyph-bench/.venv/lib/python3.13/site-packages/sklearn/gaussian_process/kernels.py:450: ConvergenceWarning: The optimal value found for dimension 4 of parameter k1__length_scale is close to the specified upper bound 1000.0. Increasing the bound and calling fit again may find a better value.
  warnings.warn(
/home/dev/hyph-bench/.venv/lib/python3.13/site-packages/sklearn/gaussian_process/kernels.py:450: ConvergenceWarning: The optimal value found for dimension 5 of parameter k1__length_scale is close to the specified upper bound 1000.0. Increasing the bound and calling fit again may find a better value.
  warnings.warn(
/home/dev/hyph-bench/.venv/lib/python3.13/site-packages/sklearn/gaussian_process/kernels.py:450: ConvergenceWarning: The optimal value found for dimension 6 of parameter k1__length_scale is close to the specified upper bound 1000.0. Increasing the bound and calling fit again may find a better value.
  warnings.warn(
/home/dev/hyph-bench/.venv/lib/python3.13/site-packages/sklearn/gaussian_process/kernels.py:450: ConvergenceWarning: The optimal value found for dimension 7 of parameter k1__length_scale is close to the specified upper bound 1000.0. Increasing the bound and calling fit again may find a better value.
  warnings.warn(
/home/dev/hyph-bench/.venv/lib/python3.13/site-packages/sklearn/gaussian_process/kernels.py:440: ConvergenceWarning: The optimal value found for dimension 0 of parameter k2__noise_level is close to the specified lower bound 0.0001. Decreasing the bound and calling fit again may find a better value.
  warnings.warn(
  Tested: weights=('19', '24', '1/5', '27'), thresholds=(11, 40, 32, 42)
  validation: F_1/7=0.983367, good=252973, bad=4086, missed=13731, trie_nodes=726, objective=0.983366
/home/dev/hyph-bench/.venv/lib/python3.13/site-packages/sklearn/gaussian_process/kernels.py:450: ConvergenceWarning: The optimal value found for dimension 2 of parameter k1__length_scale is close to the specified upper bound 1000.0. Increasing the bound and calling fit again may find a better value.
  warnings.warn(
/home/dev/hyph-bench/.venv/lib/python3.13/site-packages/sklearn/gaussian_process/kernels.py:450: ConvergenceWarning: The optimal value found for dimension 3 of parameter k1__length_scale is close to the specified upper bound 1000.0. Increasing the bound and calling fit again may find a better value.
  warnings.warn(
/home/dev/hyph-bench/.venv/lib/python3.13/site-packages/sklearn/gaussian_process/kernels.py:450: ConvergenceWarning: The optimal value found for dimension 4 of parameter k1__length_scale is close to the specified upper bound 1000.0. Increasing the bound and calling fit again may find a better value.
  warnings.warn(
/home/dev/hyph-bench/.venv/lib/python3.13/site-packages/sklearn/gaussian_process/kernels.py:450: ConvergenceWarning: The optimal value found for dimension 5 of parameter k1__length_scale is close to the specified upper bound 1000.0. Increasing the bound and calling fit again may find a better value.
  warnings.warn(
/home/dev/hyph-bench/.venv/lib/python3.13/site-packages/sklearn/gaussian_process/kernels.py:450: ConvergenceWarning: The optimal value found for dimension 6 of parameter k1__length_scale is close to the specified upper bound 1000.0. Increasing the bound and calling fit again may find a better value.
  warnings.warn(
/home/dev/hyph-bench/.venv/lib/python3.13/site-packages/sklearn/gaussian_process/kernels.py:450: ConvergenceWarning: The optimal value found for dimension 7 of parameter k1__length_scale is close to the specified upper bound 1000.0. Increasing the bound and calling fit again may find a better value.
  warnings.warn(
/home/dev/hyph-bench/.venv/lib/python3.13/site-packages/sklearn/gaussian_process/kernels.py:440: ConvergenceWarning: The optimal value found for dimension 0 of parameter k2__noise_level is close to the specified lower bound 0.0001. Decreasing the bound and calling fit again may find a better value.
  warnings.warn(
  Tested: weights=('1/3', '29', '6', '24'), thresholds=(42, 2, 5, 39)
  validation: F_1/7=0.827456, good=253002, bad=53554, missed=13702, trie_nodes=842, objective=0.827455
/home/dev/hyph-bench/.venv/lib/python3.13/site-packages/sklearn/gaussian_process/kernels.py:450: ConvergenceWarning: The optimal value found for dimension 2 of parameter k1__length_scale is close to the specified upper bound 1000.0. Increasing the bound and calling fit again may find a better value.
  warnings.warn(
/home/dev/hyph-bench/.venv/lib/python3.13/site-packages/sklearn/gaussian_process/kernels.py:450: ConvergenceWarning: The optimal value found for dimension 3 of parameter k1__length_scale is close to the specified upper bound 1000.0. Increasing the bound and calling fit again may find a better value.
  warnings.warn(
/home/dev/hyph-bench/.venv/lib/python3.13/site-packages/sklearn/gaussian_process/kernels.py:450: ConvergenceWarning: The optimal value found for dimension 4 of parameter k1__length_scale is close to the specified upper bound 1000.0. Increasing the bound and calling fit again may find a better value.
  warnings.warn(
/home/dev/hyph-bench/.venv/lib/python3.13/site-packages/sklearn/gaussian_process/kernels.py:450: ConvergenceWarning: The optimal value found for dimension 5 of parameter k1__length_scale is close to the specified upper bound 1000.0. Increasing the bound and calling fit again may find a better value.
  warnings.warn(
/home/dev/hyph-bench/.venv/lib/python3.13/site-packages/sklearn/gaussian_process/kernels.py:450: ConvergenceWarning: The optimal value found for dimension 6 of parameter k1__length_scale is close to the specified upper bound 1000.0. Increasing the bound and calling fit again may find a better value.
  warnings.warn(
/home/dev/hyph-bench/.venv/lib/python3.13/site-packages/sklearn/gaussian_process/kernels.py:450: ConvergenceWarning: The optimal value found for dimension 7 of parameter k1__length_scale is close to the specified upper bound 1000.0. Increasing the bound and calling fit again may find a better value.
  warnings.warn(
/home/dev/hyph-bench/.venv/lib/python3.13/site-packages/sklearn/gaussian_process/kernels.py:440: ConvergenceWarning: The optimal value found for dimension 0 of parameter k2__noise_level is close to the specified lower bound 0.0001. Decreasing the bound and calling fit again may find a better value.
  warnings.warn(
  Tested: weights=('1/2', '1/5', '25', '7'), thresholds=(42, 34, 41, 33)
  validation: F_1/7=0.975518, good=252822, bad=6191, missed=13882, trie_nodes=675, objective=0.975518
/home/dev/hyph-bench/.venv/lib/python3.13/site-packages/sklearn/gaussian_process/kernels.py:450: ConvergenceWarning: The optimal value found for dimension 3 of parameter k1__length_scale is close to the specified upper bound 1000.0. Increasing the bound and calling fit again may find a better value.
  warnings.warn(
/home/dev/hyph-bench/.venv/lib/python3.13/site-packages/sklearn/gaussian_process/kernels.py:450: ConvergenceWarning: The optimal value found for dimension 4 of parameter k1__length_scale is close to the specified upper bound 1000.0. Increasing the bound and calling fit again may find a better value.
  warnings.warn(
/home/dev/hyph-bench/.venv/lib/python3.13/site-packages/sklearn/gaussian_process/kernels.py:450: ConvergenceWarning: The optimal value found for dimension 5 of parameter k1__length_scale is close to the specified upper bound 1000.0. Increasing the bound and calling fit again may find a better value.
  warnings.warn(
/home/dev/hyph-bench/.venv/lib/python3.13/site-packages/sklearn/gaussian_process/kernels.py:450: ConvergenceWarning: The optimal value found for dimension 6 of parameter k1__length_scale is close to the specified upper bound 1000.0. Increasing the bound and calling fit again may find a better value.
  warnings.warn(
/home/dev/hyph-bench/.venv/lib/python3.13/site-packages/sklearn/gaussian_process/kernels.py:450: ConvergenceWarning: The optimal value found for dimension 7 of parameter k1__length_scale is close to the specified upper bound 1000.0. Increasing the bound and calling fit again may find a better value.
  warnings.warn(
/home/dev/hyph-bench/.venv/lib/python3.13/site-packages/sklearn/gaussian_process/kernels.py:440: ConvergenceWarning: The optimal value found for dimension 0 of parameter k2__noise_level is close to the specified lower bound 0.0001. Decreasing the bound and calling fit again may find a better value.
  warnings.warn(
  Tested: weights=('27', '1/3', '24', '30'), thresholds=(13, 6, 39, 26)
  validation: F_1/7=0.984703, good=252809, bad=3724, missed=13895, trie_nodes=835, objective=0.984702
/home/dev/hyph-bench/.venv/lib/python3.13/site-packages/sklearn/gaussian_process/kernels.py:450: ConvergenceWarning: The optimal value found for dimension 3 of parameter k1__length_scale is close to the specified upper bound 1000.0. Increasing the bound and calling fit again may find a better value.
  warnings.warn(
/home/dev/hyph-bench/.venv/lib/python3.13/site-packages/sklearn/gaussian_process/kernels.py:450: ConvergenceWarning: The optimal value found for dimension 4 of parameter k1__length_scale is close to the specified upper bound 1000.0. Increasing the bound and calling fit again may find a better value.
  warnings.warn(
/home/dev/hyph-bench/.venv/lib/python3.13/site-packages/sklearn/gaussian_process/kernels.py:450: ConvergenceWarning: The optimal value found for dimension 5 of parameter k1__length_scale is close to the specified upper bound 1000.0. Increasing the bound and calling fit again may find a better value.
  warnings.warn(
/home/dev/hyph-bench/.venv/lib/python3.13/site-packages/sklearn/gaussian_process/kernels.py:450: ConvergenceWarning: The optimal value found for dimension 6 of parameter k1__length_scale is close to the specified upper bound 1000.0. Increasing the bound and calling fit again may find a better value.
  warnings.warn(
/home/dev/hyph-bench/.venv/lib/python3.13/site-packages/sklearn/gaussian_process/kernels.py:450: ConvergenceWarning: The optimal value found for dimension 7 of parameter k1__length_scale is close to the specified upper bound 1000.0. Increasing the bound and calling fit again may find a better value.
  warnings.warn(
/home/dev/hyph-bench/.venv/lib/python3.13/site-packages/sklearn/gaussian_process/kernels.py:440: ConvergenceWarning: The optimal value found for dimension 0 of parameter k2__noise_level is close to the specified lower bound 0.0001. Decreasing the bound and calling fit again may find a better value.
  warnings.warn(
  Tested: weights=('30', '7', '9', '18'), thresholds=(25, 22, 3, 8)
  validation: F_1/7=0.984191, good=252993, bad=3867, missed=13711, trie_nodes=892, objective=0.984190
  Best so far: weights=('28', '1/4', '27', '1/4'), thresholds=(25, 4, 37, 39), score=0.984951, elapsed=657.9s

============================================================
Iteration 11/30
/home/dev/hyph-bench/.venv/lib/python3.13/site-packages/sklearn/gaussian_process/kernels.py:450: ConvergenceWarning: The optimal value found for dimension 2 of parameter k1__length_scale is close to the specified upper bound 1000.0. Increasing the bound and calling fit again may find a better value.
  warnings.warn(
/home/dev/hyph-bench/.venv/lib/python3.13/site-packages/sklearn/gaussian_process/kernels.py:450: ConvergenceWarning: The optimal value found for dimension 3 of parameter k1__length_scale is close to the specified upper bound 1000.0. Increasing the bound and calling fit again may find a better value.
  warnings.warn(
/home/dev/hyph-bench/.venv/lib/python3.13/site-packages/sklearn/gaussian_process/kernels.py:450: ConvergenceWarning: The optimal value found for dimension 4 of parameter k1__length_scale is close to the specified upper bound 1000.0. Increasing the bound and calling fit again may find a better value.
  warnings.warn(
/home/dev/hyph-bench/.venv/lib/python3.13/site-packages/sklearn/gaussian_process/kernels.py:450: ConvergenceWarning: The optimal value found for dimension 5 of parameter k1__length_scale is close to the specified upper bound 1000.0. Increasing the bound and calling fit again may find a better value.
  warnings.warn(
/home/dev/hyph-bench/.venv/lib/python3.13/site-packages/sklearn/gaussian_process/kernels.py:450: ConvergenceWarning: The optimal value found for dimension 6 of parameter k1__length_scale is close to the specified upper bound 1000.0. Increasing the bound and calling fit again may find a better value.
  warnings.warn(
/home/dev/hyph-bench/.venv/lib/python3.13/site-packages/sklearn/gaussian_process/kernels.py:450: ConvergenceWarning: The optimal value found for dimension 7 of parameter k1__length_scale is close to the specified upper bound 1000.0. Increasing the bound and calling fit again may find a better value.
  warnings.warn(
/home/dev/hyph-bench/.venv/lib/python3.13/site-packages/sklearn/gaussian_process/kernels.py:440: ConvergenceWarning: The optimal value found for dimension 0 of parameter k2__noise_level is close to the specified lower bound 0.0001. Decreasing the bound and calling fit again may find a better value.
  warnings.warn(
  Tested: weights=('25', '30', '1/4', '3'), thresholds=(11, 40, 25, 42)
  validation: F_1/7=0.983576, good=252971, bad=4030, missed=13733, trie_nodes=726, objective=0.983576
/home/dev/hyph-bench/.venv/lib/python3.13/site-packages/sklearn/gaussian_process/kernels.py:450: ConvergenceWarning: The optimal value found for dimension 3 of parameter k1__length_scale is close to the specified upper bound 1000.0. Increasing the bound and calling fit again may find a better value.
  warnings.warn(
/home/dev/hyph-bench/.venv/lib/python3.13/site-packages/sklearn/gaussian_process/kernels.py:450: ConvergenceWarning: The optimal value found for dimension 4 of parameter k1__length_scale is close to the specified upper bound 1000.0. Increasing the bound and calling fit again may find a better value.
  warnings.warn(
/home/dev/hyph-bench/.venv/lib/python3.13/site-packages/sklearn/gaussian_process/kernels.py:450: ConvergenceWarning: The optimal value found for dimension 5 of parameter k1__length_scale is close to the specified upper bound 1000.0. Increasing the bound and calling fit again may find a better value.
  warnings.warn(
/home/dev/hyph-bench/.venv/lib/python3.13/site-packages/sklearn/gaussian_process/kernels.py:450: ConvergenceWarning: The optimal value found for dimension 6 of parameter k1__length_scale is close to the specified upper bound 1000.0. Increasing the bound and calling fit again may find a better value.
  warnings.warn(
/home/dev/hyph-bench/.venv/lib/python3.13/site-packages/sklearn/gaussian_process/kernels.py:450: ConvergenceWarning: The optimal value found for dimension 7 of parameter k1__length_scale is close to the specified upper bound 1000.0. Increasing the bound and calling fit again may find a better value.
  warnings.warn(
/home/dev/hyph-bench/.venv/lib/python3.13/site-packages/sklearn/gaussian_process/kernels.py:440: ConvergenceWarning: The optimal value found for dimension 0 of parameter k2__noise_level is close to the specified lower bound 0.0001. Decreasing the bound and calling fit again may find a better value.
  warnings.warn(
  Tested: weights=('11', '1/5', '24', '12'), thresholds=(32, 11, 15, 41)
  validation: F_1/7=0.984016, good=252870, bad=3909, missed=13834, trie_nodes=786, objective=0.984016
/home/dev/hyph-bench/.venv/lib/python3.13/site-packages/sklearn/gaussian_process/kernels.py:450: ConvergenceWarning: The optimal value found for dimension 2 of parameter k1__length_scale is close to the specified upper bound 1000.0. Increasing the bound and calling fit again may find a better value.
  warnings.warn(
/home/dev/hyph-bench/.venv/lib/python3.13/site-packages/sklearn/gaussian_process/kernels.py:450: ConvergenceWarning: The optimal value found for dimension 3 of parameter k1__length_scale is close to the specified upper bound 1000.0. Increasing the bound and calling fit again may find a better value.
  warnings.warn(
/home/dev/hyph-bench/.venv/lib/python3.13/site-packages/sklearn/gaussian_process/kernels.py:450: ConvergenceWarning: The optimal value found for dimension 4 of parameter k1__length_scale is close to the specified upper bound 1000.0. Increasing the bound and calling fit again may find a better value.
  warnings.warn(
/home/dev/hyph-bench/.venv/lib/python3.13/site-packages/sklearn/gaussian_process/kernels.py:450: ConvergenceWarning: The optimal value found for dimension 5 of parameter k1__length_scale is close to the specified upper bound 1000.0. Increasing the bound and calling fit again may find a better value.
  warnings.warn(
/home/dev/hyph-bench/.venv/lib/python3.13/site-packages/sklearn/gaussian_process/kernels.py:450: ConvergenceWarning: The optimal value found for dimension 6 of parameter k1__length_scale is close to the specified upper bound 1000.0. Increasing the bound and calling fit again may find a better value.
  warnings.warn(
/home/dev/hyph-bench/.venv/lib/python3.13/site-packages/sklearn/gaussian_process/kernels.py:450: ConvergenceWarning: The optimal value found for dimension 7 of parameter k1__length_scale is close to the specified upper bound 1000.0. Increasing the bound and calling fit again may find a better value.
  warnings.warn(
/home/dev/hyph-bench/.venv/lib/python3.13/site-packages/sklearn/gaussian_process/kernels.py:440: ConvergenceWarning: The optimal value found for dimension 0 of parameter k2__noise_level is close to the specified lower bound 0.0001. Decreasing the bound and calling fit again may find a better value.
  warnings.warn(
  Tested: weights=('23', '22', '16', '30'), thresholds=(4, 2, 4, 32)
  validation: F_1/7=0.983934, good=252979, bad=3935, missed=13725, trie_nodes=1019, objective=0.983933
/home/dev/hyph-bench/.venv/lib/python3.13/site-packages/sklearn/gaussian_process/kernels.py:450: ConvergenceWarning: The optimal value found for dimension 1 of parameter k1__length_scale is close to the specified upper bound 1000.0. Increasing the bound and calling fit again may find a better value.
  warnings.warn(
/home/dev/hyph-bench/.venv/lib/python3.13/site-packages/sklearn/gaussian_process/kernels.py:450: ConvergenceWarning: The optimal value found for dimension 2 of parameter k1__length_scale is close to the specified upper bound 1000.0. Increasing the bound and calling fit again may find a better value.
  warnings.warn(
/home/dev/hyph-bench/.venv/lib/python3.13/site-packages/sklearn/gaussian_process/kernels.py:450: ConvergenceWarning: The optimal value found for dimension 3 of parameter k1__length_scale is close to the specified upper bound 1000.0. Increasing the bound and calling fit again may find a better value.
  warnings.warn(
/home/dev/hyph-bench/.venv/lib/python3.13/site-packages/sklearn/gaussian_process/kernels.py:450: ConvergenceWarning: The optimal value found for dimension 4 of parameter k1__length_scale is close to the specified upper bound 1000.0. Increasing the bound and calling fit again may find a better value.
  warnings.warn(
/home/dev/hyph-bench/.venv/lib/python3.13/site-packages/sklearn/gaussian_process/kernels.py:450: ConvergenceWarning: The optimal value found for dimension 7 of parameter k1__length_scale is close to the specified upper bound 1000.0. Increasing the bound and calling fit again may find a better value.
  warnings.warn(
/home/dev/hyph-bench/.venv/lib/python3.13/site-packages/sklearn/gaussian_process/kernels.py:440: ConvergenceWarning: The optimal value found for dimension 0 of parameter k2__noise_level is close to the specified lower bound 0.0001. Decreasing the bound and calling fit again may find a better value.
  warnings.warn(
  Tested: weights=('10', '1/5', '1/4', '1/5'), thresholds=(38, 33, 37, 13)
  validation: F_1/7=0.983803, good=252045, bad=3935, missed=14659, trie_nodes=773, objective=0.983803
/home/dev/hyph-bench/.venv/lib/python3.13/site-packages/sklearn/gaussian_process/kernels.py:450: ConvergenceWarning: The optimal value found for dimension 2 of parameter k1__length_scale is close to the specified upper bound 1000.0. Increasing the bound and calling fit again may find a better value.
  warnings.warn(
/home/dev/hyph-bench/.venv/lib/python3.13/site-packages/sklearn/gaussian_process/kernels.py:450: ConvergenceWarning: The optimal value found for dimension 3 of parameter k1__length_scale is close to the specified upper bound 1000.0. Increasing the bound and calling fit again may find a better value.
  warnings.warn(
/home/dev/hyph-bench/.venv/lib/python3.13/site-packages/sklearn/gaussian_process/kernels.py:450: ConvergenceWarning: The optimal value found for dimension 4 of parameter k1__length_scale is close to the specified upper bound 1000.0. Increasing the bound and calling fit again may find a better value.
  warnings.warn(
/home/dev/hyph-bench/.venv/lib/python3.13/site-packages/sklearn/gaussian_process/kernels.py:450: ConvergenceWarning: The optimal value found for dimension 5 of parameter k1__length_scale is close to the specified upper bound 1000.0. Increasing the bound and calling fit again may find a better value.
  warnings.warn(
/home/dev/hyph-bench/.venv/lib/python3.13/site-packages/sklearn/gaussian_process/kernels.py:450: ConvergenceWarning: The optimal value found for dimension 6 of parameter k1__length_scale is close to the specified upper bound 1000.0. Increasing the bound and calling fit again may find a better value.
  warnings.warn(
/home/dev/hyph-bench/.venv/lib/python3.13/site-packages/sklearn/gaussian_process/kernels.py:450: ConvergenceWarning: The optimal value found for dimension 7 of parameter k1__length_scale is close to the specified upper bound 1000.0. Increasing the bound and calling fit again may find a better value.
  warnings.warn(
/home/dev/hyph-bench/.venv/lib/python3.13/site-packages/sklearn/gaussian_process/kernels.py:440: ConvergenceWarning: The optimal value found for dimension 0 of parameter k2__noise_level is close to the specified lower bound 0.0001. Decreasing the bound and calling fit again may find a better value.
  warnings.warn(
  Tested: weights=('28', '19', '30', '29'), thresholds=(27, 30, 42, 2)
  validation: F_1/7=0.984404, good=252821, bad=3804, missed=13883, trie_nodes=847, objective=0.984403
  Best so far: weights=('28', '1/4', '27', '1/4'), thresholds=(25, 4, 37, 39), score=0.984951, elapsed=729.5s

============================================================
Iteration 12/30
/home/dev/hyph-bench/.venv/lib/python3.13/site-packages/sklearn/gaussian_process/kernels.py:440: ConvergenceWarning: The optimal value found for dimension 0 of parameter k1__length_scale is close to the specified lower bound 0.001. Decreasing the bound and calling fit again may find a better value.
  warnings.warn(
/home/dev/hyph-bench/.venv/lib/python3.13/site-packages/sklearn/gaussian_process/kernels.py:450: ConvergenceWarning: The optimal value found for dimension 1 of parameter k1__length_scale is close to the specified upper bound 1000.0. Increasing the bound and calling fit again may find a better value.
  warnings.warn(
/home/dev/hyph-bench/.venv/lib/python3.13/site-packages/sklearn/gaussian_process/kernels.py:450: ConvergenceWarning: The optimal value found for dimension 2 of parameter k1__length_scale is close to the specified upper bound 1000.0. Increasing the bound and calling fit again may find a better value.
  warnings.warn(
/home/dev/hyph-bench/.venv/lib/python3.13/site-packages/sklearn/gaussian_process/kernels.py:450: ConvergenceWarning: The optimal value found for dimension 3 of parameter k1__length_scale is close to the specified upper bound 1000.0. Increasing the bound and calling fit again may find a better value.
  warnings.warn(
/home/dev/hyph-bench/.venv/lib/python3.13/site-packages/sklearn/gaussian_process/kernels.py:450: ConvergenceWarning: The optimal value found for dimension 4 of parameter k1__length_scale is close to the specified upper bound 1000.0. Increasing the bound and calling fit again may find a better value.
  warnings.warn(
/home/dev/hyph-bench/.venv/lib/python3.13/site-packages/sklearn/gaussian_process/kernels.py:450: ConvergenceWarning: The optimal value found for dimension 5 of parameter k1__length_scale is close to the specified upper bound 1000.0. Increasing the bound and calling fit again may find a better value.
  warnings.warn(
/home/dev/hyph-bench/.venv/lib/python3.13/site-packages/sklearn/gaussian_process/kernels.py:450: ConvergenceWarning: The optimal value found for dimension 6 of parameter k1__length_scale is close to the specified upper bound 1000.0. Increasing the bound and calling fit again may find a better value.
  warnings.warn(
/home/dev/hyph-bench/.venv/lib/python3.13/site-packages/sklearn/gaussian_process/kernels.py:440: ConvergenceWarning: The optimal value found for dimension 7 of parameter k1__length_scale is close to the specified lower bound 0.001. Decreasing the bound and calling fit again may find a better value.
  warnings.warn(
/home/dev/hyph-bench/.venv/lib/python3.13/site-packages/sklearn/gaussian_process/kernels.py:440: ConvergenceWarning: The optimal value found for dimension 0 of parameter k2__noise_level is close to the specified lower bound 0.0001. Decreasing the bound and calling fit again may find a better value.
  warnings.warn(
  Tested: weights=('1/5', '11', '28', '1/2'), thresholds=(4, 38, 33, 35)
  validation: F_1/7=0.827113, good=253009, bad=53685, missed=13695, trie_nodes=661, objective=0.827112
/home/dev/hyph-bench/.venv/lib/python3.13/site-packages/sklearn/gaussian_process/kernels.py:440: ConvergenceWarning: The optimal value found for dimension 0 of parameter k1__length_scale is close to the specified lower bound 0.001. Decreasing the bound and calling fit again may find a better value.
  warnings.warn(
/home/dev/hyph-bench/.venv/lib/python3.13/site-packages/sklearn/gaussian_process/kernels.py:450: ConvergenceWarning: The optimal value found for dimension 1 of parameter k1__length_scale is close to the specified upper bound 1000.0. Increasing the bound and calling fit again may find a better value.
  warnings.warn(
/home/dev/hyph-bench/.venv/lib/python3.13/site-packages/sklearn/gaussian_process/kernels.py:450: ConvergenceWarning: The optimal value found for dimension 2 of parameter k1__length_scale is close to the specified upper bound 1000.0. Increasing the bound and calling fit again may find a better value.
  warnings.warn(
/home/dev/hyph-bench/.venv/lib/python3.13/site-packages/sklearn/gaussian_process/kernels.py:450: ConvergenceWarning: The optimal value found for dimension 3 of parameter k1__length_scale is close to the specified upper bound 1000.0. Increasing the bound and calling fit again may find a better value.
  warnings.warn(
/home/dev/hyph-bench/.venv/lib/python3.13/site-packages/sklearn/gaussian_process/kernels.py:450: ConvergenceWarning: The optimal value found for dimension 4 of parameter k1__length_scale is close to the specified upper bound 1000.0. Increasing the bound and calling fit again may find a better value.
  warnings.warn(
/home/dev/hyph-bench/.venv/lib/python3.13/site-packages/sklearn/gaussian_process/kernels.py:450: ConvergenceWarning: The optimal value found for dimension 5 of parameter k1__length_scale is close to the specified upper bound 1000.0. Increasing the bound and calling fit again may find a better value.
  warnings.warn(
/home/dev/hyph-bench/.venv/lib/python3.13/site-packages/sklearn/gaussian_process/kernels.py:450: ConvergenceWarning: The optimal value found for dimension 6 of parameter k1__length_scale is close to the specified upper bound 1000.0. Increasing the bound and calling fit again may find a better value.
  warnings.warn(
/home/dev/hyph-bench/.venv/lib/python3.13/site-packages/sklearn/gaussian_process/kernels.py:440: ConvergenceWarning: The optimal value found for dimension 7 of parameter k1__length_scale is close to the specified lower bound 0.001. Decreasing the bound and calling fit again may find a better value.
  warnings.warn(
/home/dev/hyph-bench/.venv/lib/python3.13/site-packages/sklearn/gaussian_process/kernels.py:440: ConvergenceWarning: The optimal value found for dimension 0 of parameter k2__noise_level is close to the specified lower bound 0.0001. Decreasing the bound and calling fit again may find a better value.
  warnings.warn(
  Tested: weights=('27', '27', '9', '24'), thresholds=(10, 4, 37, 33)
  validation: F_1/7=0.984139, good=252917, bad=3878, missed=13787, trie_nodes=793, objective=0.984138
/home/dev/hyph-bench/.venv/lib/python3.13/site-packages/sklearn/gaussian_process/kernels.py:450: ConvergenceWarning: The optimal value found for dimension 2 of parameter k1__length_scale is close to the specified upper bound 1000.0. Increasing the bound and calling fit again may find a better value.
  warnings.warn(
/home/dev/hyph-bench/.venv/lib/python3.13/site-packages/sklearn/gaussian_process/kernels.py:450: ConvergenceWarning: The optimal value found for dimension 3 of parameter k1__length_scale is close to the specified upper bound 1000.0. Increasing the bound and calling fit again may find a better value.
  warnings.warn(
/home/dev/hyph-bench/.venv/lib/python3.13/site-packages/sklearn/gaussian_process/kernels.py:450: ConvergenceWarning: The optimal value found for dimension 4 of parameter k1__length_scale is close to the specified upper bound 1000.0. Increasing the bound and calling fit again may find a better value.
  warnings.warn(
/home/dev/hyph-bench/.venv/lib/python3.13/site-packages/sklearn/gaussian_process/kernels.py:450: ConvergenceWarning: The optimal value found for dimension 5 of parameter k1__length_scale is close to the specified upper bound 1000.0. Increasing the bound and calling fit again may find a better value.
  warnings.warn(
/home/dev/hyph-bench/.venv/lib/python3.13/site-packages/sklearn/gaussian_process/kernels.py:450: ConvergenceWarning: The optimal value found for dimension 6 of parameter k1__length_scale is close to the specified upper bound 1000.0. Increasing the bound and calling fit again may find a better value.
  warnings.warn(
/home/dev/hyph-bench/.venv/lib/python3.13/site-packages/sklearn/gaussian_process/kernels.py:440: ConvergenceWarning: The optimal value found for dimension 0 of parameter k2__noise_level is close to the specified lower bound 0.0001. Decreasing the bound and calling fit again may find a better value.
  warnings.warn(
  Tested: weights=('13', '25', '1/3', '14'), thresholds=(2, 40, 6, 6)
  validation: F_1/7=0.983442, good=253003, bad=4067, missed=13701, trie_nodes=1024, objective=0.983442
/home/dev/hyph-bench/.venv/lib/python3.13/site-packages/sklearn/gaussian_process/kernels.py:450: ConvergenceWarning: The optimal value found for dimension 2 of parameter k1__length_scale is close to the specified upper bound 1000.0. Increasing the bound and calling fit again may find a better value.
  warnings.warn(
/home/dev/hyph-bench/.venv/lib/python3.13/site-packages/sklearn/gaussian_process/kernels.py:450: ConvergenceWarning: The optimal value found for dimension 3 of parameter k1__length_scale is close to the specified upper bound 1000.0. Increasing the bound and calling fit again may find a better value.
  warnings.warn(
/home/dev/hyph-bench/.venv/lib/python3.13/site-packages/sklearn/gaussian_process/kernels.py:450: ConvergenceWarning: The optimal value found for dimension 4 of parameter k1__length_scale is close to the specified upper bound 1000.0. Increasing the bound and calling fit again may find a better value.
  warnings.warn(
/home/dev/hyph-bench/.venv/lib/python3.13/site-packages/sklearn/gaussian_process/kernels.py:450: ConvergenceWarning: The optimal value found for dimension 5 of parameter k1__length_scale is close to the specified upper bound 1000.0. Increasing the bound and calling fit again may find a better value.
  warnings.warn(
/home/dev/hyph-bench/.venv/lib/python3.13/site-packages/sklearn/gaussian_process/kernels.py:450: ConvergenceWarning: The optimal value found for dimension 6 of parameter k1__length_scale is close to the specified upper bound 1000.0. Increasing the bound and calling fit again may find a better value.
  warnings.warn(
/home/dev/hyph-bench/.venv/lib/python3.13/site-packages/sklearn/gaussian_process/kernels.py:450: ConvergenceWarning: The optimal value found for dimension 7 of parameter k1__length_scale is close to the specified upper bound 1000.0. Increasing the bound and calling fit again may find a better value.
  warnings.warn(
/home/dev/hyph-bench/.venv/lib/python3.13/site-packages/sklearn/gaussian_process/kernels.py:440: ConvergenceWarning: The optimal value found for dimension 0 of parameter k2__noise_level is close to the specified lower bound 0.0001. Decreasing the bound and calling fit again may find a better value.
  warnings.warn(
  Tested: weights=('20', '1/5', '5', '29'), thresholds=(33, 1, 11, 4)
  validation: F_1/7=0.984673, good=252871, bad=3734, missed=13833, trie_nodes=1175, objective=0.984673
/home/dev/hyph-bench/.venv/lib/python3.13/site-packages/sklearn/gaussian_process/kernels.py:450: ConvergenceWarning: The optimal value found for dimension 3 of parameter k1__length_scale is close to the specified upper bound 1000.0. Increasing the bound and calling fit again may find a better value.
  warnings.warn(
/home/dev/hyph-bench/.venv/lib/python3.13/site-packages/sklearn/gaussian_process/kernels.py:450: ConvergenceWarning: The optimal value found for dimension 5 of parameter k1__length_scale is close to the specified upper bound 1000.0. Increasing the bound and calling fit again may find a better value.
  warnings.warn(
/home/dev/hyph-bench/.venv/lib/python3.13/site-packages/sklearn/gaussian_process/kernels.py:450: ConvergenceWarning: The optimal value found for dimension 6 of parameter k1__length_scale is close to the specified upper bound 1000.0. Increasing the bound and calling fit again may find a better value.
  warnings.warn(
/home/dev/hyph-bench/.venv/lib/python3.13/site-packages/sklearn/gaussian_process/kernels.py:450: ConvergenceWarning: The optimal value found for dimension 7 of parameter k1__length_scale is close to the specified upper bound 1000.0. Increasing the bound and calling fit again may find a better value.
  warnings.warn(
/home/dev/hyph-bench/.venv/lib/python3.13/site-packages/sklearn/gaussian_process/kernels.py:440: ConvergenceWarning: The optimal value found for dimension 0 of parameter k2__noise_level is close to the specified lower bound 0.0001. Decreasing the bound and calling fit again may find a better value.
  warnings.warn(
  Tested: weights=('1/5', '30', '16', '20'), thresholds=(41, 18, 1, 42)
  validation: F_1/7=0.827037, good=253023, bad=53717, missed=13681, trie_nodes=826, objective=0.827036
  Best so far: weights=('28', '1/4', '27', '1/4'), thresholds=(25, 4, 37, 39), score=0.984951, elapsed=808.4s

============================================================
Iteration 13/30
/home/dev/hyph-bench/.venv/lib/python3.13/site-packages/sklearn/gaussian_process/kernels.py:450: ConvergenceWarning: The optimal value found for dimension 3 of parameter k1__length_scale is close to the specified upper bound 1000.0. Increasing the bound and calling fit again may find a better value.
  warnings.warn(
/home/dev/hyph-bench/.venv/lib/python3.13/site-packages/sklearn/gaussian_process/kernels.py:450: ConvergenceWarning: The optimal value found for dimension 5 of parameter k1__length_scale is close to the specified upper bound 1000.0. Increasing the bound and calling fit again may find a better value.
  warnings.warn(
/home/dev/hyph-bench/.venv/lib/python3.13/site-packages/sklearn/gaussian_process/kernels.py:450: ConvergenceWarning: The optimal value found for dimension 6 of parameter k1__length_scale is close to the specified upper bound 1000.0. Increasing the bound and calling fit again may find a better value.
  warnings.warn(
/home/dev/hyph-bench/.venv/lib/python3.13/site-packages/sklearn/gaussian_process/kernels.py:450: ConvergenceWarning: The optimal value found for dimension 7 of parameter k1__length_scale is close to the specified upper bound 1000.0. Increasing the bound and calling fit again may find a better value.
  warnings.warn(
/home/dev/hyph-bench/.venv/lib/python3.13/site-packages/sklearn/gaussian_process/kernels.py:440: ConvergenceWarning: The optimal value found for dimension 0 of parameter k2__noise_level is close to the specified lower bound 0.0001. Decreasing the bound and calling fit again may find a better value.
  warnings.warn(
  Tested: weights=('30', '24', '25', '12'), thresholds=(5, 39, 5, 36)
  validation: F_1/7=0.983796, good=252963, bad=3971, missed=13741, trie_nodes=827, objective=0.983796
/home/dev/hyph-bench/.venv/lib/python3.13/site-packages/sklearn/gaussian_process/kernels.py:450: ConvergenceWarning: The optimal value found for dimension 2 of parameter k1__length_scale is close to the specified upper bound 1000.0. Increasing the bound and calling fit again may find a better value.
  warnings.warn(
/home/dev/hyph-bench/.venv/lib/python3.13/site-packages/sklearn/gaussian_process/kernels.py:450: ConvergenceWarning: The optimal value found for dimension 3 of parameter k1__length_scale is close to the specified upper bound 1000.0. Increasing the bound and calling fit again may find a better value.
  warnings.warn(
/home/dev/hyph-bench/.venv/lib/python3.13/site-packages/sklearn/gaussian_process/kernels.py:450: ConvergenceWarning: The optimal value found for dimension 4 of parameter k1__length_scale is close to the specified upper bound 1000.0. Increasing the bound and calling fit again may find a better value.
  warnings.warn(
/home/dev/hyph-bench/.venv/lib/python3.13/site-packages/sklearn/gaussian_process/kernels.py:450: ConvergenceWarning: The optimal value found for dimension 5 of parameter k1__length_scale is close to the specified upper bound 1000.0. Increasing the bound and calling fit again may find a better value.
  warnings.warn(
/home/dev/hyph-bench/.venv/lib/python3.13/site-packages/sklearn/gaussian_process/kernels.py:450: ConvergenceWarning: The optimal value found for dimension 6 of parameter k1__length_scale is close to the specified upper bound 1000.0. Increasing the bound and calling fit again may find a better value.
  warnings.warn(
/home/dev/hyph-bench/.venv/lib/python3.13/site-packages/sklearn/gaussian_process/kernels.py:450: ConvergenceWarning: The optimal value found for dimension 7 of parameter k1__length_scale is close to the specified upper bound 1000.0. Increasing the bound and calling fit again may find a better value.
  warnings.warn(
/home/dev/hyph-bench/.venv/lib/python3.13/site-packages/sklearn/gaussian_process/kernels.py:440: ConvergenceWarning: The optimal value found for dimension 0 of parameter k2__noise_level is close to the specified lower bound 0.0001. Decreasing the bound and calling fit again may find a better value.
  warnings.warn(
  Tested: weights=('17', '18', '12', '1/4'), thresholds=(35, 5, 36, 39)
  validation: F_1/7=0.983705, good=252821, bad=3990, missed=13883, trie_nodes=704, objective=0.983705
/home/dev/hyph-bench/.venv/lib/python3.13/site-packages/sklearn/gaussian_process/kernels.py:450: ConvergenceWarning: The optimal value found for dimension 2 of parameter k1__length_scale is close to the specified upper bound 1000.0. Increasing the bound and calling fit again may find a better value.
  warnings.warn(
/home/dev/hyph-bench/.venv/lib/python3.13/site-packages/sklearn/gaussian_process/kernels.py:450: ConvergenceWarning: The optimal value found for dimension 3 of parameter k1__length_scale is close to the specified upper bound 1000.0. Increasing the bound and calling fit again may find a better value.
  warnings.warn(
/home/dev/hyph-bench/.venv/lib/python3.13/site-packages/sklearn/gaussian_process/kernels.py:450: ConvergenceWarning: The optimal value found for dimension 4 of parameter k1__length_scale is close to the specified upper bound 1000.0. Increasing the bound and calling fit again may find a better value.
  warnings.warn(
/home/dev/hyph-bench/.venv/lib/python3.13/site-packages/sklearn/gaussian_process/kernels.py:450: ConvergenceWarning: The optimal value found for dimension 5 of parameter k1__length_scale is close to the specified upper bound 1000.0. Increasing the bound and calling fit again may find a better value.
  warnings.warn(
/home/dev/hyph-bench/.venv/lib/python3.13/site-packages/sklearn/gaussian_process/kernels.py:450: ConvergenceWarning: The optimal value found for dimension 6 of parameter k1__length_scale is close to the specified upper bound 1000.0. Increasing the bound and calling fit again may find a better value.
  warnings.warn(
/home/dev/hyph-bench/.venv/lib/python3.13/site-packages/sklearn/gaussian_process/kernels.py:440: ConvergenceWarning: The optimal value found for dimension 0 of parameter k2__noise_level is close to the specified lower bound 0.0001. Decreasing the bound and calling fit again may find a better value.
  warnings.warn(
  Tested: weights=('19', '21', '29', '30'), thresholds=(1, 12, 42, 1)
  validation: F_1/7=0.983914, good=252999, bad=3941, missed=13705, trie_nodes=1895, objective=0.983913
/home/dev/hyph-bench/.venv/lib/python3.13/site-packages/sklearn/gaussian_process/kernels.py:450: ConvergenceWarning: The optimal value found for dimension 2 of parameter k1__length_scale is close to the specified upper bound 1000.0. Increasing the bound and calling fit again may find a better value.
  warnings.warn(
/home/dev/hyph-bench/.venv/lib/python3.13/site-packages/sklearn/gaussian_process/kernels.py:450: ConvergenceWarning: The optimal value found for dimension 3 of parameter k1__length_scale is close to the specified upper bound 1000.0. Increasing the bound and calling fit again may find a better value.
  warnings.warn(
/home/dev/hyph-bench/.venv/lib/python3.13/site-packages/sklearn/gaussian_process/kernels.py:450: ConvergenceWarning: The optimal value found for dimension 4 of parameter k1__length_scale is close to the specified upper bound 1000.0. Increasing the bound and calling fit again may find a better value.
  warnings.warn(
/home/dev/hyph-bench/.venv/lib/python3.13/site-packages/sklearn/gaussian_process/kernels.py:450: ConvergenceWarning: The optimal value found for dimension 5 of parameter k1__length_scale is close to the specified upper bound 1000.0. Increasing the bound and calling fit again may find a better value.
  warnings.warn(
/home/dev/hyph-bench/.venv/lib/python3.13/site-packages/sklearn/gaussian_process/kernels.py:450: ConvergenceWarning: The optimal value found for dimension 6 of parameter k1__length_scale is close to the specified upper bound 1000.0. Increasing the bound and calling fit again may find a better value.
  warnings.warn(
/home/dev/hyph-bench/.venv/lib/python3.13/site-packages/sklearn/gaussian_process/kernels.py:440: ConvergenceWarning: The optimal value found for dimension 0 of parameter k2__noise_level is close to the specified lower bound 0.0001. Decreasing the bound and calling fit again may find a better value.
  warnings.warn(
  Tested: weights=('3', '1/4', '1/5', '23'), thresholds=(34, 20, 25, 4)
  validation: F_1/7=0.966972, good=252998, bad=8538, missed=13706, trie_nodes=763, objective=0.966972
/home/dev/hyph-bench/.venv/lib/python3.13/site-packages/sklearn/gaussian_process/kernels.py:450: ConvergenceWarning: The optimal value found for dimension 2 of parameter k1__length_scale is close to the specified upper bound 1000.0. Increasing the bound and calling fit again may find a better value.
  warnings.warn(
/home/dev/hyph-bench/.venv/lib/python3.13/site-packages/sklearn/gaussian_process/kernels.py:450: ConvergenceWarning: The optimal value found for dimension 3 of parameter k1__length_scale is close to the specified upper bound 1000.0. Increasing the bound and calling fit again may find a better value.
  warnings.warn(
/home/dev/hyph-bench/.venv/lib/python3.13/site-packages/sklearn/gaussian_process/kernels.py:450: ConvergenceWarning: The optimal value found for dimension 4 of parameter k1__length_scale is close to the specified upper bound 1000.0. Increasing the bound and calling fit again may find a better value.
  warnings.warn(
/home/dev/hyph-bench/.venv/lib/python3.13/site-packages/sklearn/gaussian_process/kernels.py:450: ConvergenceWarning: The optimal value found for dimension 5 of parameter k1__length_scale is close to the specified upper bound 1000.0. Increasing the bound and calling fit again may find a better value.
  warnings.warn(
/home/dev/hyph-bench/.venv/lib/python3.13/site-packages/sklearn/gaussian_process/kernels.py:450: ConvergenceWarning: The optimal value found for dimension 6 of parameter k1__length_scale is close to the specified upper bound 1000.0. Increasing the bound and calling fit again may find a better value.
  warnings.warn(
/home/dev/hyph-bench/.venv/lib/python3.13/site-packages/sklearn/gaussian_process/kernels.py:440: ConvergenceWarning: The optimal value found for dimension 0 of parameter k2__noise_level is close to the specified lower bound 0.0001. Decreasing the bound and calling fit again may find a better value.
  warnings.warn(
  Tested: weights=('2', '4', '3', '30'), thresholds=(5, 42, 37, 37)
  validation: F_1/7=0.924691, good=252973, bad=20743, missed=13731, trie_nodes=552, objective=0.924691
  Best so far: weights=('28', '1/4', '27', '1/4'), thresholds=(25, 4, 37, 39), score=0.984951, elapsed=882.5s

============================================================
Iteration 14/30
/home/dev/hyph-bench/.venv/lib/python3.13/site-packages/sklearn/gaussian_process/kernels.py:450: ConvergenceWarning: The optimal value found for dimension 2 of parameter k1__length_scale is close to the specified upper bound 1000.0. Increasing the bound and calling fit again may find a better value.
  warnings.warn(
/home/dev/hyph-bench/.venv/lib/python3.13/site-packages/sklearn/gaussian_process/kernels.py:450: ConvergenceWarning: The optimal value found for dimension 3 of parameter k1__length_scale is close to the specified upper bound 1000.0. Increasing the bound and calling fit again may find a better value.
  warnings.warn(
/home/dev/hyph-bench/.venv/lib/python3.13/site-packages/sklearn/gaussian_process/kernels.py:450: ConvergenceWarning: The optimal value found for dimension 5 of parameter k1__length_scale is close to the specified upper bound 1000.0. Increasing the bound and calling fit again may find a better value.
  warnings.warn(
/home/dev/hyph-bench/.venv/lib/python3.13/site-packages/sklearn/gaussian_process/kernels.py:450: ConvergenceWarning: The optimal value found for dimension 6 of parameter k1__length_scale is close to the specified upper bound 1000.0. Increasing the bound and calling fit again may find a better value.
  warnings.warn(
/home/dev/hyph-bench/.venv/lib/python3.13/site-packages/sklearn/gaussian_process/kernels.py:440: ConvergenceWarning: The optimal value found for dimension 0 of parameter k2__noise_level is close to the specified lower bound 0.0001. Decreasing the bound and calling fit again may find a better value.
  warnings.warn(
  Tested: weights=('28', '30', '1/2', '28'), thresholds=(14, 39, 31, 26)
  validation: F_1/7=0.983840, good=252926, bad=3958, missed=13778, trie_nodes=697, objective=0.983840
/home/dev/hyph-bench/.venv/lib/python3.13/site-packages/sklearn/gaussian_process/kernels.py:450: ConvergenceWarning: The optimal value found for dimension 1 of parameter k1__length_scale is close to the specified upper bound 1000.0. Increasing the bound and calling fit again may find a better value.
  warnings.warn(
/home/dev/hyph-bench/.venv/lib/python3.13/site-packages/sklearn/gaussian_process/kernels.py:450: ConvergenceWarning: The optimal value found for dimension 2 of parameter k1__length_scale is close to the specified upper bound 1000.0. Increasing the bound and calling fit again may find a better value.
  warnings.warn(
/home/dev/hyph-bench/.venv/lib/python3.13/site-packages/sklearn/gaussian_process/kernels.py:450: ConvergenceWarning: The optimal value found for dimension 3 of parameter k1__length_scale is close to the specified upper bound 1000.0. Increasing the bound and calling fit again may find a better value.
  warnings.warn(
/home/dev/hyph-bench/.venv/lib/python3.13/site-packages/sklearn/gaussian_process/kernels.py:450: ConvergenceWarning: The optimal value found for dimension 4 of parameter k1__length_scale is close to the specified upper bound 1000.0. Increasing the bound and calling fit again may find a better value.
  warnings.warn(
/home/dev/hyph-bench/.venv/lib/python3.13/site-packages/sklearn/gaussian_process/kernels.py:450: ConvergenceWarning: The optimal value found for dimension 5 of parameter k1__length_scale is close to the specified upper bound 1000.0. Increasing the bound and calling fit again may find a better value.
  warnings.warn(
/home/dev/hyph-bench/.venv/lib/python3.13/site-packages/sklearn/gaussian_process/kernels.py:450: ConvergenceWarning: The optimal value found for dimension 6 of parameter k1__length_scale is close to the specified upper bound 1000.0. Increasing the bound and calling fit again may find a better value.
  warnings.warn(
/home/dev/hyph-bench/.venv/lib/python3.13/site-packages/sklearn/gaussian_process/kernels.py:440: ConvergenceWarning: The optimal value found for dimension 7 of parameter k1__length_scale is close to the specified lower bound 0.001. Decreasing the bound and calling fit again may find a better value.
  warnings.warn(
/home/dev/hyph-bench/.venv/lib/python3.13/site-packages/sklearn/gaussian_process/kernels.py:440: ConvergenceWarning: The optimal value found for dimension 0 of parameter k2__noise_level is close to the specified lower bound 0.0001. Decreasing the bound and calling fit again may find a better value.
  warnings.warn(
  Tested: weights=('10', '24', '28', '24'), thresholds=(32, 1, 12, 27)
  validation: F_1/7=0.983626, good=252898, bad=4014, missed=13806, trie_nodes=1330, objective=0.983625
/home/dev/hyph-bench/.venv/lib/python3.13/site-packages/sklearn/gaussian_process/kernels.py:450: ConvergenceWarning: The optimal value found for dimension 1 of parameter k1__length_scale is close to the specified upper bound 1000.0. Increasing the bound and calling fit again may find a better value.
  warnings.warn(
/home/dev/hyph-bench/.venv/lib/python3.13/site-packages/sklearn/gaussian_process/kernels.py:450: ConvergenceWarning: The optimal value found for dimension 2 of parameter k1__length_scale is close to the specified upper bound 1000.0. Increasing the bound and calling fit again may find a better value.
  warnings.warn(
/home/dev/hyph-bench/.venv/lib/python3.13/site-packages/sklearn/gaussian_process/kernels.py:450: ConvergenceWarning: The optimal value found for dimension 3 of parameter k1__length_scale is close to the specified upper bound 1000.0. Increasing the bound and calling fit again may find a better value.
  warnings.warn(
/home/dev/hyph-bench/.venv/lib/python3.13/site-packages/sklearn/gaussian_process/kernels.py:450: ConvergenceWarning: The optimal value found for dimension 7 of parameter k1__length_scale is close to the specified upper bound 1000.0. Increasing the bound and calling fit again may find a better value.
  warnings.warn(
/home/dev/hyph-bench/.venv/lib/python3.13/site-packages/sklearn/gaussian_process/kernels.py:440: ConvergenceWarning: The optimal value found for dimension 0 of parameter k2__noise_level is close to the specified lower bound 0.0001. Decreasing the bound and calling fit again may find a better value.
  warnings.warn(
  Tested: weights=('30', '14', '26', '1/3'), thresholds=(4, 9, 36, 42)
  validation: F_1/7=0.984052, good=252963, bad=3903, missed=13741, trie_nodes=882, objective=0.984051
/home/dev/hyph-bench/.venv/lib/python3.13/site-packages/sklearn/gaussian_process/kernels.py:450: ConvergenceWarning: The optimal value found for dimension 2 of parameter k1__length_scale is close to the specified upper bound 1000.0. Increasing the bound and calling fit again may find a better value.
  warnings.warn(
/home/dev/hyph-bench/.venv/lib/python3.13/site-packages/sklearn/gaussian_process/kernels.py:450: ConvergenceWarning: The optimal value found for dimension 3 of parameter k1__length_scale is close to the specified upper bound 1000.0. Increasing the bound and calling fit again may find a better value.
  warnings.warn(
/home/dev/hyph-bench/.venv/lib/python3.13/site-packages/sklearn/gaussian_process/kernels.py:450: ConvergenceWarning: The optimal value found for dimension 4 of parameter k1__length_scale is close to the specified upper bound 1000.0. Increasing the bound and calling fit again may find a better value.
  warnings.warn(
/home/dev/hyph-bench/.venv/lib/python3.13/site-packages/sklearn/gaussian_process/kernels.py:450: ConvergenceWarning: The optimal value found for dimension 5 of parameter k1__length_scale is close to the specified upper bound 1000.0. Increasing the bound and calling fit again may find a better value.
  warnings.warn(
/home/dev/hyph-bench/.venv/lib/python3.13/site-packages/sklearn/gaussian_process/kernels.py:450: ConvergenceWarning: The optimal value found for dimension 6 of parameter k1__length_scale is close to the specified upper bound 1000.0. Increasing the bound and calling fit again may find a better value.
  warnings.warn(
/home/dev/hyph-bench/.venv/lib/python3.13/site-packages/sklearn/gaussian_process/kernels.py:440: ConvergenceWarning: The optimal value found for dimension 0 of parameter k2__noise_level is close to the specified lower bound 0.0001. Decreasing the bound and calling fit again may find a better value.
  warnings.warn(
  Tested: weights=('9', '18', '18', '1/4'), thresholds=(22, 36, 38, 5)
  validation: F_1/7=0.983725, good=252853, bad=3986, missed=13851, trie_nodes=819, objective=0.983724
/home/dev/hyph-bench/.venv/lib/python3.13/site-packages/sklearn/gaussian_process/kernels.py:450: ConvergenceWarning: The optimal value found for dimension 2 of parameter k1__length_scale is close to the specified upper bound 1000.0. Increasing the bound and calling fit again may find a better value.
  warnings.warn(
/home/dev/hyph-bench/.venv/lib/python3.13/site-packages/sklearn/gaussian_process/kernels.py:450: ConvergenceWarning: The optimal value found for dimension 3 of parameter k1__length_scale is close to the specified upper bound 1000.0. Increasing the bound and calling fit again may find a better value.
  warnings.warn(
/home/dev/hyph-bench/.venv/lib/python3.13/site-packages/sklearn/gaussian_process/kernels.py:450: ConvergenceWarning: The optimal value found for dimension 4 of parameter k1__length_scale is close to the specified upper bound 1000.0. Increasing the bound and calling fit again may find a better value.
  warnings.warn(
/home/dev/hyph-bench/.venv/lib/python3.13/site-packages/sklearn/gaussian_process/kernels.py:450: ConvergenceWarning: The optimal value found for dimension 5 of parameter k1__length_scale is close to the specified upper bound 1000.0. Increasing the bound and calling fit again may find a better value.
  warnings.warn(
/home/dev/hyph-bench/.venv/lib/python3.13/site-packages/sklearn/gaussian_process/kernels.py:450: ConvergenceWarning: The optimal value found for dimension 6 of parameter k1__length_scale is close to the specified upper bound 1000.0. Increasing the bound and calling fit again may find a better value.
  warnings.warn(
/home/dev/hyph-bench/.venv/lib/python3.13/site-packages/sklearn/gaussian_process/kernels.py:450: ConvergenceWarning: The optimal value found for dimension 7 of parameter k1__length_scale is close to the specified upper bound 1000.0. Increasing the bound and calling fit again may find a better value.
  warnings.warn(
/home/dev/hyph-bench/.venv/lib/python3.13/site-packages/sklearn/gaussian_process/kernels.py:440: ConvergenceWarning: The optimal value found for dimension 0 of parameter k2__noise_level is close to the specified lower bound 0.0001. Decreasing the bound and calling fit again may find a better value.
  warnings.warn(
  Tested: weights=('12', '3', '1/4', '18'), thresholds=(42, 36, 1, 4)
  validation: F_1/7=0.983404, good=253024, bad=4078, missed=13680, trie_nodes=1202, objective=0.983403
  Best so far: weights=('28', '1/4', '27', '1/4'), thresholds=(25, 4, 37, 39), score=0.984951, elapsed=969.2s

============================================================
Iteration 15/30
/home/dev/hyph-bench/.venv/lib/python3.13/site-packages/sklearn/gaussian_process/kernels.py:450: ConvergenceWarning: The optimal value found for dimension 1 of parameter k1__length_scale is close to the specified upper bound 1000.0. Increasing the bound and calling fit again may find a better value.
  warnings.warn(
/home/dev/hyph-bench/.venv/lib/python3.13/site-packages/sklearn/gaussian_process/kernels.py:450: ConvergenceWarning: The optimal value found for dimension 2 of parameter k1__length_scale is close to the specified upper bound 1000.0. Increasing the bound and calling fit again may find a better value.
  warnings.warn(
/home/dev/hyph-bench/.venv/lib/python3.13/site-packages/sklearn/gaussian_process/kernels.py:450: ConvergenceWarning: The optimal value found for dimension 3 of parameter k1__length_scale is close to the specified upper bound 1000.0. Increasing the bound and calling fit again may find a better value.
  warnings.warn(
/home/dev/hyph-bench/.venv/lib/python3.13/site-packages/sklearn/gaussian_process/kernels.py:450: ConvergenceWarning: The optimal value found for dimension 4 of parameter k1__length_scale is close to the specified upper bound 1000.0. Increasing the bound and calling fit again may find a better value.
  warnings.warn(
/home/dev/hyph-bench/.venv/lib/python3.13/site-packages/sklearn/gaussian_process/kernels.py:450: ConvergenceWarning: The optimal value found for dimension 5 of parameter k1__length_scale is close to the specified upper bound 1000.0. Increasing the bound and calling fit again may find a better value.
  warnings.warn(
/home/dev/hyph-bench/.venv/lib/python3.13/site-packages/sklearn/gaussian_process/kernels.py:450: ConvergenceWarning: The optimal value found for dimension 7 of parameter k1__length_scale is close to the specified upper bound 1000.0. Increasing the bound and calling fit again may find a better value.
  warnings.warn(
/home/dev/hyph-bench/.venv/lib/python3.13/site-packages/sklearn/gaussian_process/kernels.py:440: ConvergenceWarning: The optimal value found for dimension 0 of parameter k2__noise_level is close to the specified lower bound 0.0001. Decreasing the bound and calling fit again may find a better value.
  warnings.warn(
  Tested: weights=('4', '21', '6', '1'), thresholds=(29, 25, 31, 20)
  validation: F_1/7=0.967583, good=252900, bad=8364, missed=13804, trie_nodes=579, objective=0.967583
/home/dev/hyph-bench/.venv/lib/python3.13/site-packages/sklearn/gaussian_process/kernels.py:450: ConvergenceWarning: The optimal value found for dimension 1 of parameter k1__length_scale is close to the specified upper bound 1000.0. Increasing the bound and calling fit again may find a better value.
  warnings.warn(
/home/dev/hyph-bench/.venv/lib/python3.13/site-packages/sklearn/gaussian_process/kernels.py:450: ConvergenceWarning: The optimal value found for dimension 2 of parameter k1__length_scale is close to the specified upper bound 1000.0. Increasing the bound and calling fit again may find a better value.
  warnings.warn(
/home/dev/hyph-bench/.venv/lib/python3.13/site-packages/sklearn/gaussian_process/kernels.py:450: ConvergenceWarning: The optimal value found for dimension 3 of parameter k1__length_scale is close to the specified upper bound 1000.0. Increasing the bound and calling fit again may find a better value.
  warnings.warn(
/home/dev/hyph-bench/.venv/lib/python3.13/site-packages/sklearn/gaussian_process/kernels.py:450: ConvergenceWarning: The optimal value found for dimension 4 of parameter k1__length_scale is close to the specified upper bound 1000.0. Increasing the bound and calling fit again may find a better value.
  warnings.warn(
/home/dev/hyph-bench/.venv/lib/python3.13/site-packages/sklearn/gaussian_process/kernels.py:450: ConvergenceWarning: The optimal value found for dimension 5 of parameter k1__length_scale is close to the specified upper bound 1000.0. Increasing the bound and calling fit again may find a better value.
  warnings.warn(
/home/dev/hyph-bench/.venv/lib/python3.13/site-packages/sklearn/gaussian_process/kernels.py:450: ConvergenceWarning: The optimal value found for dimension 6 of parameter k1__length_scale is close to the specified upper bound 1000.0. Increasing the bound and calling fit again may find a better value.
  warnings.warn(
/home/dev/hyph-bench/.venv/lib/python3.13/site-packages/sklearn/gaussian_process/kernels.py:440: ConvergenceWarning: The optimal value found for dimension 0 of parameter k2__noise_level is close to the specified lower bound 0.0001. Decreasing the bound and calling fit again may find a better value.
  warnings.warn(
  Tested: weights=('17', '1/5', '27', '9'), thresholds=(40, 40, 8, 33)
  validation: F_1/7=0.984100, good=252935, bad=3889, missed=13769, trie_nodes=782, objective=0.984100
/home/dev/hyph-bench/.venv/lib/python3.13/site-packages/sklearn/gaussian_process/kernels.py:450: ConvergenceWarning: The optimal value found for dimension 2 of parameter k1__length_scale is close to the specified upper bound 1000.0. Increasing the bound and calling fit again may find a better value.
  warnings.warn(
/home/dev/hyph-bench/.venv/lib/python3.13/site-packages/sklearn/gaussian_process/kernels.py:450: ConvergenceWarning: The optimal value found for dimension 3 of parameter k1__length_scale is close to the specified upper bound 1000.0. Increasing the bound and calling fit again may find a better value.
  warnings.warn(
/home/dev/hyph-bench/.venv/lib/python3.13/site-packages/sklearn/gaussian_process/kernels.py:450: ConvergenceWarning: The optimal value found for dimension 4 of parameter k1__length_scale is close to the specified upper bound 1000.0. Increasing the bound and calling fit again may find a better value.
  warnings.warn(
/home/dev/hyph-bench/.venv/lib/python3.13/site-packages/sklearn/gaussian_process/kernels.py:450: ConvergenceWarning: The optimal value found for dimension 5 of parameter k1__length_scale is close to the specified upper bound 1000.0. Increasing the bound and calling fit again may find a better value.
  warnings.warn(
/home/dev/hyph-bench/.venv/lib/python3.13/site-packages/sklearn/gaussian_process/kernels.py:450: ConvergenceWarning: The optimal value found for dimension 6 of parameter k1__length_scale is close to the specified upper bound 1000.0. Increasing the bound and calling fit again may find a better value.
  warnings.warn(
/home/dev/hyph-bench/.venv/lib/python3.13/site-packages/sklearn/gaussian_process/kernels.py:440: ConvergenceWarning: The optimal value found for dimension 0 of parameter k2__noise_level is close to the specified lower bound 0.0001. Decreasing the bound and calling fit again may find a better value.
  warnings.warn(
  Tested: weights=('26', '4', '24', '22'), thresholds=(6, 1, 10, 42)
  validation: F_1/7=0.984258, good=252936, bad=3847, missed=13768, trie_nodes=1352, objective=0.984257
/home/dev/hyph-bench/.venv/lib/python3.13/site-packages/sklearn/gaussian_process/kernels.py:450: ConvergenceWarning: The optimal value found for dimension 1 of parameter k1__length_scale is close to the specified upper bound 1000.0. Increasing the bound and calling fit again may find a better value.
  warnings.warn(
/home/dev/hyph-bench/.venv/lib/python3.13/site-packages/sklearn/gaussian_process/kernels.py:450: ConvergenceWarning: The optimal value found for dimension 2 of parameter k1__length_scale is close to the specified upper bound 1000.0. Increasing the bound and calling fit again may find a better value.
  warnings.warn(
/home/dev/hyph-bench/.venv/lib/python3.13/site-packages/sklearn/gaussian_process/kernels.py:450: ConvergenceWarning: The optimal value found for dimension 3 of parameter k1__length_scale is close to the specified upper bound 1000.0. Increasing the bound and calling fit again may find a better value.
  warnings.warn(
/home/dev/hyph-bench/.venv/lib/python3.13/site-packages/sklearn/gaussian_process/kernels.py:450: ConvergenceWarning: The optimal value found for dimension 4 of parameter k1__length_scale is close to the specified upper bound 1000.0. Increasing the bound and calling fit again may find a better value.
  warnings.warn(
/home/dev/hyph-bench/.venv/lib/python3.13/site-packages/sklearn/gaussian_process/kernels.py:450: ConvergenceWarning: The optimal value found for dimension 5 of parameter k1__length_scale is close to the specified upper bound 1000.0. Increasing the bound and calling fit again may find a better value.
  warnings.warn(
/home/dev/hyph-bench/.venv/lib/python3.13/site-packages/sklearn/gaussian_process/kernels.py:450: ConvergenceWarning: The optimal value found for dimension 6 of parameter k1__length_scale is close to the specified upper bound 1000.0. Increasing the bound and calling fit again may find a better value.
  warnings.warn(
/home/dev/hyph-bench/.venv/lib/python3.13/site-packages/sklearn/gaussian_process/kernels.py:440: ConvergenceWarning: The optimal value found for dimension 0 of parameter k2__noise_level is close to the specified lower bound 0.0001. Decreasing the bound and calling fit again may find a better value.
  warnings.warn(
  Tested: weights=('9', '8', '26', '30'), thresholds=(32, 4, 23, 4)
  validation: F_1/7=0.983523, good=252858, bad=4040, missed=13846, trie_nodes=710, objective=0.983523
/home/dev/hyph-bench/.venv/lib/python3.13/site-packages/sklearn/gaussian_process/kernels.py:450: ConvergenceWarning: The optimal value found for dimension 2 of parameter k1__length_scale is close to the specified upper bound 1000.0. Increasing the bound and calling fit again may find a better value.
  warnings.warn(
/home/dev/hyph-bench/.venv/lib/python3.13/site-packages/sklearn/gaussian_process/kernels.py:450: ConvergenceWarning: The optimal value found for dimension 3 of parameter k1__length_scale is close to the specified upper bound 1000.0. Increasing the bound and calling fit again may find a better value.
  warnings.warn(
/home/dev/hyph-bench/.venv/lib/python3.13/site-packages/sklearn/gaussian_process/kernels.py:450: ConvergenceWarning: The optimal value found for dimension 4 of parameter k1__length_scale is close to the specified upper bound 1000.0. Increasing the bound and calling fit again may find a better value.
  warnings.warn(
/home/dev/hyph-bench/.venv/lib/python3.13/site-packages/sklearn/gaussian_process/kernels.py:450: ConvergenceWarning: The optimal value found for dimension 5 of parameter k1__length_scale is close to the specified upper bound 1000.0. Increasing the bound and calling fit again may find a better value.
  warnings.warn(
/home/dev/hyph-bench/.venv/lib/python3.13/site-packages/sklearn/gaussian_process/kernels.py:450: ConvergenceWarning: The optimal value found for dimension 6 of parameter k1__length_scale is close to the specified upper bound 1000.0. Increasing the bound and calling fit again may find a better value.
  warnings.warn(
/home/dev/hyph-bench/.venv/lib/python3.13/site-packages/sklearn/gaussian_process/kernels.py:450: ConvergenceWarning: The optimal value found for dimension 7 of parameter k1__length_scale is close to the specified upper bound 1000.0. Increasing the bound and calling fit again may find a better value.
  warnings.warn(
/home/dev/hyph-bench/.venv/lib/python3.13/site-packages/sklearn/gaussian_process/kernels.py:440: ConvergenceWarning: The optimal value found for dimension 0 of parameter k2__noise_level is close to the specified lower bound 0.0001. Decreasing the bound and calling fit again may find a better value.
  warnings.warn(
  Tested: weights=('9', '1/5', '1/2', '23'), thresholds=(7, 41, 14, 1)
  validation: F_1/7=0.983567, good=252955, bad=4032, missed=13749, trie_nodes=1420, objective=0.983566
  Best so far: weights=('28', '1/4', '27', '1/4'), thresholds=(25, 4, 37, 39), score=0.984951, elapsed=1038.9s

============================================================
Iteration 16/30
/home/dev/hyph-bench/.venv/lib/python3.13/site-packages/sklearn/gaussian_process/kernels.py:450: ConvergenceWarning: The optimal value found for dimension 2 of parameter k1__length_scale is close to the specified upper bound 1000.0. Increasing the bound and calling fit again may find a better value.
  warnings.warn(
/home/dev/hyph-bench/.venv/lib/python3.13/site-packages/sklearn/gaussian_process/kernels.py:450: ConvergenceWarning: The optimal value found for dimension 3 of parameter k1__length_scale is close to the specified upper bound 1000.0. Increasing the bound and calling fit again may find a better value.
  warnings.warn(
/home/dev/hyph-bench/.venv/lib/python3.13/site-packages/sklearn/gaussian_process/kernels.py:450: ConvergenceWarning: The optimal value found for dimension 4 of parameter k1__length_scale is close to the specified upper bound 1000.0. Increasing the bound and calling fit again may find a better value.
  warnings.warn(
/home/dev/hyph-bench/.venv/lib/python3.13/site-packages/sklearn/gaussian_process/kernels.py:450: ConvergenceWarning: The optimal value found for dimension 5 of parameter k1__length_scale is close to the specified upper bound 1000.0. Increasing the bound and calling fit again may find a better value.
  warnings.warn(
/home/dev/hyph-bench/.venv/lib/python3.13/site-packages/sklearn/gaussian_process/kernels.py:450: ConvergenceWarning: The optimal value found for dimension 6 of parameter k1__length_scale is close to the specified upper bound 1000.0. Increasing the bound and calling fit again may find a better value.
  warnings.warn(
/home/dev/hyph-bench/.venv/lib/python3.13/site-packages/sklearn/gaussian_process/kernels.py:440: ConvergenceWarning: The optimal value found for dimension 0 of parameter k2__noise_level is close to the specified lower bound 0.0001. Decreasing the bound and calling fit again may find a better value.
  warnings.warn(
  Tested: weights=('11', '11', '30', '29'), thresholds=(2, 36, 34, 40)
  validation: F_1/7=0.982675, good=253002, bad=4272, missed=13702, trie_nodes=943, objective=0.982674
/home/dev/hyph-bench/.venv/lib/python3.13/site-packages/sklearn/gaussian_process/kernels.py:450: ConvergenceWarning: The optimal value found for dimension 2 of parameter k1__length_scale is close to the specified upper bound 1000.0. Increasing the bound and calling fit again may find a better value.
  warnings.warn(
/home/dev/hyph-bench/.venv/lib/python3.13/site-packages/sklearn/gaussian_process/kernels.py:450: ConvergenceWarning: The optimal value found for dimension 3 of parameter k1__length_scale is close to the specified upper bound 1000.0. Increasing the bound and calling fit again may find a better value.
  warnings.warn(
/home/dev/hyph-bench/.venv/lib/python3.13/site-packages/sklearn/gaussian_process/kernels.py:450: ConvergenceWarning: The optimal value found for dimension 4 of parameter k1__length_scale is close to the specified upper bound 1000.0. Increasing the bound and calling fit again may find a better value.
  warnings.warn(
/home/dev/hyph-bench/.venv/lib/python3.13/site-packages/sklearn/gaussian_process/kernels.py:450: ConvergenceWarning: The optimal value found for dimension 5 of parameter k1__length_scale is close to the specified upper bound 1000.0. Increasing the bound and calling fit again may find a better value.
  warnings.warn(
/home/dev/hyph-bench/.venv/lib/python3.13/site-packages/sklearn/gaussian_process/kernels.py:450: ConvergenceWarning: The optimal value found for dimension 6 of parameter k1__length_scale is close to the specified upper bound 1000.0. Increasing the bound and calling fit again may find a better value.
  warnings.warn(
/home/dev/hyph-bench/.venv/lib/python3.13/site-packages/sklearn/gaussian_process/kernels.py:440: ConvergenceWarning: The optimal value found for dimension 0 of parameter k2__noise_level is close to the specified lower bound 0.0001. Decreasing the bound and calling fit again may find a better value.
  warnings.warn(
  Tested: weights=('18', '30', '6', '8'), thresholds=(32, 28, 33, 4)
  validation: F_1/7=0.983747, good=252849, bad=3980, missed=13855, trie_nodes=720, objective=0.983746
/home/dev/hyph-bench/.venv/lib/python3.13/site-packages/sklearn/gaussian_process/kernels.py:450: ConvergenceWarning: The optimal value found for dimension 2 of parameter k1__length_scale is close to the specified upper bound 1000.0. Increasing the bound and calling fit again may find a better value.
  warnings.warn(
/home/dev/hyph-bench/.venv/lib/python3.13/site-packages/sklearn/gaussian_process/kernels.py:450: ConvergenceWarning: The optimal value found for dimension 3 of parameter k1__length_scale is close to the specified upper bound 1000.0. Increasing the bound and calling fit again may find a better value.
  warnings.warn(
/home/dev/hyph-bench/.venv/lib/python3.13/site-packages/sklearn/gaussian_process/kernels.py:450: ConvergenceWarning: The optimal value found for dimension 5 of parameter k1__length_scale is close to the specified upper bound 1000.0. Increasing the bound and calling fit again may find a better value.
  warnings.warn(
/home/dev/hyph-bench/.venv/lib/python3.13/site-packages/sklearn/gaussian_process/kernels.py:450: ConvergenceWarning: The optimal value found for dimension 6 of parameter k1__length_scale is close to the specified upper bound 1000.0. Increasing the bound and calling fit again may find a better value.
  warnings.warn(
/home/dev/hyph-bench/.venv/lib/python3.13/site-packages/sklearn/gaussian_process/kernels.py:440: ConvergenceWarning: The optimal value found for dimension 0 of parameter k2__noise_level is close to the specified lower bound 0.0001. Decreasing the bound and calling fit again may find a better value.
  warnings.warn(
  Tested: weights=('28', '9', '17', '1/3'), thresholds=(37, 38, 2, 38)
  validation: F_1/7=0.984117, good=253001, bad=3887, missed=13703, trie_nodes=991, objective=0.984116
/home/dev/hyph-bench/.venv/lib/python3.13/site-packages/sklearn/gaussian_process/kernels.py:450: ConvergenceWarning: The optimal value found for dimension 2 of parameter k1__length_scale is close to the specified upper bound 1000.0. Increasing the bound and calling fit again may find a better value.
  warnings.warn(
/home/dev/hyph-bench/.venv/lib/python3.13/site-packages/sklearn/gaussian_process/kernels.py:450: ConvergenceWarning: The optimal value found for dimension 3 of parameter k1__length_scale is close to the specified upper bound 1000.0. Increasing the bound and calling fit again may find a better value.
  warnings.warn(
/home/dev/hyph-bench/.venv/lib/python3.13/site-packages/sklearn/gaussian_process/kernels.py:450: ConvergenceWarning: The optimal value found for dimension 4 of parameter k1__length_scale is close to the specified upper bound 1000.0. Increasing the bound and calling fit again may find a better value.
  warnings.warn(
/home/dev/hyph-bench/.venv/lib/python3.13/site-packages/sklearn/gaussian_process/kernels.py:450: ConvergenceWarning: The optimal value found for dimension 5 of parameter k1__length_scale is close to the specified upper bound 1000.0. Increasing the bound and calling fit again may find a better value.
  warnings.warn(
/home/dev/hyph-bench/.venv/lib/python3.13/site-packages/sklearn/gaussian_process/kernels.py:450: ConvergenceWarning: The optimal value found for dimension 6 of parameter k1__length_scale is close to the specified upper bound 1000.0. Increasing the bound and calling fit again may find a better value.
  warnings.warn(
/home/dev/hyph-bench/.venv/lib/python3.13/site-packages/sklearn/gaussian_process/kernels.py:440: ConvergenceWarning: The optimal value found for dimension 0 of parameter k2__noise_level is close to the specified lower bound 0.0001. Decreasing the bound and calling fit again may find a better value.
  warnings.warn(
  Tested: weights=('8', '1/3', '1/3', '18'), thresholds=(14, 2, 1, 39)
  validation: F_1/7=0.974619, good=253014, bad=6444, missed=13690, trie_nodes=1533, objective=0.974618
/home/dev/hyph-bench/.venv/lib/python3.13/site-packages/sklearn/gaussian_process/kernels.py:450: ConvergenceWarning: The optimal value found for dimension 2 of parameter k1__length_scale is close to the specified upper bound 1000.0. Increasing the bound and calling fit again may find a better value.
  warnings.warn(
/home/dev/hyph-bench/.venv/lib/python3.13/site-packages/sklearn/gaussian_process/kernels.py:450: ConvergenceWarning: The optimal value found for dimension 3 of parameter k1__length_scale is close to the specified upper bound 1000.0. Increasing the bound and calling fit again may find a better value.
  warnings.warn(
/home/dev/hyph-bench/.venv/lib/python3.13/site-packages/sklearn/gaussian_process/kernels.py:450: ConvergenceWarning: The optimal value found for dimension 5 of parameter k1__length_scale is close to the specified upper bound 1000.0. Increasing the bound and calling fit again may find a better value.
  warnings.warn(
/home/dev/hyph-bench/.venv/lib/python3.13/site-packages/sklearn/gaussian_process/kernels.py:450: ConvergenceWarning: The optimal value found for dimension 6 of parameter k1__length_scale is close to the specified upper bound 1000.0. Increasing the bound and calling fit again may find a better value.
  warnings.warn(
/home/dev/hyph-bench/.venv/lib/python3.13/site-packages/sklearn/gaussian_process/kernels.py:440: ConvergenceWarning: The optimal value found for dimension 0 of parameter k2__noise_level is close to the specified lower bound 0.0001. Decreasing the bound and calling fit again may find a better value.
  warnings.warn(
  Tested: weights=('27', '6', '30', '1/3'), thresholds=(5, 5, 39, 4)
  validation: F_1/7=0.984307, good=252939, bad=3834, missed=13765, trie_nodes=953, objective=0.984307
  Best so far: weights=('28', '1/4', '27', '1/4'), thresholds=(25, 4, 37, 39), score=0.984951, elapsed=1093.2s

============================================================
Iteration 17/30
/home/dev/hyph-bench/.venv/lib/python3.13/site-packages/sklearn/gaussian_process/kernels.py:450: ConvergenceWarning: The optimal value found for dimension 2 of parameter k1__length_scale is close to the specified upper bound 1000.0. Increasing the bound and calling fit again may find a better value.
  warnings.warn(
/home/dev/hyph-bench/.venv/lib/python3.13/site-packages/sklearn/gaussian_process/kernels.py:450: ConvergenceWarning: The optimal value found for dimension 3 of parameter k1__length_scale is close to the specified upper bound 1000.0. Increasing the bound and calling fit again may find a better value.
  warnings.warn(
/home/dev/hyph-bench/.venv/lib/python3.13/site-packages/sklearn/gaussian_process/kernels.py:450: ConvergenceWarning: The optimal value found for dimension 4 of parameter k1__length_scale is close to the specified upper bound 1000.0. Increasing the bound and calling fit again may find a better value.
  warnings.warn(
/home/dev/hyph-bench/.venv/lib/python3.13/site-packages/sklearn/gaussian_process/kernels.py:450: ConvergenceWarning: The optimal value found for dimension 5 of parameter k1__length_scale is close to the specified upper bound 1000.0. Increasing the bound and calling fit again may find a better value.
  warnings.warn(
/home/dev/hyph-bench/.venv/lib/python3.13/site-packages/sklearn/gaussian_process/kernels.py:450: ConvergenceWarning: The optimal value found for dimension 6 of parameter k1__length_scale is close to the specified upper bound 1000.0. Increasing the bound and calling fit again may find a better value.
  warnings.warn(
/home/dev/hyph-bench/.venv/lib/python3.13/site-packages/sklearn/gaussian_process/kernels.py:450: ConvergenceWarning: The optimal value found for dimension 7 of parameter k1__length_scale is close to the specified upper bound 1000.0. Increasing the bound and calling fit again may find a better value.
  warnings.warn(
/home/dev/hyph-bench/.venv/lib/python3.13/site-packages/sklearn/gaussian_process/kernels.py:440: ConvergenceWarning: The optimal value found for dimension 0 of parameter k2__noise_level is close to the specified lower bound 0.0001. Decreasing the bound and calling fit again may find a better value.
  warnings.warn(
  Tested: weights=('25', '23', '4', '1/2'), thresholds=(13, 40, 41, 5)
  validation: F_1/7=0.984302, good=252903, bad=3834, missed=13801, trie_nodes=784, objective=0.984302
/home/dev/hyph-bench/.venv/lib/python3.13/site-packages/sklearn/gaussian_process/kernels.py:450: ConvergenceWarning: The optimal value found for dimension 2 of parameter k1__length_scale is close to the specified upper bound 1000.0. Increasing the bound and calling fit again may find a better value.
  warnings.warn(
/home/dev/hyph-bench/.venv/lib/python3.13/site-packages/sklearn/gaussian_process/kernels.py:450: ConvergenceWarning: The optimal value found for dimension 3 of parameter k1__length_scale is close to the specified upper bound 1000.0. Increasing the bound and calling fit again may find a better value.
  warnings.warn(
/home/dev/hyph-bench/.venv/lib/python3.13/site-packages/sklearn/gaussian_process/kernels.py:450: ConvergenceWarning: The optimal value found for dimension 4 of parameter k1__length_scale is close to the specified upper bound 1000.0. Increasing the bound and calling fit again may find a better value.
  warnings.warn(
/home/dev/hyph-bench/.venv/lib/python3.13/site-packages/sklearn/gaussian_process/kernels.py:450: ConvergenceWarning: The optimal value found for dimension 5 of parameter k1__length_scale is close to the specified upper bound 1000.0. Increasing the bound and calling fit again may find a better value.
  warnings.warn(
/home/dev/hyph-bench/.venv/lib/python3.13/site-packages/sklearn/gaussian_process/kernels.py:450: ConvergenceWarning: The optimal value found for dimension 6 of parameter k1__length_scale is close to the specified upper bound 1000.0. Increasing the bound and calling fit again may find a better value.
  warnings.warn(
/home/dev/hyph-bench/.venv/lib/python3.13/site-packages/sklearn/gaussian_process/kernels.py:440: ConvergenceWarning: The optimal value found for dimension 0 of parameter k2__noise_level is close to the specified lower bound 0.0001. Decreasing the bound and calling fit again may find a better value.
  warnings.warn(
  Tested: weights=('13', '30', '30', '29'), thresholds=(19, 8, 7, 11)
  validation: F_1/7=0.983579, good=252960, bad=4029, missed=13744, trie_nodes=776, objective=0.983578
/home/dev/hyph-bench/.venv/lib/python3.13/site-packages/sklearn/gaussian_process/kernels.py:450: ConvergenceWarning: The optimal value found for dimension 2 of parameter k1__length_scale is close to the specified upper bound 1000.0. Increasing the bound and calling fit again may find a better value.
  warnings.warn(
/home/dev/hyph-bench/.venv/lib/python3.13/site-packages/sklearn/gaussian_process/kernels.py:450: ConvergenceWarning: The optimal value found for dimension 3 of parameter k1__length_scale is close to the specified upper bound 1000.0. Increasing the bound and calling fit again may find a better value.
  warnings.warn(
/home/dev/hyph-bench/.venv/lib/python3.13/site-packages/sklearn/gaussian_process/kernels.py:450: ConvergenceWarning: The optimal value found for dimension 4 of parameter k1__length_scale is close to the specified upper bound 1000.0. Increasing the bound and calling fit again may find a better value.
  warnings.warn(
/home/dev/hyph-bench/.venv/lib/python3.13/site-packages/sklearn/gaussian_process/kernels.py:450: ConvergenceWarning: The optimal value found for dimension 5 of parameter k1__length_scale is close to the specified upper bound 1000.0. Increasing the bound and calling fit again may find a better value.
  warnings.warn(
/home/dev/hyph-bench/.venv/lib/python3.13/site-packages/sklearn/gaussian_process/kernels.py:450: ConvergenceWarning: The optimal value found for dimension 6 of parameter k1__length_scale is close to the specified upper bound 1000.0. Increasing the bound and calling fit again may find a better value.
  warnings.warn(
/home/dev/hyph-bench/.venv/lib/python3.13/site-packages/sklearn/gaussian_process/kernels.py:450: ConvergenceWarning: The optimal value found for dimension 7 of parameter k1__length_scale is close to the specified upper bound 1000.0. Increasing the bound and calling fit again may find a better value.
  warnings.warn(
/home/dev/hyph-bench/.venv/lib/python3.13/site-packages/sklearn/gaussian_process/kernels.py:440: ConvergenceWarning: The optimal value found for dimension 0 of parameter k2__noise_level is close to the specified lower bound 0.0001. Decreasing the bound and calling fit again may find a better value.
  warnings.warn(
  Tested: weights=('22', '1/3', '7', '27'), thresholds=(36, 39, 2, 23)
  validation: F_1/7=0.984148, good=253006, bad=3879, missed=13698, trie_nodes=967, objective=0.984147
/home/dev/hyph-bench/.venv/lib/python3.13/site-packages/sklearn/gaussian_process/kernels.py:450: ConvergenceWarning: The optimal value found for dimension 2 of parameter k1__length_scale is close to the specified upper bound 1000.0. Increasing the bound and calling fit again may find a better value.
  warnings.warn(
/home/dev/hyph-bench/.venv/lib/python3.13/site-packages/sklearn/gaussian_process/kernels.py:450: ConvergenceWarning: The optimal value found for dimension 3 of parameter k1__length_scale is close to the specified upper bound 1000.0. Increasing the bound and calling fit again may find a better value.
  warnings.warn(
/home/dev/hyph-bench/.venv/lib/python3.13/site-packages/sklearn/gaussian_process/kernels.py:450: ConvergenceWarning: The optimal value found for dimension 4 of parameter k1__length_scale is close to the specified upper bound 1000.0. Increasing the bound and calling fit again may find a better value.
  warnings.warn(
/home/dev/hyph-bench/.venv/lib/python3.13/site-packages/sklearn/gaussian_process/kernels.py:450: ConvergenceWarning: The optimal value found for dimension 5 of parameter k1__length_scale is close to the specified upper bound 1000.0. Increasing the bound and calling fit again may find a better value.
  warnings.warn(
/home/dev/hyph-bench/.venv/lib/python3.13/site-packages/sklearn/gaussian_process/kernels.py:450: ConvergenceWarning: The optimal value found for dimension 6 of parameter k1__length_scale is close to the specified upper bound 1000.0. Increasing the bound and calling fit again may find a better value.
  warnings.warn(
/home/dev/hyph-bench/.venv/lib/python3.13/site-packages/sklearn/gaussian_process/kernels.py:450: ConvergenceWarning: The optimal value found for dimension 7 of parameter k1__length_scale is close to the specified upper bound 1000.0. Increasing the bound and calling fit again may find a better value.
  warnings.warn(
/home/dev/hyph-bench/.venv/lib/python3.13/site-packages/sklearn/gaussian_process/kernels.py:440: ConvergenceWarning: The optimal value found for dimension 0 of parameter k2__noise_level is close to the specified lower bound 0.0001. Decreasing the bound and calling fit again may find a better value.
  warnings.warn(
  Tested: weights=('23', '28', '2', '14'), thresholds=(42, 1, 37, 37)
  validation: F_1/7=0.984190, good=252827, bad=3861, missed=13877, trie_nodes=1272, objective=0.984190
/home/dev/hyph-bench/.venv/lib/python3.13/site-packages/sklearn/gaussian_process/kernels.py:450: ConvergenceWarning: The optimal value found for dimension 2 of parameter k1__length_scale is close to the specified upper bound 1000.0. Increasing the bound and calling fit again may find a better value.
  warnings.warn(
/home/dev/hyph-bench/.venv/lib/python3.13/site-packages/sklearn/gaussian_process/kernels.py:450: ConvergenceWarning: The optimal value found for dimension 3 of parameter k1__length_scale is close to the specified upper bound 1000.0. Increasing the bound and calling fit again may find a better value.
  warnings.warn(
/home/dev/hyph-bench/.venv/lib/python3.13/site-packages/sklearn/gaussian_process/kernels.py:450: ConvergenceWarning: The optimal value found for dimension 4 of parameter k1__length_scale is close to the specified upper bound 1000.0. Increasing the bound and calling fit again may find a better value.
  warnings.warn(
/home/dev/hyph-bench/.venv/lib/python3.13/site-packages/sklearn/gaussian_process/kernels.py:450: ConvergenceWarning: The optimal value found for dimension 5 of parameter k1__length_scale is close to the specified upper bound 1000.0. Increasing the bound and calling fit again may find a better value.
  warnings.warn(
/home/dev/hyph-bench/.venv/lib/python3.13/site-packages/sklearn/gaussian_process/kernels.py:450: ConvergenceWarning: The optimal value found for dimension 6 of parameter k1__length_scale is close to the specified upper bound 1000.0. Increasing the bound and calling fit again may find a better value.
  warnings.warn(
/home/dev/hyph-bench/.venv/lib/python3.13/site-packages/sklearn/gaussian_process/kernels.py:450: ConvergenceWarning: The optimal value found for dimension 7 of parameter k1__length_scale is close to the specified upper bound 1000.0. Increasing the bound and calling fit again may find a better value.
  warnings.warn(
/home/dev/hyph-bench/.venv/lib/python3.13/site-packages/sklearn/gaussian_process/kernels.py:440: ConvergenceWarning: The optimal value found for dimension 0 of parameter k2__noise_level is close to the specified lower bound 0.0001. Decreasing the bound and calling fit again may find a better value.
  warnings.warn(
  Tested: weights=('1/2', '1/5', '25', '4'), thresholds=(4, 24, 23, 1)
  validation: F_1/7=0.975740, good=252909, bad=6135, missed=13795, trie_nodes=1383, objective=0.975739
  Best so far: weights=('28', '1/4', '27', '1/4'), thresholds=(25, 4, 37, 39), score=0.984951, elapsed=1171.4s

============================================================
Iteration 18/30
/home/dev/hyph-bench/.venv/lib/python3.13/site-packages/sklearn/gaussian_process/kernels.py:450: ConvergenceWarning: The optimal value found for dimension 2 of parameter k1__length_scale is close to the specified upper bound 1000.0. Increasing the bound and calling fit again may find a better value.
  warnings.warn(
/home/dev/hyph-bench/.venv/lib/python3.13/site-packages/sklearn/gaussian_process/kernels.py:450: ConvergenceWarning: The optimal value found for dimension 3 of parameter k1__length_scale is close to the specified upper bound 1000.0. Increasing the bound and calling fit again may find a better value.
  warnings.warn(
/home/dev/hyph-bench/.venv/lib/python3.13/site-packages/sklearn/gaussian_process/kernels.py:450: ConvergenceWarning: The optimal value found for dimension 4 of parameter k1__length_scale is close to the specified upper bound 1000.0. Increasing the bound and calling fit again may find a better value.
  warnings.warn(
/home/dev/hyph-bench/.venv/lib/python3.13/site-packages/sklearn/gaussian_process/kernels.py:450: ConvergenceWarning: The optimal value found for dimension 5 of parameter k1__length_scale is close to the specified upper bound 1000.0. Increasing the bound and calling fit again may find a better value.
  warnings.warn(
/home/dev/hyph-bench/.venv/lib/python3.13/site-packages/sklearn/gaussian_process/kernels.py:450: ConvergenceWarning: The optimal value found for dimension 6 of parameter k1__length_scale is close to the specified upper bound 1000.0. Increasing the bound and calling fit again may find a better value.
  warnings.warn(
/home/dev/hyph-bench/.venv/lib/python3.13/site-packages/sklearn/gaussian_process/kernels.py:450: ConvergenceWarning: The optimal value found for dimension 7 of parameter k1__length_scale is close to the specified upper bound 1000.0. Increasing the bound and calling fit again may find a better value.
  warnings.warn(
/home/dev/hyph-bench/.venv/lib/python3.13/site-packages/sklearn/gaussian_process/kernels.py:440: ConvergenceWarning: The optimal value found for dimension 0 of parameter k2__noise_level is close to the specified lower bound 0.0001. Decreasing the bound and calling fit again may find a better value.
  warnings.warn(
  Tested: weights=('20', '30', '29', '14'), thresholds=(1, 34, 40, 7)
  validation: F_1/7=0.983699, good=253013, bad=3999, missed=13691, trie_nodes=1319, objective=0.983698
/home/dev/hyph-bench/.venv/lib/python3.13/site-packages/sklearn/gaussian_process/kernels.py:450: ConvergenceWarning: The optimal value found for dimension 2 of parameter k1__length_scale is close to the specified upper bound 1000.0. Increasing the bound and calling fit again may find a better value.
  warnings.warn(
/home/dev/hyph-bench/.venv/lib/python3.13/site-packages/sklearn/gaussian_process/kernels.py:450: ConvergenceWarning: The optimal value found for dimension 3 of parameter k1__length_scale is close to the specified upper bound 1000.0. Increasing the bound and calling fit again may find a better value.
  warnings.warn(
/home/dev/hyph-bench/.venv/lib/python3.13/site-packages/sklearn/gaussian_process/kernels.py:450: ConvergenceWarning: The optimal value found for dimension 4 of parameter k1__length_scale is close to the specified upper bound 1000.0. Increasing the bound and calling fit again may find a better value.
  warnings.warn(
/home/dev/hyph-bench/.venv/lib/python3.13/site-packages/sklearn/gaussian_process/kernels.py:450: ConvergenceWarning: The optimal value found for dimension 5 of parameter k1__length_scale is close to the specified upper bound 1000.0. Increasing the bound and calling fit again may find a better value.
  warnings.warn(
/home/dev/hyph-bench/.venv/lib/python3.13/site-packages/sklearn/gaussian_process/kernels.py:450: ConvergenceWarning: The optimal value found for dimension 6 of parameter k1__length_scale is close to the specified upper bound 1000.0. Increasing the bound and calling fit again may find a better value.
  warnings.warn(
/home/dev/hyph-bench/.venv/lib/python3.13/site-packages/sklearn/gaussian_process/kernels.py:450: ConvergenceWarning: The optimal value found for dimension 7 of parameter k1__length_scale is close to the specified upper bound 1000.0. Increasing the bound and calling fit again may find a better value.
  warnings.warn(
/home/dev/hyph-bench/.venv/lib/python3.13/site-packages/sklearn/gaussian_process/kernels.py:440: ConvergenceWarning: The optimal value found for dimension 0 of parameter k2__noise_level is close to the specified lower bound 0.0001. Decreasing the bound and calling fit again may find a better value.
  warnings.warn(
  Tested: weights=('19', '7', '5', '7'), thresholds=(40, 10, 10, 42)
  validation: F_1/7=0.983928, good=252938, bad=3935, missed=13766, trie_nodes=716, objective=0.983928
/home/dev/hyph-bench/.venv/lib/python3.13/site-packages/sklearn/gaussian_process/kernels.py:450: ConvergenceWarning: The optimal value found for dimension 2 of parameter k1__length_scale is close to the specified upper bound 1000.0. Increasing the bound and calling fit again may find a better value.
  warnings.warn(
/home/dev/hyph-bench/.venv/lib/python3.13/site-packages/sklearn/gaussian_process/kernels.py:450: ConvergenceWarning: The optimal value found for dimension 3 of parameter k1__length_scale is close to the specified upper bound 1000.0. Increasing the bound and calling fit again may find a better value.
  warnings.warn(
/home/dev/hyph-bench/.venv/lib/python3.13/site-packages/sklearn/gaussian_process/kernels.py:450: ConvergenceWarning: The optimal value found for dimension 4 of parameter k1__length_scale is close to the specified upper bound 1000.0. Increasing the bound and calling fit again may find a better value.
  warnings.warn(
/home/dev/hyph-bench/.venv/lib/python3.13/site-packages/sklearn/gaussian_process/kernels.py:450: ConvergenceWarning: The optimal value found for dimension 5 of parameter k1__length_scale is close to the specified upper bound 1000.0. Increasing the bound and calling fit again may find a better value.
  warnings.warn(
/home/dev/hyph-bench/.venv/lib/python3.13/site-packages/sklearn/gaussian_process/kernels.py:450: ConvergenceWarning: The optimal value found for dimension 6 of parameter k1__length_scale is close to the specified upper bound 1000.0. Increasing the bound and calling fit again may find a better value.
  warnings.warn(
/home/dev/hyph-bench/.venv/lib/python3.13/site-packages/sklearn/gaussian_process/kernels.py:450: ConvergenceWarning: The optimal value found for dimension 7 of parameter k1__length_scale is close to the specified upper bound 1000.0. Increasing the bound and calling fit again may find a better value.
  warnings.warn(
/home/dev/hyph-bench/.venv/lib/python3.13/site-packages/sklearn/gaussian_process/kernels.py:440: ConvergenceWarning: The optimal value found for dimension 0 of parameter k2__noise_level is close to the specified lower bound 0.0001. Decreasing the bound and calling fit again may find a better value.
  warnings.warn(
  Tested: weights=('26', '11', '1/5', '30'), thresholds=(5, 41, 15, 26)
  validation: F_1/7=0.983674, good=253001, bad=4005, missed=13703, trie_nodes=854, objective=0.983674
/home/dev/hyph-bench/.venv/lib/python3.13/site-packages/sklearn/gaussian_process/kernels.py:450: ConvergenceWarning: The optimal value found for dimension 2 of parameter k1__length_scale is close to the specified upper bound 1000.0. Increasing the bound and calling fit again may find a better value.
  warnings.warn(
/home/dev/hyph-bench/.venv/lib/python3.13/site-packages/sklearn/gaussian_process/kernels.py:450: ConvergenceWarning: The optimal value found for dimension 3 of parameter k1__length_scale is close to the specified upper bound 1000.0. Increasing the bound and calling fit again may find a better value.
  warnings.warn(
/home/dev/hyph-bench/.venv/lib/python3.13/site-packages/sklearn/gaussian_process/kernels.py:450: ConvergenceWarning: The optimal value found for dimension 4 of parameter k1__length_scale is close to the specified upper bound 1000.0. Increasing the bound and calling fit again may find a better value.
  warnings.warn(
/home/dev/hyph-bench/.venv/lib/python3.13/site-packages/sklearn/gaussian_process/kernels.py:450: ConvergenceWarning: The optimal value found for dimension 5 of parameter k1__length_scale is close to the specified upper bound 1000.0. Increasing the bound and calling fit again may find a better value.
  warnings.warn(
/home/dev/hyph-bench/.venv/lib/python3.13/site-packages/sklearn/gaussian_process/kernels.py:450: ConvergenceWarning: The optimal value found for dimension 6 of parameter k1__length_scale is close to the specified upper bound 1000.0. Increasing the bound and calling fit again may find a better value.
  warnings.warn(
/home/dev/hyph-bench/.venv/lib/python3.13/site-packages/sklearn/gaussian_process/kernels.py:450: ConvergenceWarning: The optimal value found for dimension 7 of parameter k1__length_scale is close to the specified upper bound 1000.0. Increasing the bound and calling fit again may find a better value.
  warnings.warn(
/home/dev/hyph-bench/.venv/lib/python3.13/site-packages/sklearn/gaussian_process/kernels.py:440: ConvergenceWarning: The optimal value found for dimension 0 of parameter k2__noise_level is close to the specified lower bound 0.0001. Decreasing the bound and calling fit again may find a better value.
  warnings.warn(
  Tested: weights=('8', '30', '1/4', '1/5'), thresholds=(25, 21, 27, 20)
  validation: F_1/7=0.974945, good=252981, bad=6354, missed=13723, trie_nodes=790, objective=0.974944
/home/dev/hyph-bench/.venv/lib/python3.13/site-packages/sklearn/gaussian_process/kernels.py:450: ConvergenceWarning: The optimal value found for dimension 2 of parameter k1__length_scale is close to the specified upper bound 1000.0. Increasing the bound and calling fit again may find a better value.
  warnings.warn(
/home/dev/hyph-bench/.venv/lib/python3.13/site-packages/sklearn/gaussian_process/kernels.py:450: ConvergenceWarning: The optimal value found for dimension 3 of parameter k1__length_scale is close to the specified upper bound 1000.0. Increasing the bound and calling fit again may find a better value.
  warnings.warn(
/home/dev/hyph-bench/.venv/lib/python3.13/site-packages/sklearn/gaussian_process/kernels.py:450: ConvergenceWarning: The optimal value found for dimension 4 of parameter k1__length_scale is close to the specified upper bound 1000.0. Increasing the bound and calling fit again may find a better value.
  warnings.warn(
/home/dev/hyph-bench/.venv/lib/python3.13/site-packages/sklearn/gaussian_process/kernels.py:450: ConvergenceWarning: The optimal value found for dimension 5 of parameter k1__length_scale is close to the specified upper bound 1000.0. Increasing the bound and calling fit again may find a better value.
  warnings.warn(
/home/dev/hyph-bench/.venv/lib/python3.13/site-packages/sklearn/gaussian_process/kernels.py:450: ConvergenceWarning: The optimal value found for dimension 6 of parameter k1__length_scale is close to the specified upper bound 1000.0. Increasing the bound and calling fit again may find a better value.
  warnings.warn(
/home/dev/hyph-bench/.venv/lib/python3.13/site-packages/sklearn/gaussian_process/kernels.py:450: ConvergenceWarning: The optimal value found for dimension 7 of parameter k1__length_scale is close to the specified upper bound 1000.0. Increasing the bound and calling fit again may find a better value.
  warnings.warn(
/home/dev/hyph-bench/.venv/lib/python3.13/site-packages/sklearn/gaussian_process/kernels.py:440: ConvergenceWarning: The optimal value found for dimension 0 of parameter k2__noise_level is close to the specified lower bound 0.0001. Decreasing the bound and calling fit again may find a better value.
  warnings.warn(
  Tested: weights=('14', '14', '26', '30'), thresholds=(23, 2, 11, 3)
  validation: F_1/7=0.983772, good=252922, bad=3976, missed=13782, trie_nodes=866, objective=0.983771
  Best so far: weights=('28', '1/4', '27', '1/4'), thresholds=(25, 4, 37, 39), score=0.984951, elapsed=1246.0s

============================================================
Iteration 19/30
/home/dev/hyph-bench/.venv/lib/python3.13/site-packages/sklearn/gaussian_process/kernels.py:450: ConvergenceWarning: The optimal value found for dimension 2 of parameter k1__length_scale is close to the specified upper bound 1000.0. Increasing the bound and calling fit again may find a better value.
  warnings.warn(
/home/dev/hyph-bench/.venv/lib/python3.13/site-packages/sklearn/gaussian_process/kernels.py:450: ConvergenceWarning: The optimal value found for dimension 3 of parameter k1__length_scale is close to the specified upper bound 1000.0. Increasing the bound and calling fit again may find a better value.
  warnings.warn(
/home/dev/hyph-bench/.venv/lib/python3.13/site-packages/sklearn/gaussian_process/kernels.py:450: ConvergenceWarning: The optimal value found for dimension 4 of parameter k1__length_scale is close to the specified upper bound 1000.0. Increasing the bound and calling fit again may find a better value.
  warnings.warn(
/home/dev/hyph-bench/.venv/lib/python3.13/site-packages/sklearn/gaussian_process/kernels.py:450: ConvergenceWarning: The optimal value found for dimension 5 of parameter k1__length_scale is close to the specified upper bound 1000.0. Increasing the bound and calling fit again may find a better value.
  warnings.warn(
/home/dev/hyph-bench/.venv/lib/python3.13/site-packages/sklearn/gaussian_process/kernels.py:450: ConvergenceWarning: The optimal value found for dimension 6 of parameter k1__length_scale is close to the specified upper bound 1000.0. Increasing the bound and calling fit again may find a better value.
  warnings.warn(
/home/dev/hyph-bench/.venv/lib/python3.13/site-packages/sklearn/gaussian_process/kernels.py:450: ConvergenceWarning: The optimal value found for dimension 7 of parameter k1__length_scale is close to the specified upper bound 1000.0. Increasing the bound and calling fit again may find a better value.
  warnings.warn(
/home/dev/hyph-bench/.venv/lib/python3.13/site-packages/sklearn/gaussian_process/kernels.py:440: ConvergenceWarning: The optimal value found for dimension 0 of parameter k2__noise_level is close to the specified lower bound 0.0001. Decreasing the bound and calling fit again may find a better value.
  warnings.warn(
  Tested: weights=('12', '18', '7', '1'), thresholds=(40, 29, 15, 36)
  validation: F_1/7=0.983358, good=252913, bad=4086, missed=13791, trie_nodes=665, objective=0.983358
/home/dev/hyph-bench/.venv/lib/python3.13/site-packages/sklearn/gaussian_process/kernels.py:450: ConvergenceWarning: The optimal value found for dimension 2 of parameter k1__length_scale is close to the specified upper bound 1000.0. Increasing the bound and calling fit again may find a better value.
  warnings.warn(
/home/dev/hyph-bench/.venv/lib/python3.13/site-packages/sklearn/gaussian_process/kernels.py:450: ConvergenceWarning: The optimal value found for dimension 3 of parameter k1__length_scale is close to the specified upper bound 1000.0. Increasing the bound and calling fit again may find a better value.
  warnings.warn(
/home/dev/hyph-bench/.venv/lib/python3.13/site-packages/sklearn/gaussian_process/kernels.py:450: ConvergenceWarning: The optimal value found for dimension 4 of parameter k1__length_scale is close to the specified upper bound 1000.0. Increasing the bound and calling fit again may find a better value.
  warnings.warn(
/home/dev/hyph-bench/.venv/lib/python3.13/site-packages/sklearn/gaussian_process/kernels.py:450: ConvergenceWarning: The optimal value found for dimension 5 of parameter k1__length_scale is close to the specified upper bound 1000.0. Increasing the bound and calling fit again may find a better value.
  warnings.warn(
/home/dev/hyph-bench/.venv/lib/python3.13/site-packages/sklearn/gaussian_process/kernels.py:450: ConvergenceWarning: The optimal value found for dimension 6 of parameter k1__length_scale is close to the specified upper bound 1000.0. Increasing the bound and calling fit again may find a better value.
  warnings.warn(
/home/dev/hyph-bench/.venv/lib/python3.13/site-packages/sklearn/gaussian_process/kernels.py:450: ConvergenceWarning: The optimal value found for dimension 7 of parameter k1__length_scale is close to the specified upper bound 1000.0. Increasing the bound and calling fit again may find a better value.
  warnings.warn(
/home/dev/hyph-bench/.venv/lib/python3.13/site-packages/sklearn/gaussian_process/kernels.py:440: ConvergenceWarning: The optimal value found for dimension 0 of parameter k2__noise_level is close to the specified lower bound 0.0001. Decreasing the bound and calling fit again may find a better value.
  warnings.warn(
  Tested: weights=('27', '22', '29', '21'), thresholds=(1, 39, 6, 27)
  validation: F_1/7=0.983521, good=253003, bad=4046, missed=13701, trie_nodes=1343, objective=0.983520
/home/dev/hyph-bench/.venv/lib/python3.13/site-packages/sklearn/gaussian_process/kernels.py:450: ConvergenceWarning: The optimal value found for dimension 2 of parameter k1__length_scale is close to the specified upper bound 1000.0. Increasing the bound and calling fit again may find a better value.
  warnings.warn(
/home/dev/hyph-bench/.venv/lib/python3.13/site-packages/sklearn/gaussian_process/kernels.py:450: ConvergenceWarning: The optimal value found for dimension 3 of parameter k1__length_scale is close to the specified upper bound 1000.0. Increasing the bound and calling fit again may find a better value.
  warnings.warn(
/home/dev/hyph-bench/.venv/lib/python3.13/site-packages/sklearn/gaussian_process/kernels.py:450: ConvergenceWarning: The optimal value found for dimension 4 of parameter k1__length_scale is close to the specified upper bound 1000.0. Increasing the bound and calling fit again may find a better value.
  warnings.warn(
/home/dev/hyph-bench/.venv/lib/python3.13/site-packages/sklearn/gaussian_process/kernels.py:450: ConvergenceWarning: The optimal value found for dimension 5 of parameter k1__length_scale is close to the specified upper bound 1000.0. Increasing the bound and calling fit again may find a better value.
  warnings.warn(
/home/dev/hyph-bench/.venv/lib/python3.13/site-packages/sklearn/gaussian_process/kernels.py:450: ConvergenceWarning: The optimal value found for dimension 6 of parameter k1__length_scale is close to the specified upper bound 1000.0. Increasing the bound and calling fit again may find a better value.
  warnings.warn(
/home/dev/hyph-bench/.venv/lib/python3.13/site-packages/sklearn/gaussian_process/kernels.py:450: ConvergenceWarning: The optimal value found for dimension 7 of parameter k1__length_scale is close to the specified upper bound 1000.0. Increasing the bound and calling fit again may find a better value.
  warnings.warn(
/home/dev/hyph-bench/.venv/lib/python3.13/site-packages/sklearn/gaussian_process/kernels.py:440: ConvergenceWarning: The optimal value found for dimension 0 of parameter k2__noise_level is close to the specified lower bound 0.0001. Decreasing the bound and calling fit again may find a better value.
  warnings.warn(
  Tested: weights=('20', '1', '17', '27'), thresholds=(5, 8, 39, 2)
  validation: F_1/7=0.984065, good=252950, bad=3899, missed=13754, trie_nodes=957, objective=0.984064
/home/dev/hyph-bench/.venv/lib/python3.13/site-packages/sklearn/gaussian_process/kernels.py:450: ConvergenceWarning: The optimal value found for dimension 2 of parameter k1__length_scale is close to the specified upper bound 1000.0. Increasing the bound and calling fit again may find a better value.
  warnings.warn(
/home/dev/hyph-bench/.venv/lib/python3.13/site-packages/sklearn/gaussian_process/kernels.py:450: ConvergenceWarning: The optimal value found for dimension 3 of parameter k1__length_scale is close to the specified upper bound 1000.0. Increasing the bound and calling fit again may find a better value.
  warnings.warn(
/home/dev/hyph-bench/.venv/lib/python3.13/site-packages/sklearn/gaussian_process/kernels.py:450: ConvergenceWarning: The optimal value found for dimension 4 of parameter k1__length_scale is close to the specified upper bound 1000.0. Increasing the bound and calling fit again may find a better value.
  warnings.warn(
/home/dev/hyph-bench/.venv/lib/python3.13/site-packages/sklearn/gaussian_process/kernels.py:450: ConvergenceWarning: The optimal value found for dimension 5 of parameter k1__length_scale is close to the specified upper bound 1000.0. Increasing the bound and calling fit again may find a better value.
  warnings.warn(
/home/dev/hyph-bench/.venv/lib/python3.13/site-packages/sklearn/gaussian_process/kernels.py:450: ConvergenceWarning: The optimal value found for dimension 6 of parameter k1__length_scale is close to the specified upper bound 1000.0. Increasing the bound and calling fit again may find a better value.
  warnings.warn(
/home/dev/hyph-bench/.venv/lib/python3.13/site-packages/sklearn/gaussian_process/kernels.py:450: ConvergenceWarning: The optimal value found for dimension 7 of parameter k1__length_scale is close to the specified upper bound 1000.0. Increasing the bound and calling fit again may find a better value.
  warnings.warn(
/home/dev/hyph-bench/.venv/lib/python3.13/site-packages/sklearn/gaussian_process/kernels.py:440: ConvergenceWarning: The optimal value found for dimension 0 of parameter k2__noise_level is close to the specified lower bound 0.0001. Decreasing the bound and calling fit again may find a better value.
  warnings.warn(
  Tested: weights=('27', '13', '3', '1/5'), thresholds=(3, 1, 2, 16)
  validation: F_1/7=0.984104, good=252987, bad=3890, missed=13717, trie_nodes=1538, objective=0.984103
/home/dev/hyph-bench/.venv/lib/python3.13/site-packages/sklearn/gaussian_process/kernels.py:450: ConvergenceWarning: The optimal value found for dimension 2 of parameter k1__length_scale is close to the specified upper bound 1000.0. Increasing the bound and calling fit again may find a better value.
  warnings.warn(
/home/dev/hyph-bench/.venv/lib/python3.13/site-packages/sklearn/gaussian_process/kernels.py:450: ConvergenceWarning: The optimal value found for dimension 3 of parameter k1__length_scale is close to the specified upper bound 1000.0. Increasing the bound and calling fit again may find a better value.
  warnings.warn(
/home/dev/hyph-bench/.venv/lib/python3.13/site-packages/sklearn/gaussian_process/kernels.py:450: ConvergenceWarning: The optimal value found for dimension 4 of parameter k1__length_scale is close to the specified upper bound 1000.0. Increasing the bound and calling fit again may find a better value.
  warnings.warn(
/home/dev/hyph-bench/.venv/lib/python3.13/site-packages/sklearn/gaussian_process/kernels.py:450: ConvergenceWarning: The optimal value found for dimension 5 of parameter k1__length_scale is close to the specified upper bound 1000.0. Increasing the bound and calling fit again may find a better value.
  warnings.warn(
/home/dev/hyph-bench/.venv/lib/python3.13/site-packages/sklearn/gaussian_process/kernels.py:450: ConvergenceWarning: The optimal value found for dimension 6 of parameter k1__length_scale is close to the specified upper bound 1000.0. Increasing the bound and calling fit again may find a better value.
  warnings.warn(
/home/dev/hyph-bench/.venv/lib/python3.13/site-packages/sklearn/gaussian_process/kernels.py:450: ConvergenceWarning: The optimal value found for dimension 7 of parameter k1__length_scale is close to the specified upper bound 1000.0. Increasing the bound and calling fit again may find a better value.
  warnings.warn(
/home/dev/hyph-bench/.venv/lib/python3.13/site-packages/sklearn/gaussian_process/kernels.py:440: ConvergenceWarning: The optimal value found for dimension 0 of parameter k2__noise_level is close to the specified lower bound 0.0001. Decreasing the bound and calling fit again may find a better value.
  warnings.warn(
  Tested: weights=('28', '23', '28', '1/3'), thresholds=(25, 20, 29, 1)
  validation: F_1/7=0.984613, good=252788, bad=3747, missed=13916, trie_nodes=1155, objective=0.984613
  Best so far: weights=('28', '1/4', '27', '1/4'), thresholds=(25, 4, 37, 39), score=0.984951, elapsed=1338.7s

============================================================
Iteration 20/30
/home/dev/hyph-bench/.venv/lib/python3.13/site-packages/sklearn/gaussian_process/kernels.py:450: ConvergenceWarning: The optimal value found for dimension 2 of parameter k1__length_scale is close to the specified upper bound 1000.0. Increasing the bound and calling fit again may find a better value.
  warnings.warn(
/home/dev/hyph-bench/.venv/lib/python3.13/site-packages/sklearn/gaussian_process/kernels.py:450: ConvergenceWarning: The optimal value found for dimension 3 of parameter k1__length_scale is close to the specified upper bound 1000.0. Increasing the bound and calling fit again may find a better value.
  warnings.warn(
/home/dev/hyph-bench/.venv/lib/python3.13/site-packages/sklearn/gaussian_process/kernels.py:450: ConvergenceWarning: The optimal value found for dimension 4 of parameter k1__length_scale is close to the specified upper bound 1000.0. Increasing the bound and calling fit again may find a better value.
  warnings.warn(
/home/dev/hyph-bench/.venv/lib/python3.13/site-packages/sklearn/gaussian_process/kernels.py:450: ConvergenceWarning: The optimal value found for dimension 5 of parameter k1__length_scale is close to the specified upper bound 1000.0. Increasing the bound and calling fit again may find a better value.
  warnings.warn(
/home/dev/hyph-bench/.venv/lib/python3.13/site-packages/sklearn/gaussian_process/kernels.py:450: ConvergenceWarning: The optimal value found for dimension 6 of parameter k1__length_scale is close to the specified upper bound 1000.0. Increasing the bound and calling fit again may find a better value.
  warnings.warn(
/home/dev/hyph-bench/.venv/lib/python3.13/site-packages/sklearn/gaussian_process/kernels.py:450: ConvergenceWarning: The optimal value found for dimension 7 of parameter k1__length_scale is close to the specified upper bound 1000.0. Increasing the bound and calling fit again may find a better value.
  warnings.warn(
/home/dev/hyph-bench/.venv/lib/python3.13/site-packages/sklearn/gaussian_process/kernels.py:440: ConvergenceWarning: The optimal value found for dimension 0 of parameter k2__noise_level is close to the specified lower bound 0.0001. Decreasing the bound and calling fit again may find a better value.
  warnings.warn(
  Tested: weights=('17', '30', '1/3', '28'), thresholds=(42, 24, 34, 37)
  validation: F_1/7=0.983124, good=252950, bad=4150, missed=13754, trie_nodes=677, objective=0.983124
/home/dev/hyph-bench/.venv/lib/python3.13/site-packages/sklearn/gaussian_process/kernels.py:450: ConvergenceWarning: The optimal value found for dimension 2 of parameter k1__length_scale is close to the specified upper bound 1000.0. Increasing the bound and calling fit again may find a better value.
  warnings.warn(
/home/dev/hyph-bench/.venv/lib/python3.13/site-packages/sklearn/gaussian_process/kernels.py:450: ConvergenceWarning: The optimal value found for dimension 3 of parameter k1__length_scale is close to the specified upper bound 1000.0. Increasing the bound and calling fit again may find a better value.
  warnings.warn(
/home/dev/hyph-bench/.venv/lib/python3.13/site-packages/sklearn/gaussian_process/kernels.py:450: ConvergenceWarning: The optimal value found for dimension 4 of parameter k1__length_scale is close to the specified upper bound 1000.0. Increasing the bound and calling fit again may find a better value.
  warnings.warn(
/home/dev/hyph-bench/.venv/lib/python3.13/site-packages/sklearn/gaussian_process/kernels.py:450: ConvergenceWarning: The optimal value found for dimension 5 of parameter k1__length_scale is close to the specified upper bound 1000.0. Increasing the bound and calling fit again may find a better value.
  warnings.warn(
/home/dev/hyph-bench/.venv/lib/python3.13/site-packages/sklearn/gaussian_process/kernels.py:450: ConvergenceWarning: The optimal value found for dimension 6 of parameter k1__length_scale is close to the specified upper bound 1000.0. Increasing the bound and calling fit again may find a better value.
  warnings.warn(
/home/dev/hyph-bench/.venv/lib/python3.13/site-packages/sklearn/gaussian_process/kernels.py:450: ConvergenceWarning: The optimal value found for dimension 7 of parameter k1__length_scale is close to the specified upper bound 1000.0. Increasing the bound and calling fit again may find a better value.
  warnings.warn(
/home/dev/hyph-bench/.venv/lib/python3.13/site-packages/sklearn/gaussian_process/kernels.py:440: ConvergenceWarning: The optimal value found for dimension 0 of parameter k2__noise_level is close to the specified lower bound 0.0001. Decreasing the bound and calling fit again may find a better value.
  warnings.warn(
  Tested: weights=('24', '1/5', '27', '11'), thresholds=(31, 5, 18, 33)
  validation: F_1/7=0.984777, good=252807, bad=3704, missed=13897, trie_nodes=1126, objective=0.984777
/home/dev/hyph-bench/.venv/lib/python3.13/site-packages/sklearn/gaussian_process/kernels.py:450: ConvergenceWarning: The optimal value found for dimension 2 of parameter k1__length_scale is close to the specified upper bound 1000.0. Increasing the bound and calling fit again may find a better value.
  warnings.warn(
/home/dev/hyph-bench/.venv/lib/python3.13/site-packages/sklearn/gaussian_process/kernels.py:450: ConvergenceWarning: The optimal value found for dimension 3 of parameter k1__length_scale is close to the specified upper bound 1000.0. Increasing the bound and calling fit again may find a better value.
  warnings.warn(
/home/dev/hyph-bench/.venv/lib/python3.13/site-packages/sklearn/gaussian_process/kernels.py:450: ConvergenceWarning: The optimal value found for dimension 4 of parameter k1__length_scale is close to the specified upper bound 1000.0. Increasing the bound and calling fit again may find a better value.
  warnings.warn(
/home/dev/hyph-bench/.venv/lib/python3.13/site-packages/sklearn/gaussian_process/kernels.py:450: ConvergenceWarning: The optimal value found for dimension 5 of parameter k1__length_scale is close to the specified upper bound 1000.0. Increasing the bound and calling fit again may find a better value.
  warnings.warn(
/home/dev/hyph-bench/.venv/lib/python3.13/site-packages/sklearn/gaussian_process/kernels.py:450: ConvergenceWarning: The optimal value found for dimension 6 of parameter k1__length_scale is close to the specified upper bound 1000.0. Increasing the bound and calling fit again may find a better value.
  warnings.warn(
/home/dev/hyph-bench/.venv/lib/python3.13/site-packages/sklearn/gaussian_process/kernels.py:450: ConvergenceWarning: The optimal value found for dimension 7 of parameter k1__length_scale is close to the specified upper bound 1000.0. Increasing the bound and calling fit again may find a better value.
  warnings.warn(
/home/dev/hyph-bench/.venv/lib/python3.13/site-packages/sklearn/gaussian_process/kernels.py:440: ConvergenceWarning: The optimal value found for dimension 0 of parameter k2__noise_level is close to the specified lower bound 0.0001. Decreasing the bound and calling fit again may find a better value.
  warnings.warn(
  Tested: weights=('13', '11', '13', '29'), thresholds=(2, 24, 2, 16)
  validation: F_1/7=0.983259, good=253002, bad=4116, missed=13702, trie_nodes=993, objective=0.983258
/home/dev/hyph-bench/.venv/lib/python3.13/site-packages/sklearn/gaussian_process/kernels.py:450: ConvergenceWarning: The optimal value found for dimension 2 of parameter k1__length_scale is close to the specified upper bound 1000.0. Increasing the bound and calling fit again may find a better value.
  warnings.warn(
/home/dev/hyph-bench/.venv/lib/python3.13/site-packages/sklearn/gaussian_process/kernels.py:450: ConvergenceWarning: The optimal value found for dimension 3 of parameter k1__length_scale is close to the specified upper bound 1000.0. Increasing the bound and calling fit again may find a better value.
  warnings.warn(
/home/dev/hyph-bench/.venv/lib/python3.13/site-packages/sklearn/gaussian_process/kernels.py:450: ConvergenceWarning: The optimal value found for dimension 4 of parameter k1__length_scale is close to the specified upper bound 1000.0. Increasing the bound and calling fit again may find a better value.
  warnings.warn(
/home/dev/hyph-bench/.venv/lib/python3.13/site-packages/sklearn/gaussian_process/kernels.py:450: ConvergenceWarning: The optimal value found for dimension 5 of parameter k1__length_scale is close to the specified upper bound 1000.0. Increasing the bound and calling fit again may find a better value.
  warnings.warn(
/home/dev/hyph-bench/.venv/lib/python3.13/site-packages/sklearn/gaussian_process/kernels.py:450: ConvergenceWarning: The optimal value found for dimension 6 of parameter k1__length_scale is close to the specified upper bound 1000.0. Increasing the bound and calling fit again may find a better value.
  warnings.warn(
/home/dev/hyph-bench/.venv/lib/python3.13/site-packages/sklearn/gaussian_process/kernels.py:450: ConvergenceWarning: The optimal value found for dimension 7 of parameter k1__length_scale is close to the specified upper bound 1000.0. Increasing the bound and calling fit again may find a better value.
  warnings.warn(
/home/dev/hyph-bench/.venv/lib/python3.13/site-packages/sklearn/gaussian_process/kernels.py:440: ConvergenceWarning: The optimal value found for dimension 0 of parameter k2__noise_level is close to the specified lower bound 0.0001. Decreasing the bound and calling fit again may find a better value.
  warnings.warn(
  Tested: weights=('24', '25', '26', '1/5'), thresholds=(14, 38, 3, 42)
  validation: F_1/7=0.984052, good=252968, bad=3903, missed=13736, trie_nodes=896, objective=0.984052
/home/dev/hyph-bench/.venv/lib/python3.13/site-packages/sklearn/gaussian_process/kernels.py:450: ConvergenceWarning: The optimal value found for dimension 2 of parameter k1__length_scale is close to the specified upper bound 1000.0. Increasing the bound and calling fit again may find a better value.
  warnings.warn(
/home/dev/hyph-bench/.venv/lib/python3.13/site-packages/sklearn/gaussian_process/kernels.py:450: ConvergenceWarning: The optimal value found for dimension 3 of parameter k1__length_scale is close to the specified upper bound 1000.0. Increasing the bound and calling fit again may find a better value.
  warnings.warn(
/home/dev/hyph-bench/.venv/lib/python3.13/site-packages/sklearn/gaussian_process/kernels.py:450: ConvergenceWarning: The optimal value found for dimension 4 of parameter k1__length_scale is close to the specified upper bound 1000.0. Increasing the bound and calling fit again may find a better value.
  warnings.warn(
/home/dev/hyph-bench/.venv/lib/python3.13/site-packages/sklearn/gaussian_process/kernels.py:450: ConvergenceWarning: The optimal value found for dimension 5 of parameter k1__length_scale is close to the specified upper bound 1000.0. Increasing the bound and calling fit again may find a better value.
  warnings.warn(
/home/dev/hyph-bench/.venv/lib/python3.13/site-packages/sklearn/gaussian_process/kernels.py:450: ConvergenceWarning: The optimal value found for dimension 6 of parameter k1__length_scale is close to the specified upper bound 1000.0. Increasing the bound and calling fit again may find a better value.
  warnings.warn(
/home/dev/hyph-bench/.venv/lib/python3.13/site-packages/sklearn/gaussian_process/kernels.py:450: ConvergenceWarning: The optimal value found for dimension 7 of parameter k1__length_scale is close to the specified upper bound 1000.0. Increasing the bound and calling fit again may find a better value.
  warnings.warn(
/home/dev/hyph-bench/.venv/lib/python3.13/site-packages/sklearn/gaussian_process/kernels.py:440: ConvergenceWarning: The optimal value found for dimension 0 of parameter k2__noise_level is close to the specified lower bound 0.0001. Decreasing the bound and calling fit again may find a better value.
  warnings.warn(
  Tested: weights=('29', '23', '1/2', '1/3'), thresholds=(8, 42, 38, 1)
  validation: F_1/7=0.984572, good=252897, bad=3762, missed=13807, trie_nodes=1276, objective=0.984571
  Best so far: weights=('28', '1/4', '27', '1/4'), thresholds=(25, 4, 37, 39), score=0.984951, elapsed=1427.6s

============================================================
Iteration 21/30
/home/dev/hyph-bench/.venv/lib/python3.13/site-packages/sklearn/gaussian_process/kernels.py:440: ConvergenceWarning: The optimal value found for dimension 0 of parameter k1__length_scale is close to the specified lower bound 0.001. Decreasing the bound and calling fit again may find a better value.
  warnings.warn(
/home/dev/hyph-bench/.venv/lib/python3.13/site-packages/sklearn/gaussian_process/kernels.py:450: ConvergenceWarning: The optimal value found for dimension 2 of parameter k1__length_scale is close to the specified upper bound 1000.0. Increasing the bound and calling fit again may find a better value.
  warnings.warn(
/home/dev/hyph-bench/.venv/lib/python3.13/site-packages/sklearn/gaussian_process/kernels.py:450: ConvergenceWarning: The optimal value found for dimension 3 of parameter k1__length_scale is close to the specified upper bound 1000.0. Increasing the bound and calling fit again may find a better value.
  warnings.warn(
/home/dev/hyph-bench/.venv/lib/python3.13/site-packages/sklearn/gaussian_process/kernels.py:450: ConvergenceWarning: The optimal value found for dimension 4 of parameter k1__length_scale is close to the specified upper bound 1000.0. Increasing the bound and calling fit again may find a better value.
  warnings.warn(
/home/dev/hyph-bench/.venv/lib/python3.13/site-packages/sklearn/gaussian_process/kernels.py:450: ConvergenceWarning: The optimal value found for dimension 5 of parameter k1__length_scale is close to the specified upper bound 1000.0. Increasing the bound and calling fit again may find a better value.
  warnings.warn(
/home/dev/hyph-bench/.venv/lib/python3.13/site-packages/sklearn/gaussian_process/kernels.py:450: ConvergenceWarning: The optimal value found for dimension 6 of parameter k1__length_scale is close to the specified upper bound 1000.0. Increasing the bound and calling fit again may find a better value.
  warnings.warn(
/home/dev/hyph-bench/.venv/lib/python3.13/site-packages/sklearn/gaussian_process/kernels.py:450: ConvergenceWarning: The optimal value found for dimension 7 of parameter k1__length_scale is close to the specified upper bound 1000.0. Increasing the bound and calling fit again may find a better value.
  warnings.warn(
/home/dev/hyph-bench/.venv/lib/python3.13/site-packages/sklearn/gaussian_process/kernels.py:440: ConvergenceWarning: The optimal value found for dimension 0 of parameter k2__noise_level is close to the specified lower bound 0.0001. Decreasing the bound and calling fit again may find a better value.
  warnings.warn(
  Tested: weights=('25', '1/3', '28', '7'), thresholds=(2, 37, 40, 31)
  validation: F_1/7=0.984131, good=252938, bad=3881, missed=13766, trie_nodes=1028, objective=0.984130
/home/dev/hyph-bench/.venv/lib/python3.13/site-packages/sklearn/gaussian_process/kernels.py:450: ConvergenceWarning: The optimal value found for dimension 2 of parameter k1__length_scale is close to the specified upper bound 1000.0. Increasing the bound and calling fit again may find a better value.
  warnings.warn(
/home/dev/hyph-bench/.venv/lib/python3.13/site-packages/sklearn/gaussian_process/kernels.py:450: ConvergenceWarning: The optimal value found for dimension 3 of parameter k1__length_scale is close to the specified upper bound 1000.0. Increasing the bound and calling fit again may find a better value.
  warnings.warn(
/home/dev/hyph-bench/.venv/lib/python3.13/site-packages/sklearn/gaussian_process/kernels.py:450: ConvergenceWarning: The optimal value found for dimension 4 of parameter k1__length_scale is close to the specified upper bound 1000.0. Increasing the bound and calling fit again may find a better value.
  warnings.warn(
/home/dev/hyph-bench/.venv/lib/python3.13/site-packages/sklearn/gaussian_process/kernels.py:450: ConvergenceWarning: The optimal value found for dimension 5 of parameter k1__length_scale is close to the specified upper bound 1000.0. Increasing the bound and calling fit again may find a better value.
  warnings.warn(
/home/dev/hyph-bench/.venv/lib/python3.13/site-packages/sklearn/gaussian_process/kernels.py:450: ConvergenceWarning: The optimal value found for dimension 6 of parameter k1__length_scale is close to the specified upper bound 1000.0. Increasing the bound and calling fit again may find a better value.
  warnings.warn(
/home/dev/hyph-bench/.venv/lib/python3.13/site-packages/sklearn/gaussian_process/kernels.py:450: ConvergenceWarning: The optimal value found for dimension 7 of parameter k1__length_scale is close to the specified upper bound 1000.0. Increasing the bound and calling fit again may find a better value.
  warnings.warn(
/home/dev/hyph-bench/.venv/lib/python3.13/site-packages/sklearn/gaussian_process/kernels.py:440: ConvergenceWarning: The optimal value found for dimension 0 of parameter k2__noise_level is close to the specified lower bound 0.0001. Decreasing the bound and calling fit again may find a better value.
  warnings.warn(
  Tested: weights=('10', '1', '1/5', '1'), thresholds=(41, 3, 29, 18)
  validation: F_1/7=0.983399, good=252938, bad=4076, missed=13766, trie_nodes=798, objective=0.983399
/home/dev/hyph-bench/.venv/lib/python3.13/site-packages/sklearn/gaussian_process/kernels.py:450: ConvergenceWarning: The optimal value found for dimension 2 of parameter k1__length_scale is close to the specified upper bound 1000.0. Increasing the bound and calling fit again may find a better value.
  warnings.warn(
/home/dev/hyph-bench/.venv/lib/python3.13/site-packages/sklearn/gaussian_process/kernels.py:450: ConvergenceWarning: The optimal value found for dimension 3 of parameter k1__length_scale is close to the specified upper bound 1000.0. Increasing the bound and calling fit again may find a better value.
  warnings.warn(
/home/dev/hyph-bench/.venv/lib/python3.13/site-packages/sklearn/gaussian_process/kernels.py:450: ConvergenceWarning: The optimal value found for dimension 4 of parameter k1__length_scale is close to the specified upper bound 1000.0. Increasing the bound and calling fit again may find a better value.
  warnings.warn(
/home/dev/hyph-bench/.venv/lib/python3.13/site-packages/sklearn/gaussian_process/kernels.py:450: ConvergenceWarning: The optimal value found for dimension 5 of parameter k1__length_scale is close to the specified upper bound 1000.0. Increasing the bound and calling fit again may find a better value.
  warnings.warn(
/home/dev/hyph-bench/.venv/lib/python3.13/site-packages/sklearn/gaussian_process/kernels.py:450: ConvergenceWarning: The optimal value found for dimension 6 of parameter k1__length_scale is close to the specified upper bound 1000.0. Increasing the bound and calling fit again may find a better value.
  warnings.warn(
/home/dev/hyph-bench/.venv/lib/python3.13/site-packages/sklearn/gaussian_process/kernels.py:450: ConvergenceWarning: The optimal value found for dimension 7 of parameter k1__length_scale is close to the specified upper bound 1000.0. Increasing the bound and calling fit again may find a better value.
  warnings.warn(
/home/dev/hyph-bench/.venv/lib/python3.13/site-packages/sklearn/gaussian_process/kernels.py:440: ConvergenceWarning: The optimal value found for dimension 0 of parameter k2__noise_level is close to the specified lower bound 0.0001. Decreasing the bound and calling fit again may find a better value.
  warnings.warn(
  Tested: weights=('21', '26', '14', '26'), thresholds=(39, 8, 41, 41)
  validation: F_1/7=0.983964, good=252791, bad=3920, missed=13913, trie_nodes=676, objective=0.983963
/home/dev/hyph-bench/.venv/lib/python3.13/site-packages/sklearn/gaussian_process/kernels.py:450: ConvergenceWarning: The optimal value found for dimension 2 of parameter k1__length_scale is close to the specified upper bound 1000.0. Increasing the bound and calling fit again may find a better value.
  warnings.warn(
/home/dev/hyph-bench/.venv/lib/python3.13/site-packages/sklearn/gaussian_process/kernels.py:450: ConvergenceWarning: The optimal value found for dimension 3 of parameter k1__length_scale is close to the specified upper bound 1000.0. Increasing the bound and calling fit again may find a better value.
  warnings.warn(
/home/dev/hyph-bench/.venv/lib/python3.13/site-packages/sklearn/gaussian_process/kernels.py:450: ConvergenceWarning: The optimal value found for dimension 4 of parameter k1__length_scale is close to the specified upper bound 1000.0. Increasing the bound and calling fit again may find a better value.
  warnings.warn(
/home/dev/hyph-bench/.venv/lib/python3.13/site-packages/sklearn/gaussian_process/kernels.py:450: ConvergenceWarning: The optimal value found for dimension 5 of parameter k1__length_scale is close to the specified upper bound 1000.0. Increasing the bound and calling fit again may find a better value.
  warnings.warn(
/home/dev/hyph-bench/.venv/lib/python3.13/site-packages/sklearn/gaussian_process/kernels.py:450: ConvergenceWarning: The optimal value found for dimension 6 of parameter k1__length_scale is close to the specified upper bound 1000.0. Increasing the bound and calling fit again may find a better value.
  warnings.warn(
/home/dev/hyph-bench/.venv/lib/python3.13/site-packages/sklearn/gaussian_process/kernels.py:450: ConvergenceWarning: The optimal value found for dimension 7 of parameter k1__length_scale is close to the specified upper bound 1000.0. Increasing the bound and calling fit again may find a better value.
  warnings.warn(
/home/dev/hyph-bench/.venv/lib/python3.13/site-packages/sklearn/gaussian_process/kernels.py:440: ConvergenceWarning: The optimal value found for dimension 0 of parameter k2__noise_level is close to the specified lower bound 0.0001. Decreasing the bound and calling fit again may find a better value.
  warnings.warn(
  Tested: weights=('20', '13', '30', '1/2'), thresholds=(42, 29, 2, 39)
  validation: F_1/7=0.983719, good=252998, bad=3993, missed=13706, trie_nodes=997, objective=0.983718
/home/dev/hyph-bench/.venv/lib/python3.13/site-packages/sklearn/gaussian_process/kernels.py:450: ConvergenceWarning: The optimal value found for dimension 2 of parameter k1__length_scale is close to the specified upper bound 1000.0. Increasing the bound and calling fit again may find a better value.
  warnings.warn(
/home/dev/hyph-bench/.venv/lib/python3.13/site-packages/sklearn/gaussian_process/kernels.py:450: ConvergenceWarning: The optimal value found for dimension 3 of parameter k1__length_scale is close to the specified upper bound 1000.0. Increasing the bound and calling fit again may find a better value.
  warnings.warn(
/home/dev/hyph-bench/.venv/lib/python3.13/site-packages/sklearn/gaussian_process/kernels.py:450: ConvergenceWarning: The optimal value found for dimension 4 of parameter k1__length_scale is close to the specified upper bound 1000.0. Increasing the bound and calling fit again may find a better value.
  warnings.warn(
/home/dev/hyph-bench/.venv/lib/python3.13/site-packages/sklearn/gaussian_process/kernels.py:450: ConvergenceWarning: The optimal value found for dimension 5 of parameter k1__length_scale is close to the specified upper bound 1000.0. Increasing the bound and calling fit again may find a better value.
  warnings.warn(
/home/dev/hyph-bench/.venv/lib/python3.13/site-packages/sklearn/gaussian_process/kernels.py:450: ConvergenceWarning: The optimal value found for dimension 6 of parameter k1__length_scale is close to the specified upper bound 1000.0. Increasing the bound and calling fit again may find a better value.
  warnings.warn(
/home/dev/hyph-bench/.venv/lib/python3.13/site-packages/sklearn/gaussian_process/kernels.py:450: ConvergenceWarning: The optimal value found for dimension 7 of parameter k1__length_scale is close to the specified upper bound 1000.0. Increasing the bound and calling fit again may find a better value.
  warnings.warn(
/home/dev/hyph-bench/.venv/lib/python3.13/site-packages/sklearn/gaussian_process/kernels.py:440: ConvergenceWarning: The optimal value found for dimension 0 of parameter k2__noise_level is close to the specified lower bound 0.0001. Decreasing the bound and calling fit again may find a better value.
  warnings.warn(
  Tested: weights=('5', '15', '3', '22'), thresholds=(20, 15, 3, 3)
  validation: F_1/7=0.969773, good=253001, bad=7767, missed=13703, trie_nodes=864, objective=0.969773
  Best so far: weights=('28', '1/4', '27', '1/4'), thresholds=(25, 4, 37, 39), score=0.984951, elapsed=1497.0s

============================================================
Iteration 22/30
/home/dev/hyph-bench/.venv/lib/python3.13/site-packages/sklearn/gaussian_process/kernels.py:450: ConvergenceWarning: The optimal value found for dimension 2 of parameter k1__length_scale is close to the specified upper bound 1000.0. Increasing the bound and calling fit again may find a better value.
  warnings.warn(
/home/dev/hyph-bench/.venv/lib/python3.13/site-packages/sklearn/gaussian_process/kernels.py:450: ConvergenceWarning: The optimal value found for dimension 3 of parameter k1__length_scale is close to the specified upper bound 1000.0. Increasing the bound and calling fit again may find a better value.
  warnings.warn(
/home/dev/hyph-bench/.venv/lib/python3.13/site-packages/sklearn/gaussian_process/kernels.py:450: ConvergenceWarning: The optimal value found for dimension 4 of parameter k1__length_scale is close to the specified upper bound 1000.0. Increasing the bound and calling fit again may find a better value.
  warnings.warn(
/home/dev/hyph-bench/.venv/lib/python3.13/site-packages/sklearn/gaussian_process/kernels.py:450: ConvergenceWarning: The optimal value found for dimension 5 of parameter k1__length_scale is close to the specified upper bound 1000.0. Increasing the bound and calling fit again may find a better value.
  warnings.warn(
/home/dev/hyph-bench/.venv/lib/python3.13/site-packages/sklearn/gaussian_process/kernels.py:450: ConvergenceWarning: The optimal value found for dimension 6 of parameter k1__length_scale is close to the specified upper bound 1000.0. Increasing the bound and calling fit again may find a better value.
  warnings.warn(
/home/dev/hyph-bench/.venv/lib/python3.13/site-packages/sklearn/gaussian_process/kernels.py:450: ConvergenceWarning: The optimal value found for dimension 7 of parameter k1__length_scale is close to the specified upper bound 1000.0. Increasing the bound and calling fit again may find a better value.
  warnings.warn(
/home/dev/hyph-bench/.venv/lib/python3.13/site-packages/sklearn/gaussian_process/kernels.py:440: ConvergenceWarning: The optimal value found for dimension 0 of parameter k2__noise_level is close to the specified lower bound 0.0001. Decreasing the bound and calling fit again may find a better value.
  warnings.warn(
  Tested: weights=('29', '21', '4', '28'), thresholds=(42, 4, 25, 41)
  validation: F_1/7=0.984343, good=252870, bad=3822, missed=13834, trie_nodes=748, objective=0.984342
/home/dev/hyph-bench/.venv/lib/python3.13/site-packages/sklearn/gaussian_process/kernels.py:450: ConvergenceWarning: The optimal value found for dimension 2 of parameter k1__length_scale is close to the specified upper bound 1000.0. Increasing the bound and calling fit again may find a better value.
  warnings.warn(
/home/dev/hyph-bench/.venv/lib/python3.13/site-packages/sklearn/gaussian_process/kernels.py:450: ConvergenceWarning: The optimal value found for dimension 3 of parameter k1__length_scale is close to the specified upper bound 1000.0. Increasing the bound and calling fit again may find a better value.
  warnings.warn(
/home/dev/hyph-bench/.venv/lib/python3.13/site-packages/sklearn/gaussian_process/kernels.py:450: ConvergenceWarning: The optimal value found for dimension 4 of parameter k1__length_scale is close to the specified upper bound 1000.0. Increasing the bound and calling fit again may find a better value.
  warnings.warn(
/home/dev/hyph-bench/.venv/lib/python3.13/site-packages/sklearn/gaussian_process/kernels.py:450: ConvergenceWarning: The optimal value found for dimension 5 of parameter k1__length_scale is close to the specified upper bound 1000.0. Increasing the bound and calling fit again may find a better value.
  warnings.warn(
/home/dev/hyph-bench/.venv/lib/python3.13/site-packages/sklearn/gaussian_process/kernels.py:450: ConvergenceWarning: The optimal value found for dimension 6 of parameter k1__length_scale is close to the specified upper bound 1000.0. Increasing the bound and calling fit again may find a better value.
  warnings.warn(
/home/dev/hyph-bench/.venv/lib/python3.13/site-packages/sklearn/gaussian_process/kernels.py:450: ConvergenceWarning: The optimal value found for dimension 7 of parameter k1__length_scale is close to the specified upper bound 1000.0. Increasing the bound and calling fit again may find a better value.
  warnings.warn(
/home/dev/hyph-bench/.venv/lib/python3.13/site-packages/sklearn/gaussian_process/kernels.py:440: ConvergenceWarning: The optimal value found for dimension 0 of parameter k2__noise_level is close to the specified lower bound 0.0001. Decreasing the bound and calling fit again may find a better value.
  warnings.warn(
  Tested: weights=('10', '14', '17', '30'), thresholds=(20, 39, 36, 21)
  validation: F_1/7=0.983176, good=252892, bad=4134, missed=13812, trie_nodes=649, objective=0.983175
/home/dev/hyph-bench/.venv/lib/python3.13/site-packages/sklearn/gaussian_process/kernels.py:450: ConvergenceWarning: The optimal value found for dimension 2 of parameter k1__length_scale is close to the specified upper bound 1000.0. Increasing the bound and calling fit again may find a better value.
  warnings.warn(
/home/dev/hyph-bench/.venv/lib/python3.13/site-packages/sklearn/gaussian_process/kernels.py:450: ConvergenceWarning: The optimal value found for dimension 3 of parameter k1__length_scale is close to the specified upper bound 1000.0. Increasing the bound and calling fit again may find a better value.
  warnings.warn(
/home/dev/hyph-bench/.venv/lib/python3.13/site-packages/sklearn/gaussian_process/kernels.py:450: ConvergenceWarning: The optimal value found for dimension 4 of parameter k1__length_scale is close to the specified upper bound 1000.0. Increasing the bound and calling fit again may find a better value.
  warnings.warn(
/home/dev/hyph-bench/.venv/lib/python3.13/site-packages/sklearn/gaussian_process/kernels.py:450: ConvergenceWarning: The optimal value found for dimension 5 of parameter k1__length_scale is close to the specified upper bound 1000.0. Increasing the bound and calling fit again may find a better value.
  warnings.warn(
/home/dev/hyph-bench/.venv/lib/python3.13/site-packages/sklearn/gaussian_process/kernels.py:450: ConvergenceWarning: The optimal value found for dimension 6 of parameter k1__length_scale is close to the specified upper bound 1000.0. Increasing the bound and calling fit again may find a better value.
  warnings.warn(
/home/dev/hyph-bench/.venv/lib/python3.13/site-packages/sklearn/gaussian_process/kernels.py:450: ConvergenceWarning: The optimal value found for dimension 7 of parameter k1__length_scale is close to the specified upper bound 1000.0. Increasing the bound and calling fit again may find a better value.
  warnings.warn(
/home/dev/hyph-bench/.venv/lib/python3.13/site-packages/sklearn/gaussian_process/kernels.py:440: ConvergenceWarning: The optimal value found for dimension 0 of parameter k2__noise_level is close to the specified lower bound 0.0001. Decreasing the bound and calling fit again may find a better value.
  warnings.warn(
  Tested: weights=('19', '30', '30', '4'), thresholds=(38, 42, 8, 37)
  validation: F_1/7=0.983519, good=252937, bad=4044, missed=13767, trie_nodes=722, objective=0.983519
/home/dev/hyph-bench/.venv/lib/python3.13/site-packages/sklearn/gaussian_process/kernels.py:450: ConvergenceWarning: The optimal value found for dimension 2 of parameter k1__length_scale is close to the specified upper bound 1000.0. Increasing the bound and calling fit again may find a better value.
  warnings.warn(
/home/dev/hyph-bench/.venv/lib/python3.13/site-packages/sklearn/gaussian_process/kernels.py:450: ConvergenceWarning: The optimal value found for dimension 3 of parameter k1__length_scale is close to the specified upper bound 1000.0. Increasing the bound and calling fit again may find a better value.
  warnings.warn(
/home/dev/hyph-bench/.venv/lib/python3.13/site-packages/sklearn/gaussian_process/kernels.py:450: ConvergenceWarning: The optimal value found for dimension 4 of parameter k1__length_scale is close to the specified upper bound 1000.0. Increasing the bound and calling fit again may find a better value.
  warnings.warn(
/home/dev/hyph-bench/.venv/lib/python3.13/site-packages/sklearn/gaussian_process/kernels.py:450: ConvergenceWarning: The optimal value found for dimension 5 of parameter k1__length_scale is close to the specified upper bound 1000.0. Increasing the bound and calling fit again may find a better value.
  warnings.warn(
/home/dev/hyph-bench/.venv/lib/python3.13/site-packages/sklearn/gaussian_process/kernels.py:450: ConvergenceWarning: The optimal value found for dimension 6 of parameter k1__length_scale is close to the specified upper bound 1000.0. Increasing the bound and calling fit again may find a better value.
  warnings.warn(
/home/dev/hyph-bench/.venv/lib/python3.13/site-packages/sklearn/gaussian_process/kernels.py:450: ConvergenceWarning: The optimal value found for dimension 7 of parameter k1__length_scale is close to the specified upper bound 1000.0. Increasing the bound and calling fit again may find a better value.
  warnings.warn(
/home/dev/hyph-bench/.venv/lib/python3.13/site-packages/sklearn/gaussian_process/kernels.py:440: ConvergenceWarning: The optimal value found for dimension 0 of parameter k2__noise_level is close to the specified lower bound 0.0001. Decreasing the bound and calling fit again may find a better value.
  warnings.warn(
  Tested: weights=('15', '1/5', '27', '24'), thresholds=(3, 10, 6, 31)
  validation: F_1/7=0.984065, good=252978, bad=3900, missed=13726, trie_nodes=1032, objective=0.984064
/home/dev/hyph-bench/.venv/lib/python3.13/site-packages/sklearn/gaussian_process/kernels.py:450: ConvergenceWarning: The optimal value found for dimension 1 of parameter k1__length_scale is close to the specified upper bound 1000.0. Increasing the bound and calling fit again may find a better value.
  warnings.warn(
/home/dev/hyph-bench/.venv/lib/python3.13/site-packages/sklearn/gaussian_process/kernels.py:450: ConvergenceWarning: The optimal value found for dimension 2 of parameter k1__length_scale is close to the specified upper bound 1000.0. Increasing the bound and calling fit again may find a better value.
  warnings.warn(
/home/dev/hyph-bench/.venv/lib/python3.13/site-packages/sklearn/gaussian_process/kernels.py:450: ConvergenceWarning: The optimal value found for dimension 3 of parameter k1__length_scale is close to the specified upper bound 1000.0. Increasing the bound and calling fit again may find a better value.
  warnings.warn(
/home/dev/hyph-bench/.venv/lib/python3.13/site-packages/sklearn/gaussian_process/kernels.py:450: ConvergenceWarning: The optimal value found for dimension 6 of parameter k1__length_scale is close to the specified upper bound 1000.0. Increasing the bound and calling fit again may find a better value.
  warnings.warn(
/home/dev/hyph-bench/.venv/lib/python3.13/site-packages/sklearn/gaussian_process/kernels.py:440: ConvergenceWarning: The optimal value found for dimension 0 of parameter k2__noise_level is close to the specified lower bound 0.0001. Decreasing the bound and calling fit again may find a better value.
  warnings.warn(
  Tested: weights=('26', '24', '2', '1/5'), thresholds=(34, 26, 36, 1)
  validation: F_1/7=0.984467, good=252761, bad=3785, missed=13943, trie_nodes=1147, objective=0.984466
  Best so far: weights=('28', '1/4', '27', '1/4'), thresholds=(25, 4, 37, 39), score=0.984951, elapsed=1555.2s

============================================================
Iteration 23/30
/home/dev/hyph-bench/.venv/lib/python3.13/site-packages/sklearn/gaussian_process/kernels.py:450: ConvergenceWarning: The optimal value found for dimension 2 of parameter k1__length_scale is close to the specified upper bound 1000.0. Increasing the bound and calling fit again may find a better value.
  warnings.warn(
/home/dev/hyph-bench/.venv/lib/python3.13/site-packages/sklearn/gaussian_process/kernels.py:450: ConvergenceWarning: The optimal value found for dimension 3 of parameter k1__length_scale is close to the specified upper bound 1000.0. Increasing the bound and calling fit again may find a better value.
  warnings.warn(
/home/dev/hyph-bench/.venv/lib/python3.13/site-packages/sklearn/gaussian_process/kernels.py:450: ConvergenceWarning: The optimal value found for dimension 4 of parameter k1__length_scale is close to the specified upper bound 1000.0. Increasing the bound and calling fit again may find a better value.
  warnings.warn(
/home/dev/hyph-bench/.venv/lib/python3.13/site-packages/sklearn/gaussian_process/kernels.py:450: ConvergenceWarning: The optimal value found for dimension 5 of parameter k1__length_scale is close to the specified upper bound 1000.0. Increasing the bound and calling fit again may find a better value.
  warnings.warn(
/home/dev/hyph-bench/.venv/lib/python3.13/site-packages/sklearn/gaussian_process/kernels.py:450: ConvergenceWarning: The optimal value found for dimension 6 of parameter k1__length_scale is close to the specified upper bound 1000.0. Increasing the bound and calling fit again may find a better value.
  warnings.warn(
/home/dev/hyph-bench/.venv/lib/python3.13/site-packages/sklearn/gaussian_process/kernels.py:450: ConvergenceWarning: The optimal value found for dimension 7 of parameter k1__length_scale is close to the specified upper bound 1000.0. Increasing the bound and calling fit again may find a better value.
  warnings.warn(
/home/dev/hyph-bench/.venv/lib/python3.13/site-packages/sklearn/gaussian_process/kernels.py:440: ConvergenceWarning: The optimal value found for dimension 0 of parameter k2__noise_level is close to the specified lower bound 0.0001. Decreasing the bound and calling fit again may find a better value.
  warnings.warn(
  Tested: weights=('15', '1/3', '17', '30'), thresholds=(2, 35, 31, 3)
  validation: F_1/7=0.983875, good=252963, bad=3950, missed=13741, trie_nodes=1051, objective=0.983875
/home/dev/hyph-bench/.venv/lib/python3.13/site-packages/sklearn/gaussian_process/kernels.py:450: ConvergenceWarning: The optimal value found for dimension 1 of parameter k1__length_scale is close to the specified upper bound 1000.0. Increasing the bound and calling fit again may find a better value.
  warnings.warn(
/home/dev/hyph-bench/.venv/lib/python3.13/site-packages/sklearn/gaussian_process/kernels.py:450: ConvergenceWarning: The optimal value found for dimension 2 of parameter k1__length_scale is close to the specified upper bound 1000.0. Increasing the bound and calling fit again may find a better value.
  warnings.warn(
/home/dev/hyph-bench/.venv/lib/python3.13/site-packages/sklearn/gaussian_process/kernels.py:450: ConvergenceWarning: The optimal value found for dimension 3 of parameter k1__length_scale is close to the specified upper bound 1000.0. Increasing the bound and calling fit again may find a better value.
  warnings.warn(
/home/dev/hyph-bench/.venv/lib/python3.13/site-packages/sklearn/gaussian_process/kernels.py:450: ConvergenceWarning: The optimal value found for dimension 4 of parameter k1__length_scale is close to the specified upper bound 1000.0. Increasing the bound and calling fit again may find a better value.
  warnings.warn(
/home/dev/hyph-bench/.venv/lib/python3.13/site-packages/sklearn/gaussian_process/kernels.py:450: ConvergenceWarning: The optimal value found for dimension 5 of parameter k1__length_scale is close to the specified upper bound 1000.0. Increasing the bound and calling fit again may find a better value.
  warnings.warn(
/home/dev/hyph-bench/.venv/lib/python3.13/site-packages/sklearn/gaussian_process/kernels.py:450: ConvergenceWarning: The optimal value found for dimension 6 of parameter k1__length_scale is close to the specified upper bound 1000.0. Increasing the bound and calling fit again may find a better value.
  warnings.warn(
/home/dev/hyph-bench/.venv/lib/python3.13/site-packages/sklearn/gaussian_process/kernels.py:440: ConvergenceWarning: The optimal value found for dimension 7 of parameter k1__length_scale is close to the specified lower bound 0.001. Decreasing the bound and calling fit again may find a better value.
  warnings.warn(
/home/dev/hyph-bench/.venv/lib/python3.13/site-packages/sklearn/gaussian_process/kernels.py:440: ConvergenceWarning: The optimal value found for dimension 0 of parameter k2__noise_level is close to the specified lower bound 0.0001. Decreasing the bound and calling fit again may find a better value.
  warnings.warn(
  Tested: weights=('30', '20', '16', '29'), thresholds=(26, 1, 42, 23)
  validation: F_1/7=0.984476, good=252803, bad=3784, missed=13901, trie_nodes=1259, objective=0.984475
/home/dev/hyph-bench/.venv/lib/python3.13/site-packages/sklearn/gaussian_process/kernels.py:450: ConvergenceWarning: The optimal value found for dimension 1 of parameter k1__length_scale is close to the specified upper bound 1000.0. Increasing the bound and calling fit again may find a better value.
  warnings.warn(
/home/dev/hyph-bench/.venv/lib/python3.13/site-packages/sklearn/gaussian_process/kernels.py:450: ConvergenceWarning: The optimal value found for dimension 2 of parameter k1__length_scale is close to the specified upper bound 1000.0. Increasing the bound and calling fit again may find a better value.
  warnings.warn(
/home/dev/hyph-bench/.venv/lib/python3.13/site-packages/sklearn/gaussian_process/kernels.py:450: ConvergenceWarning: The optimal value found for dimension 3 of parameter k1__length_scale is close to the specified upper bound 1000.0. Increasing the bound and calling fit again may find a better value.
  warnings.warn(
/home/dev/hyph-bench/.venv/lib/python3.13/site-packages/sklearn/gaussian_process/kernels.py:450: ConvergenceWarning: The optimal value found for dimension 4 of parameter k1__length_scale is close to the specified upper bound 1000.0. Increasing the bound and calling fit again may find a better value.
  warnings.warn(
/home/dev/hyph-bench/.venv/lib/python3.13/site-packages/sklearn/gaussian_process/kernels.py:450: ConvergenceWarning: The optimal value found for dimension 5 of parameter k1__length_scale is close to the specified upper bound 1000.0. Increasing the bound and calling fit again may find a better value.
  warnings.warn(
/home/dev/hyph-bench/.venv/lib/python3.13/site-packages/sklearn/gaussian_process/kernels.py:450: ConvergenceWarning: The optimal value found for dimension 6 of parameter k1__length_scale is close to the specified upper bound 1000.0. Increasing the bound and calling fit again may find a better value.
  warnings.warn(
/home/dev/hyph-bench/.venv/lib/python3.13/site-packages/sklearn/gaussian_process/kernels.py:440: ConvergenceWarning: The optimal value found for dimension 7 of parameter k1__length_scale is close to the specified lower bound 0.001. Decreasing the bound and calling fit again may find a better value.
  warnings.warn(
/home/dev/hyph-bench/.venv/lib/python3.13/site-packages/sklearn/gaussian_process/kernels.py:440: ConvergenceWarning: The optimal value found for dimension 0 of parameter k2__noise_level is close to the specified lower bound 0.0001. Decreasing the bound and calling fit again may find a better value.
  warnings.warn(
  Tested: weights=('27', '1/3', '27', '1/2'), thresholds=(5, 21, 1, 33)
  validation: F_1/7=0.984436, good=253005, bad=3802, missed=13699, trie_nodes=1420, objective=0.984435
/home/dev/hyph-bench/.venv/lib/python3.13/site-packages/sklearn/gaussian_process/kernels.py:450: ConvergenceWarning: The optimal value found for dimension 1 of parameter k1__length_scale is close to the specified upper bound 1000.0. Increasing the bound and calling fit again may find a better value.
  warnings.warn(
/home/dev/hyph-bench/.venv/lib/python3.13/site-packages/sklearn/gaussian_process/kernels.py:450: ConvergenceWarning: The optimal value found for dimension 2 of parameter k1__length_scale is close to the specified upper bound 1000.0. Increasing the bound and calling fit again may find a better value.
  warnings.warn(
/home/dev/hyph-bench/.venv/lib/python3.13/site-packages/sklearn/gaussian_process/kernels.py:450: ConvergenceWarning: The optimal value found for dimension 3 of parameter k1__length_scale is close to the specified upper bound 1000.0. Increasing the bound and calling fit again may find a better value.
  warnings.warn(
/home/dev/hyph-bench/.venv/lib/python3.13/site-packages/sklearn/gaussian_process/kernels.py:450: ConvergenceWarning: The optimal value found for dimension 4 of parameter k1__length_scale is close to the specified upper bound 1000.0. Increasing the bound and calling fit again may find a better value.
  warnings.warn(
/home/dev/hyph-bench/.venv/lib/python3.13/site-packages/sklearn/gaussian_process/kernels.py:450: ConvergenceWarning: The optimal value found for dimension 5 of parameter k1__length_scale is close to the specified upper bound 1000.0. Increasing the bound and calling fit again may find a better value.
  warnings.warn(
/home/dev/hyph-bench/.venv/lib/python3.13/site-packages/sklearn/gaussian_process/kernels.py:450: ConvergenceWarning: The optimal value found for dimension 6 of parameter k1__length_scale is close to the specified upper bound 1000.0. Increasing the bound and calling fit again may find a better value.
  warnings.warn(
/home/dev/hyph-bench/.venv/lib/python3.13/site-packages/sklearn/gaussian_process/kernels.py:440: ConvergenceWarning: The optimal value found for dimension 7 of parameter k1__length_scale is close to the specified lower bound 0.001. Decreasing the bound and calling fit again may find a better value.
  warnings.warn(
/home/dev/hyph-bench/.venv/lib/python3.13/site-packages/sklearn/gaussian_process/kernels.py:440: ConvergenceWarning: The optimal value found for dimension 0 of parameter k2__noise_level is close to the specified lower bound 0.0001. Decreasing the bound and calling fit again may find a better value.
  warnings.warn(
  Tested: weights=('1/3', '27', '1/3', '14'), thresholds=(42, 38, 24, 5)
  validation: F_1/7=0.827361, good=253004, bad=53590, missed=13700, trie_nodes=630, objective=0.827361
/home/dev/hyph-bench/.venv/lib/python3.13/site-packages/sklearn/gaussian_process/kernels.py:450: ConvergenceWarning: The optimal value found for dimension 1 of parameter k1__length_scale is close to the specified upper bound 1000.0. Increasing the bound and calling fit again may find a better value.
  warnings.warn(
/home/dev/hyph-bench/.venv/lib/python3.13/site-packages/sklearn/gaussian_process/kernels.py:450: ConvergenceWarning: The optimal value found for dimension 2 of parameter k1__length_scale is close to the specified upper bound 1000.0. Increasing the bound and calling fit again may find a better value.
  warnings.warn(
/home/dev/hyph-bench/.venv/lib/python3.13/site-packages/sklearn/gaussian_process/kernels.py:450: ConvergenceWarning: The optimal value found for dimension 3 of parameter k1__length_scale is close to the specified upper bound 1000.0. Increasing the bound and calling fit again may find a better value.
  warnings.warn(
/home/dev/hyph-bench/.venv/lib/python3.13/site-packages/sklearn/gaussian_process/kernels.py:450: ConvergenceWarning: The optimal value found for dimension 4 of parameter k1__length_scale is close to the specified upper bound 1000.0. Increasing the bound and calling fit again may find a better value.
  warnings.warn(
/home/dev/hyph-bench/.venv/lib/python3.13/site-packages/sklearn/gaussian_process/kernels.py:450: ConvergenceWarning: The optimal value found for dimension 5 of parameter k1__length_scale is close to the specified upper bound 1000.0. Increasing the bound and calling fit again may find a better value.
  warnings.warn(
/home/dev/hyph-bench/.venv/lib/python3.13/site-packages/sklearn/gaussian_process/kernels.py:450: ConvergenceWarning: The optimal value found for dimension 6 of parameter k1__length_scale is close to the specified upper bound 1000.0. Increasing the bound and calling fit again may find a better value.
  warnings.warn(
/home/dev/hyph-bench/.venv/lib/python3.13/site-packages/sklearn/gaussian_process/kernels.py:440: ConvergenceWarning: The optimal value found for dimension 7 of parameter k1__length_scale is close to the specified lower bound 0.001. Decreasing the bound and calling fit again may find a better value.
  warnings.warn(
/home/dev/hyph-bench/.venv/lib/python3.13/site-packages/sklearn/gaussian_process/kernels.py:440: ConvergenceWarning: The optimal value found for dimension 0 of parameter k2__noise_level is close to the specified lower bound 0.0001. Decreasing the bound and calling fit again may find a better value.
  warnings.warn(
  Tested: weights=('9', '27', '3', '28'), thresholds=(3, 8, 1, 16)
  validation: F_1/7=0.983141, good=253016, bad=4148, missed=13688, trie_nodes=1251, objective=0.983140
  Best so far: weights=('28', '1/4', '27', '1/4'), thresholds=(25, 4, 37, 39), score=0.984951, elapsed=1609.4s

============================================================
Iteration 24/30
/home/dev/hyph-bench/.venv/lib/python3.13/site-packages/sklearn/gaussian_process/kernels.py:450: ConvergenceWarning: The optimal value found for dimension 2 of parameter k1__length_scale is close to the specified upper bound 1000.0. Increasing the bound and calling fit again may find a better value.
  warnings.warn(
/home/dev/hyph-bench/.venv/lib/python3.13/site-packages/sklearn/gaussian_process/kernels.py:450: ConvergenceWarning: The optimal value found for dimension 3 of parameter k1__length_scale is close to the specified upper bound 1000.0. Increasing the bound and calling fit again may find a better value.
  warnings.warn(
/home/dev/hyph-bench/.venv/lib/python3.13/site-packages/sklearn/gaussian_process/kernels.py:450: ConvergenceWarning: The optimal value found for dimension 4 of parameter k1__length_scale is close to the specified upper bound 1000.0. Increasing the bound and calling fit again may find a better value.
  warnings.warn(
/home/dev/hyph-bench/.venv/lib/python3.13/site-packages/sklearn/gaussian_process/kernels.py:450: ConvergenceWarning: The optimal value found for dimension 5 of parameter k1__length_scale is close to the specified upper bound 1000.0. Increasing the bound and calling fit again may find a better value.
  warnings.warn(
/home/dev/hyph-bench/.venv/lib/python3.13/site-packages/sklearn/gaussian_process/kernels.py:450: ConvergenceWarning: The optimal value found for dimension 6 of parameter k1__length_scale is close to the specified upper bound 1000.0. Increasing the bound and calling fit again may find a better value.
  warnings.warn(
/home/dev/hyph-bench/.venv/lib/python3.13/site-packages/sklearn/gaussian_process/kernels.py:450: ConvergenceWarning: The optimal value found for dimension 7 of parameter k1__length_scale is close to the specified upper bound 1000.0. Increasing the bound and calling fit again may find a better value.
  warnings.warn(
/home/dev/hyph-bench/.venv/lib/python3.13/site-packages/sklearn/gaussian_process/kernels.py:440: ConvergenceWarning: The optimal value found for dimension 0 of parameter k2__noise_level is close to the specified lower bound 0.0001. Decreasing the bound and calling fit again may find a better value.
  warnings.warn(
  Tested: weights=('1/2', '11', '1', '6'), thresholds=(15, 26, 40, 38)
  validation: F_1/7=0.827074, good=252998, bad=53697, missed=13706, trie_nodes=508, objective=0.827074
/home/dev/hyph-bench/.venv/lib/python3.13/site-packages/sklearn/gaussian_process/kernels.py:450: ConvergenceWarning: The optimal value found for dimension 2 of parameter k1__length_scale is close to the specified upper bound 1000.0. Increasing the bound and calling fit again may find a better value.
  warnings.warn(
/home/dev/hyph-bench/.venv/lib/python3.13/site-packages/sklearn/gaussian_process/kernels.py:450: ConvergenceWarning: The optimal value found for dimension 3 of parameter k1__length_scale is close to the specified upper bound 1000.0. Increasing the bound and calling fit again may find a better value.
  warnings.warn(
/home/dev/hyph-bench/.venv/lib/python3.13/site-packages/sklearn/gaussian_process/kernels.py:450: ConvergenceWarning: The optimal value found for dimension 4 of parameter k1__length_scale is close to the specified upper bound 1000.0. Increasing the bound and calling fit again may find a better value.
  warnings.warn(
/home/dev/hyph-bench/.venv/lib/python3.13/site-packages/sklearn/gaussian_process/kernels.py:450: ConvergenceWarning: The optimal value found for dimension 5 of parameter k1__length_scale is close to the specified upper bound 1000.0. Increasing the bound and calling fit again may find a better value.
  warnings.warn(
/home/dev/hyph-bench/.venv/lib/python3.13/site-packages/sklearn/gaussian_process/kernels.py:450: ConvergenceWarning: The optimal value found for dimension 6 of parameter k1__length_scale is close to the specified upper bound 1000.0. Increasing the bound and calling fit again may find a better value.
  warnings.warn(
/home/dev/hyph-bench/.venv/lib/python3.13/site-packages/sklearn/gaussian_process/kernels.py:450: ConvergenceWarning: The optimal value found for dimension 7 of parameter k1__length_scale is close to the specified upper bound 1000.0. Increasing the bound and calling fit again may find a better value.
  warnings.warn(
/home/dev/hyph-bench/.venv/lib/python3.13/site-packages/sklearn/gaussian_process/kernels.py:440: ConvergenceWarning: The optimal value found for dimension 0 of parameter k2__noise_level is close to the specified lower bound 0.0001. Decreasing the bound and calling fit again may find a better value.
  warnings.warn(
  Tested: weights=('23', '1/4', '24', '27'), thresholds=(2, 41, 37, 20)
  validation: F_1/7=0.984083, good=252949, bad=3894, missed=13755, trie_nodes=1023, objective=0.984083
/home/dev/hyph-bench/.venv/lib/python3.13/site-packages/sklearn/gaussian_process/kernels.py:450: ConvergenceWarning: The optimal value found for dimension 2 of parameter k1__length_scale is close to the specified upper bound 1000.0. Increasing the bound and calling fit again may find a better value.
  warnings.warn(
/home/dev/hyph-bench/.venv/lib/python3.13/site-packages/sklearn/gaussian_process/kernels.py:450: ConvergenceWarning: The optimal value found for dimension 3 of parameter k1__length_scale is close to the specified upper bound 1000.0. Increasing the bound and calling fit again may find a better value.
  warnings.warn(
/home/dev/hyph-bench/.venv/lib/python3.13/site-packages/sklearn/gaussian_process/kernels.py:450: ConvergenceWarning: The optimal value found for dimension 4 of parameter k1__length_scale is close to the specified upper bound 1000.0. Increasing the bound and calling fit again may find a better value.
  warnings.warn(
/home/dev/hyph-bench/.venv/lib/python3.13/site-packages/sklearn/gaussian_process/kernels.py:450: ConvergenceWarning: The optimal value found for dimension 5 of parameter k1__length_scale is close to the specified upper bound 1000.0. Increasing the bound and calling fit again may find a better value.
  warnings.warn(
/home/dev/hyph-bench/.venv/lib/python3.13/site-packages/sklearn/gaussian_process/kernels.py:450: ConvergenceWarning: The optimal value found for dimension 6 of parameter k1__length_scale is close to the specified upper bound 1000.0. Increasing the bound and calling fit again may find a better value.
  warnings.warn(
/home/dev/hyph-bench/.venv/lib/python3.13/site-packages/sklearn/gaussian_process/kernels.py:450: ConvergenceWarning: The optimal value found for dimension 7 of parameter k1__length_scale is close to the specified upper bound 1000.0. Increasing the bound and calling fit again may find a better value.
  warnings.warn(
/home/dev/hyph-bench/.venv/lib/python3.13/site-packages/sklearn/gaussian_process/kernels.py:440: ConvergenceWarning: The optimal value found for dimension 0 of parameter k2__noise_level is close to the specified lower bound 0.0001. Decreasing the bound and calling fit again may find a better value.
  warnings.warn(
  Tested: weights=('23', '1/5', '1/3', '28'), thresholds=(41, 6, 17, 40)
  validation: F_1/7=0.983783, good=252974, bad=3975, missed=13730, trie_nodes=885, objective=0.983782
/home/dev/hyph-bench/.venv/lib/python3.13/site-packages/sklearn/gaussian_process/kernels.py:450: ConvergenceWarning: The optimal value found for dimension 2 of parameter k1__length_scale is close to the specified upper bound 1000.0. Increasing the bound and calling fit again may find a better value.
  warnings.warn(
/home/dev/hyph-bench/.venv/lib/python3.13/site-packages/sklearn/gaussian_process/kernels.py:450: ConvergenceWarning: The optimal value found for dimension 3 of parameter k1__length_scale is close to the specified upper bound 1000.0. Increasing the bound and calling fit again may find a better value.
  warnings.warn(
/home/dev/hyph-bench/.venv/lib/python3.13/site-packages/sklearn/gaussian_process/kernels.py:450: ConvergenceWarning: The optimal value found for dimension 4 of parameter k1__length_scale is close to the specified upper bound 1000.0. Increasing the bound and calling fit again may find a better value.
  warnings.warn(
/home/dev/hyph-bench/.venv/lib/python3.13/site-packages/sklearn/gaussian_process/kernels.py:450: ConvergenceWarning: The optimal value found for dimension 5 of parameter k1__length_scale is close to the specified upper bound 1000.0. Increasing the bound and calling fit again may find a better value.
  warnings.warn(
/home/dev/hyph-bench/.venv/lib/python3.13/site-packages/sklearn/gaussian_process/kernels.py:450: ConvergenceWarning: The optimal value found for dimension 6 of parameter k1__length_scale is close to the specified upper bound 1000.0. Increasing the bound and calling fit again may find a better value.
  warnings.warn(
/home/dev/hyph-bench/.venv/lib/python3.13/site-packages/sklearn/gaussian_process/kernels.py:450: ConvergenceWarning: The optimal value found for dimension 7 of parameter k1__length_scale is close to the specified upper bound 1000.0. Increasing the bound and calling fit again may find a better value.
  warnings.warn(
/home/dev/hyph-bench/.venv/lib/python3.13/site-packages/sklearn/gaussian_process/kernels.py:440: ConvergenceWarning: The optimal value found for dimension 0 of parameter k2__noise_level is close to the specified lower bound 0.0001. Decreasing the bound and calling fit again may find a better value.
  warnings.warn(
  Tested: weights=('3', '29', '13', '1/5'), thresholds=(42, 9, 14, 1)
  validation: F_1/7=0.967235, good=252862, bad=8458, missed=13842, trie_nodes=1158, objective=0.967234
/home/dev/hyph-bench/.venv/lib/python3.13/site-packages/sklearn/gaussian_process/kernels.py:450: ConvergenceWarning: The optimal value found for dimension 2 of parameter k1__length_scale is close to the specified upper bound 1000.0. Increasing the bound and calling fit again may find a better value.
  warnings.warn(
/home/dev/hyph-bench/.venv/lib/python3.13/site-packages/sklearn/gaussian_process/kernels.py:450: ConvergenceWarning: The optimal value found for dimension 3 of parameter k1__length_scale is close to the specified upper bound 1000.0. Increasing the bound and calling fit again may find a better value.
  warnings.warn(
/home/dev/hyph-bench/.venv/lib/python3.13/site-packages/sklearn/gaussian_process/kernels.py:450: ConvergenceWarning: The optimal value found for dimension 4 of parameter k1__length_scale is close to the specified upper bound 1000.0. Increasing the bound and calling fit again may find a better value.
  warnings.warn(
/home/dev/hyph-bench/.venv/lib/python3.13/site-packages/sklearn/gaussian_process/kernels.py:450: ConvergenceWarning: The optimal value found for dimension 5 of parameter k1__length_scale is close to the specified upper bound 1000.0. Increasing the bound and calling fit again may find a better value.
  warnings.warn(
/home/dev/hyph-bench/.venv/lib/python3.13/site-packages/sklearn/gaussian_process/kernels.py:450: ConvergenceWarning: The optimal value found for dimension 6 of parameter k1__length_scale is close to the specified upper bound 1000.0. Increasing the bound and calling fit again may find a better value.
  warnings.warn(
/home/dev/hyph-bench/.venv/lib/python3.13/site-packages/sklearn/gaussian_process/kernels.py:450: ConvergenceWarning: The optimal value found for dimension 7 of parameter k1__length_scale is close to the specified upper bound 1000.0. Increasing the bound and calling fit again may find a better value.
  warnings.warn(
/home/dev/hyph-bench/.venv/lib/python3.13/site-packages/sklearn/gaussian_process/kernels.py:440: ConvergenceWarning: The optimal value found for dimension 0 of parameter k2__noise_level is close to the specified lower bound 0.0001. Decreasing the bound and calling fit again may find a better value.
  warnings.warn(
  Tested: weights=('1/4', '26', '25', '28'), thresholds=(37, 40, 1, 38)
  validation: F_1/7=0.826910, good=253023, bad=53765, missed=13681, trie_nodes=803, objective=0.826909
  Best so far: weights=('28', '1/4', '27', '1/4'), thresholds=(25, 4, 37, 39), score=0.984951, elapsed=1673.5s

============================================================
Iteration 25/30
/home/dev/hyph-bench/.venv/lib/python3.13/site-packages/sklearn/gaussian_process/kernels.py:450: ConvergenceWarning: The optimal value found for dimension 2 of parameter k1__length_scale is close to the specified upper bound 1000.0. Increasing the bound and calling fit again may find a better value.
  warnings.warn(
/home/dev/hyph-bench/.venv/lib/python3.13/site-packages/sklearn/gaussian_process/kernels.py:450: ConvergenceWarning: The optimal value found for dimension 3 of parameter k1__length_scale is close to the specified upper bound 1000.0. Increasing the bound and calling fit again may find a better value.
  warnings.warn(
/home/dev/hyph-bench/.venv/lib/python3.13/site-packages/sklearn/gaussian_process/kernels.py:450: ConvergenceWarning: The optimal value found for dimension 4 of parameter k1__length_scale is close to the specified upper bound 1000.0. Increasing the bound and calling fit again may find a better value.
  warnings.warn(
/home/dev/hyph-bench/.venv/lib/python3.13/site-packages/sklearn/gaussian_process/kernels.py:450: ConvergenceWarning: The optimal value found for dimension 5 of parameter k1__length_scale is close to the specified upper bound 1000.0. Increasing the bound and calling fit again may find a better value.
  warnings.warn(
/home/dev/hyph-bench/.venv/lib/python3.13/site-packages/sklearn/gaussian_process/kernels.py:450: ConvergenceWarning: The optimal value found for dimension 6 of parameter k1__length_scale is close to the specified upper bound 1000.0. Increasing the bound and calling fit again may find a better value.
  warnings.warn(
/home/dev/hyph-bench/.venv/lib/python3.13/site-packages/sklearn/gaussian_process/kernels.py:450: ConvergenceWarning: The optimal value found for dimension 7 of parameter k1__length_scale is close to the specified upper bound 1000.0. Increasing the bound and calling fit again may find a better value.
  warnings.warn(
/home/dev/hyph-bench/.venv/lib/python3.13/site-packages/sklearn/gaussian_process/kernels.py:440: ConvergenceWarning: The optimal value found for dimension 0 of parameter k2__noise_level is close to the specified lower bound 0.0001. Decreasing the bound and calling fit again may find a better value.
  warnings.warn(
  Tested: weights=('26', '30', '1', '1/4'), thresholds=(21, 33, 42, 38)
  validation: F_1/7=0.984081, good=252879, bad=3892, missed=13825, trie_nodes=674, objective=0.984081
/home/dev/hyph-bench/.venv/lib/python3.13/site-packages/sklearn/gaussian_process/kernels.py:450: ConvergenceWarning: The optimal value found for dimension 2 of parameter k1__length_scale is close to the specified upper bound 1000.0. Increasing the bound and calling fit again may find a better value.
  warnings.warn(
/home/dev/hyph-bench/.venv/lib/python3.13/site-packages/sklearn/gaussian_process/kernels.py:450: ConvergenceWarning: The optimal value found for dimension 3 of parameter k1__length_scale is close to the specified upper bound 1000.0. Increasing the bound and calling fit again may find a better value.
  warnings.warn(
/home/dev/hyph-bench/.venv/lib/python3.13/site-packages/sklearn/gaussian_process/kernels.py:450: ConvergenceWarning: The optimal value found for dimension 4 of parameter k1__length_scale is close to the specified upper bound 1000.0. Increasing the bound and calling fit again may find a better value.
  warnings.warn(
/home/dev/hyph-bench/.venv/lib/python3.13/site-packages/sklearn/gaussian_process/kernels.py:450: ConvergenceWarning: The optimal value found for dimension 5 of parameter k1__length_scale is close to the specified upper bound 1000.0. Increasing the bound and calling fit again may find a better value.
  warnings.warn(
/home/dev/hyph-bench/.venv/lib/python3.13/site-packages/sklearn/gaussian_process/kernels.py:450: ConvergenceWarning: The optimal value found for dimension 6 of parameter k1__length_scale is close to the specified upper bound 1000.0. Increasing the bound and calling fit again may find a better value.
  warnings.warn(
/home/dev/hyph-bench/.venv/lib/python3.13/site-packages/sklearn/gaussian_process/kernels.py:450: ConvergenceWarning: The optimal value found for dimension 7 of parameter k1__length_scale is close to the specified upper bound 1000.0. Increasing the bound and calling fit again may find a better value.
  warnings.warn(
/home/dev/hyph-bench/.venv/lib/python3.13/site-packages/sklearn/gaussian_process/kernels.py:440: ConvergenceWarning: The optimal value found for dimension 0 of parameter k2__noise_level is close to the specified lower bound 0.0001. Decreasing the bound and calling fit again may find a better value.
  warnings.warn(
  Tested: weights=('9', '3', '28', '19'), thresholds=(39, 31, 16, 41)
  validation: F_1/7=0.983105, good=252895, bad=4153, missed=13809, trie_nodes=643, objective=0.983104
/home/dev/hyph-bench/.venv/lib/python3.13/site-packages/sklearn/gaussian_process/kernels.py:450: ConvergenceWarning: The optimal value found for dimension 2 of parameter k1__length_scale is close to the specified upper bound 1000.0. Increasing the bound and calling fit again may find a better value.
  warnings.warn(
/home/dev/hyph-bench/.venv/lib/python3.13/site-packages/sklearn/gaussian_process/kernels.py:450: ConvergenceWarning: The optimal value found for dimension 3 of parameter k1__length_scale is close to the specified upper bound 1000.0. Increasing the bound and calling fit again may find a better value.
  warnings.warn(
/home/dev/hyph-bench/.venv/lib/python3.13/site-packages/sklearn/gaussian_process/kernels.py:450: ConvergenceWarning: The optimal value found for dimension 4 of parameter k1__length_scale is close to the specified upper bound 1000.0. Increasing the bound and calling fit again may find a better value.
  warnings.warn(
/home/dev/hyph-bench/.venv/lib/python3.13/site-packages/sklearn/gaussian_process/kernels.py:450: ConvergenceWarning: The optimal value found for dimension 5 of parameter k1__length_scale is close to the specified upper bound 1000.0. Increasing the bound and calling fit again may find a better value.
  warnings.warn(
/home/dev/hyph-bench/.venv/lib/python3.13/site-packages/sklearn/gaussian_process/kernels.py:450: ConvergenceWarning: The optimal value found for dimension 6 of parameter k1__length_scale is close to the specified upper bound 1000.0. Increasing the bound and calling fit again may find a better value.
  warnings.warn(
/home/dev/hyph-bench/.venv/lib/python3.13/site-packages/sklearn/gaussian_process/kernels.py:450: ConvergenceWarning: The optimal value found for dimension 7 of parameter k1__length_scale is close to the specified upper bound 1000.0. Increasing the bound and calling fit again may find a better value.
  warnings.warn(
/home/dev/hyph-bench/.venv/lib/python3.13/site-packages/sklearn/gaussian_process/kernels.py:440: ConvergenceWarning: The optimal value found for dimension 0 of parameter k2__noise_level is close to the specified lower bound 0.0001. Decreasing the bound and calling fit again may find a better value.
  warnings.warn(
  Tested: weights=('25', '4', '1/2', '30'), thresholds=(35, 1, 42, 10)
  validation: F_1/7=0.984247, good=252885, bad=3848, missed=13819, trie_nodes=1227, objective=0.984246
/home/dev/hyph-bench/.venv/lib/python3.13/site-packages/sklearn/gaussian_process/kernels.py:450: ConvergenceWarning: The optimal value found for dimension 2 of parameter k1__length_scale is close to the specified upper bound 1000.0. Increasing the bound and calling fit again may find a better value.
  warnings.warn(
/home/dev/hyph-bench/.venv/lib/python3.13/site-packages/sklearn/gaussian_process/kernels.py:450: ConvergenceWarning: The optimal value found for dimension 3 of parameter k1__length_scale is close to the specified upper bound 1000.0. Increasing the bound and calling fit again may find a better value.
  warnings.warn(
/home/dev/hyph-bench/.venv/lib/python3.13/site-packages/sklearn/gaussian_process/kernels.py:450: ConvergenceWarning: The optimal value found for dimension 4 of parameter k1__length_scale is close to the specified upper bound 1000.0. Increasing the bound and calling fit again may find a better value.
  warnings.warn(
/home/dev/hyph-bench/.venv/lib/python3.13/site-packages/sklearn/gaussian_process/kernels.py:450: ConvergenceWarning: The optimal value found for dimension 5 of parameter k1__length_scale is close to the specified upper bound 1000.0. Increasing the bound and calling fit again may find a better value.
  warnings.warn(
/home/dev/hyph-bench/.venv/lib/python3.13/site-packages/sklearn/gaussian_process/kernels.py:450: ConvergenceWarning: The optimal value found for dimension 6 of parameter k1__length_scale is close to the specified upper bound 1000.0. Increasing the bound and calling fit again may find a better value.
  warnings.warn(
/home/dev/hyph-bench/.venv/lib/python3.13/site-packages/sklearn/gaussian_process/kernels.py:450: ConvergenceWarning: The optimal value found for dimension 7 of parameter k1__length_scale is close to the specified upper bound 1000.0. Increasing the bound and calling fit again may find a better value.
  warnings.warn(
/home/dev/hyph-bench/.venv/lib/python3.13/site-packages/sklearn/gaussian_process/kernels.py:440: ConvergenceWarning: The optimal value found for dimension 0 of parameter k2__noise_level is close to the specified lower bound 0.0001. Decreasing the bound and calling fit again may find a better value.
  warnings.warn(
  Tested: weights=('16', '1', '1/3', '1/3'), thresholds=(33, 41, 1, 8)
  validation: F_1/7=0.983661, good=253014, bad=4009, missed=13690, trie_nodes=1238, objective=0.983660
/home/dev/hyph-bench/.venv/lib/python3.13/site-packages/sklearn/gaussian_process/kernels.py:450: ConvergenceWarning: The optimal value found for dimension 2 of parameter k1__length_scale is close to the specified upper bound 1000.0. Increasing the bound and calling fit again may find a better value.
  warnings.warn(
/home/dev/hyph-bench/.venv/lib/python3.13/site-packages/sklearn/gaussian_process/kernels.py:450: ConvergenceWarning: The optimal value found for dimension 3 of parameter k1__length_scale is close to the specified upper bound 1000.0. Increasing the bound and calling fit again may find a better value.
  warnings.warn(
/home/dev/hyph-bench/.venv/lib/python3.13/site-packages/sklearn/gaussian_process/kernels.py:450: ConvergenceWarning: The optimal value found for dimension 4 of parameter k1__length_scale is close to the specified upper bound 1000.0. Increasing the bound and calling fit again may find a better value.
  warnings.warn(
/home/dev/hyph-bench/.venv/lib/python3.13/site-packages/sklearn/gaussian_process/kernels.py:450: ConvergenceWarning: The optimal value found for dimension 5 of parameter k1__length_scale is close to the specified upper bound 1000.0. Increasing the bound and calling fit again may find a better value.
  warnings.warn(
/home/dev/hyph-bench/.venv/lib/python3.13/site-packages/sklearn/gaussian_process/kernels.py:450: ConvergenceWarning: The optimal value found for dimension 6 of parameter k1__length_scale is close to the specified upper bound 1000.0. Increasing the bound and calling fit again may find a better value.
  warnings.warn(
/home/dev/hyph-bench/.venv/lib/python3.13/site-packages/sklearn/gaussian_process/kernels.py:450: ConvergenceWarning: The optimal value found for dimension 7 of parameter k1__length_scale is close to the specified upper bound 1000.0. Increasing the bound and calling fit again may find a better value.
  warnings.warn(
/home/dev/hyph-bench/.venv/lib/python3.13/site-packages/sklearn/gaussian_process/kernels.py:440: ConvergenceWarning: The optimal value found for dimension 0 of parameter k2__noise_level is close to the specified lower bound 0.0001. Decreasing the bound and calling fit again may find a better value.
  warnings.warn(
  Tested: weights=('18', '8', '26', '22'), thresholds=(7, 1, 1, 1)
  validation: F_1/7=0.983753, good=252998, bad=3984, missed=13706, trie_nodes=1863, objective=0.983751
  Best so far: weights=('28', '1/4', '27', '1/4'), thresholds=(25, 4, 37, 39), score=0.984951, elapsed=1738.5s

============================================================
Iteration 26/30
/home/dev/hyph-bench/.venv/lib/python3.13/site-packages/sklearn/gaussian_process/kernels.py:450: ConvergenceWarning: The optimal value found for dimension 2 of parameter k1__length_scale is close to the specified upper bound 1000.0. Increasing the bound and calling fit again may find a better value.
  warnings.warn(
/home/dev/hyph-bench/.venv/lib/python3.13/site-packages/sklearn/gaussian_process/kernels.py:450: ConvergenceWarning: The optimal value found for dimension 3 of parameter k1__length_scale is close to the specified upper bound 1000.0. Increasing the bound and calling fit again may find a better value.
  warnings.warn(
/home/dev/hyph-bench/.venv/lib/python3.13/site-packages/sklearn/gaussian_process/kernels.py:450: ConvergenceWarning: The optimal value found for dimension 4 of parameter k1__length_scale is close to the specified upper bound 1000.0. Increasing the bound and calling fit again may find a better value.
  warnings.warn(
/home/dev/hyph-bench/.venv/lib/python3.13/site-packages/sklearn/gaussian_process/kernels.py:450: ConvergenceWarning: The optimal value found for dimension 5 of parameter k1__length_scale is close to the specified upper bound 1000.0. Increasing the bound and calling fit again may find a better value.
  warnings.warn(
/home/dev/hyph-bench/.venv/lib/python3.13/site-packages/sklearn/gaussian_process/kernels.py:450: ConvergenceWarning: The optimal value found for dimension 6 of parameter k1__length_scale is close to the specified upper bound 1000.0. Increasing the bound and calling fit again may find a better value.
  warnings.warn(
/home/dev/hyph-bench/.venv/lib/python3.13/site-packages/sklearn/gaussian_process/kernels.py:450: ConvergenceWarning: The optimal value found for dimension 7 of parameter k1__length_scale is close to the specified upper bound 1000.0. Increasing the bound and calling fit again may find a better value.
  warnings.warn(
/home/dev/hyph-bench/.venv/lib/python3.13/site-packages/sklearn/gaussian_process/kernels.py:440: ConvergenceWarning: The optimal value found for dimension 0 of parameter k2__noise_level is close to the specified lower bound 0.0001. Decreasing the bound and calling fit again may find a better value.
  warnings.warn(
  Tested: weights=('12', '30', '10', '1/2'), thresholds=(25, 9, 39, 28)
  validation: F_1/7=0.983637, good=252869, bad=4010, missed=13835, trie_nodes=681, objective=0.983637
/home/dev/hyph-bench/.venv/lib/python3.13/site-packages/sklearn/gaussian_process/kernels.py:450: ConvergenceWarning: The optimal value found for dimension 2 of parameter k1__length_scale is close to the specified upper bound 1000.0. Increasing the bound and calling fit again may find a better value.
  warnings.warn(
/home/dev/hyph-bench/.venv/lib/python3.13/site-packages/sklearn/gaussian_process/kernels.py:450: ConvergenceWarning: The optimal value found for dimension 3 of parameter k1__length_scale is close to the specified upper bound 1000.0. Increasing the bound and calling fit again may find a better value.
  warnings.warn(
/home/dev/hyph-bench/.venv/lib/python3.13/site-packages/sklearn/gaussian_process/kernels.py:450: ConvergenceWarning: The optimal value found for dimension 4 of parameter k1__length_scale is close to the specified upper bound 1000.0. Increasing the bound and calling fit again may find a better value.
  warnings.warn(
/home/dev/hyph-bench/.venv/lib/python3.13/site-packages/sklearn/gaussian_process/kernels.py:450: ConvergenceWarning: The optimal value found for dimension 5 of parameter k1__length_scale is close to the specified upper bound 1000.0. Increasing the bound and calling fit again may find a better value.
  warnings.warn(
/home/dev/hyph-bench/.venv/lib/python3.13/site-packages/sklearn/gaussian_process/kernels.py:450: ConvergenceWarning: The optimal value found for dimension 6 of parameter k1__length_scale is close to the specified upper bound 1000.0. Increasing the bound and calling fit again may find a better value.
  warnings.warn(
/home/dev/hyph-bench/.venv/lib/python3.13/site-packages/sklearn/gaussian_process/kernels.py:450: ConvergenceWarning: The optimal value found for dimension 7 of parameter k1__length_scale is close to the specified upper bound 1000.0. Increasing the bound and calling fit again may find a better value.
  warnings.warn(
/home/dev/hyph-bench/.venv/lib/python3.13/site-packages/sklearn/gaussian_process/kernels.py:440: ConvergenceWarning: The optimal value found for dimension 0 of parameter k2__noise_level is close to the specified lower bound 0.0001. Decreasing the bound and calling fit again may find a better value.
  warnings.warn(
  Tested: weights=('29', '1/5', '28', '12'), thresholds=(4, 35, 33, 35)
  validation: F_1/7=0.984548, good=252915, bad=3769, missed=13789, trie_nodes=892, objective=0.984547
/home/dev/hyph-bench/.venv/lib/python3.13/site-packages/sklearn/gaussian_process/kernels.py:440: ConvergenceWarning: The optimal value found for dimension 0 of parameter k1__length_scale is close to the specified lower bound 0.001. Decreasing the bound and calling fit again may find a better value.
  warnings.warn(
/home/dev/hyph-bench/.venv/lib/python3.13/site-packages/sklearn/gaussian_process/kernels.py:450: ConvergenceWarning: The optimal value found for dimension 1 of parameter k1__length_scale is close to the specified upper bound 1000.0. Increasing the bound and calling fit again may find a better value.
  warnings.warn(
/home/dev/hyph-bench/.venv/lib/python3.13/site-packages/sklearn/gaussian_process/kernels.py:450: ConvergenceWarning: The optimal value found for dimension 2 of parameter k1__length_scale is close to the specified upper bound 1000.0. Increasing the bound and calling fit again may find a better value.
  warnings.warn(
/home/dev/hyph-bench/.venv/lib/python3.13/site-packages/sklearn/gaussian_process/kernels.py:450: ConvergenceWarning: The optimal value found for dimension 3 of parameter k1__length_scale is close to the specified upper bound 1000.0. Increasing the bound and calling fit again may find a better value.
  warnings.warn(
/home/dev/hyph-bench/.venv/lib/python3.13/site-packages/sklearn/gaussian_process/kernels.py:450: ConvergenceWarning: The optimal value found for dimension 4 of parameter k1__length_scale is close to the specified upper bound 1000.0. Increasing the bound and calling fit again may find a better value.
  warnings.warn(
/home/dev/hyph-bench/.venv/lib/python3.13/site-packages/sklearn/gaussian_process/kernels.py:450: ConvergenceWarning: The optimal value found for dimension 5 of parameter k1__length_scale is close to the specified upper bound 1000.0. Increasing the bound and calling fit again may find a better value.
  warnings.warn(
/home/dev/hyph-bench/.venv/lib/python3.13/site-packages/sklearn/gaussian_process/kernels.py:450: ConvergenceWarning: The optimal value found for dimension 6 of parameter k1__length_scale is close to the specified upper bound 1000.0. Increasing the bound and calling fit again may find a better value.
  warnings.warn(
/home/dev/hyph-bench/.venv/lib/python3.13/site-packages/sklearn/gaussian_process/kernels.py:440: ConvergenceWarning: The optimal value found for dimension 7 of parameter k1__length_scale is close to the specified lower bound 0.001. Decreasing the bound and calling fit again may find a better value.
  warnings.warn(
/home/dev/hyph-bench/.venv/lib/python3.13/site-packages/sklearn/gaussian_process/kernels.py:440: ConvergenceWarning: The optimal value found for dimension 0 of parameter k2__noise_level is close to the specified lower bound 0.0001. Decreasing the bound and calling fit again may find a better value.
  warnings.warn(
  Tested: weights=('10', '21', '1/3', '6'), thresholds=(3, 40, 5, 18)
  validation: F_1/7=0.982967, good=253008, bad=4194, missed=13696, trie_nodes=926, objective=0.982967
/home/dev/hyph-bench/.venv/lib/python3.13/site-packages/sklearn/gaussian_process/kernels.py:450: ConvergenceWarning: The optimal value found for dimension 2 of parameter k1__length_scale is close to the specified upper bound 1000.0. Increasing the bound and calling fit again may find a better value.
  warnings.warn(
/home/dev/hyph-bench/.venv/lib/python3.13/site-packages/sklearn/gaussian_process/kernels.py:450: ConvergenceWarning: The optimal value found for dimension 3 of parameter k1__length_scale is close to the specified upper bound 1000.0. Increasing the bound and calling fit again may find a better value.
  warnings.warn(
/home/dev/hyph-bench/.venv/lib/python3.13/site-packages/sklearn/gaussian_process/kernels.py:450: ConvergenceWarning: The optimal value found for dimension 4 of parameter k1__length_scale is close to the specified upper bound 1000.0. Increasing the bound and calling fit again may find a better value.
  warnings.warn(
/home/dev/hyph-bench/.venv/lib/python3.13/site-packages/sklearn/gaussian_process/kernels.py:450: ConvergenceWarning: The optimal value found for dimension 5 of parameter k1__length_scale is close to the specified upper bound 1000.0. Increasing the bound and calling fit again may find a better value.
  warnings.warn(
/home/dev/hyph-bench/.venv/lib/python3.13/site-packages/sklearn/gaussian_process/kernels.py:450: ConvergenceWarning: The optimal value found for dimension 6 of parameter k1__length_scale is close to the specified upper bound 1000.0. Increasing the bound and calling fit again may find a better value.
  warnings.warn(
/home/dev/hyph-bench/.venv/lib/python3.13/site-packages/sklearn/gaussian_process/kernels.py:450: ConvergenceWarning: The optimal value found for dimension 7 of parameter k1__length_scale is close to the specified upper bound 1000.0. Increasing the bound and calling fit again may find a better value.
  warnings.warn(
/home/dev/hyph-bench/.venv/lib/python3.13/site-packages/sklearn/gaussian_process/kernels.py:440: ConvergenceWarning: The optimal value found for dimension 0 of parameter k2__noise_level is close to the specified lower bound 0.0001. Decreasing the bound and calling fit again may find a better value.
  warnings.warn(
  Tested: weights=('17', '23', '30', '30'), thresholds=(4, 4, 8, 1)
  validation: F_1/7=0.983673, good=252968, bad=4004, missed=13736, trie_nodes=1507, objective=0.983673
/home/dev/hyph-bench/.venv/lib/python3.13/site-packages/sklearn/gaussian_process/kernels.py:450: ConvergenceWarning: The optimal value found for dimension 2 of parameter k1__length_scale is close to the specified upper bound 1000.0. Increasing the bound and calling fit again may find a better value.
  warnings.warn(
/home/dev/hyph-bench/.venv/lib/python3.13/site-packages/sklearn/gaussian_process/kernels.py:450: ConvergenceWarning: The optimal value found for dimension 3 of parameter k1__length_scale is close to the specified upper bound 1000.0. Increasing the bound and calling fit again may find a better value.
  warnings.warn(
/home/dev/hyph-bench/.venv/lib/python3.13/site-packages/sklearn/gaussian_process/kernels.py:450: ConvergenceWarning: The optimal value found for dimension 4 of parameter k1__length_scale is close to the specified upper bound 1000.0. Increasing the bound and calling fit again may find a better value.
  warnings.warn(
/home/dev/hyph-bench/.venv/lib/python3.13/site-packages/sklearn/gaussian_process/kernels.py:450: ConvergenceWarning: The optimal value found for dimension 5 of parameter k1__length_scale is close to the specified upper bound 1000.0. Increasing the bound and calling fit again may find a better value.
  warnings.warn(
/home/dev/hyph-bench/.venv/lib/python3.13/site-packages/sklearn/gaussian_process/kernels.py:450: ConvergenceWarning: The optimal value found for dimension 6 of parameter k1__length_scale is close to the specified upper bound 1000.0. Increasing the bound and calling fit again may find a better value.
  warnings.warn(
/home/dev/hyph-bench/.venv/lib/python3.13/site-packages/sklearn/gaussian_process/kernels.py:450: ConvergenceWarning: The optimal value found for dimension 7 of parameter k1__length_scale is close to the specified upper bound 1000.0. Increasing the bound and calling fit again may find a better value.
  warnings.warn(
/home/dev/hyph-bench/.venv/lib/python3.13/site-packages/sklearn/gaussian_process/kernels.py:440: ConvergenceWarning: The optimal value found for dimension 0 of parameter k2__noise_level is close to the specified lower bound 0.0001. Decreasing the bound and calling fit again may find a better value.
  warnings.warn(
  Tested: weights=('29', '1/2', '1/5', '25'), thresholds=(36, 29, 7, 1)
  validation: F_1/7=0.984281, good=252996, bad=3843, missed=13708, trie_nodes=1667, objective=0.984280
  Best so far: weights=('28', '1/4', '27', '1/4'), thresholds=(25, 4, 37, 39), score=0.984951, elapsed=1801.8s

============================================================
Iteration 27/30
/home/dev/hyph-bench/.venv/lib/python3.13/site-packages/sklearn/gaussian_process/kernels.py:450: ConvergenceWarning: The optimal value found for dimension 2 of parameter k1__length_scale is close to the specified upper bound 1000.0. Increasing the bound and calling fit again may find a better value.
  warnings.warn(
/home/dev/hyph-bench/.venv/lib/python3.13/site-packages/sklearn/gaussian_process/kernels.py:450: ConvergenceWarning: The optimal value found for dimension 3 of parameter k1__length_scale is close to the specified upper bound 1000.0. Increasing the bound and calling fit again may find a better value.
  warnings.warn(
/home/dev/hyph-bench/.venv/lib/python3.13/site-packages/sklearn/gaussian_process/kernels.py:450: ConvergenceWarning: The optimal value found for dimension 4 of parameter k1__length_scale is close to the specified upper bound 1000.0. Increasing the bound and calling fit again may find a better value.
  warnings.warn(
/home/dev/hyph-bench/.venv/lib/python3.13/site-packages/sklearn/gaussian_process/kernels.py:450: ConvergenceWarning: The optimal value found for dimension 5 of parameter k1__length_scale is close to the specified upper bound 1000.0. Increasing the bound and calling fit again may find a better value.
  warnings.warn(
/home/dev/hyph-bench/.venv/lib/python3.13/site-packages/sklearn/gaussian_process/kernels.py:450: ConvergenceWarning: The optimal value found for dimension 6 of parameter k1__length_scale is close to the specified upper bound 1000.0. Increasing the bound and calling fit again may find a better value.
  warnings.warn(
/home/dev/hyph-bench/.venv/lib/python3.13/site-packages/sklearn/gaussian_process/kernels.py:450: ConvergenceWarning: The optimal value found for dimension 7 of parameter k1__length_scale is close to the specified upper bound 1000.0. Increasing the bound and calling fit again may find a better value.
  warnings.warn(
/home/dev/hyph-bench/.venv/lib/python3.13/site-packages/sklearn/gaussian_process/kernels.py:440: ConvergenceWarning: The optimal value found for dimension 0 of parameter k2__noise_level is close to the specified lower bound 0.0001. Decreasing the bound and calling fit again may find a better value.
  warnings.warn(
  Tested: weights=('13', '1/4', '29', '15'), thresholds=(3, 7, 40, 29)
  validation: F_1/7=0.984074, good=252910, bad=3895, missed=13794, trie_nodes=1008, objective=0.984074
/home/dev/hyph-bench/.venv/lib/python3.13/site-packages/sklearn/gaussian_process/kernels.py:450: ConvergenceWarning: The optimal value found for dimension 2 of parameter k1__length_scale is close to the specified upper bound 1000.0. Increasing the bound and calling fit again may find a better value.
  warnings.warn(
/home/dev/hyph-bench/.venv/lib/python3.13/site-packages/sklearn/gaussian_process/kernels.py:450: ConvergenceWarning: The optimal value found for dimension 3 of parameter k1__length_scale is close to the specified upper bound 1000.0. Increasing the bound and calling fit again may find a better value.
  warnings.warn(
/home/dev/hyph-bench/.venv/lib/python3.13/site-packages/sklearn/gaussian_process/kernels.py:450: ConvergenceWarning: The optimal value found for dimension 4 of parameter k1__length_scale is close to the specified upper bound 1000.0. Increasing the bound and calling fit again may find a better value.
  warnings.warn(
/home/dev/hyph-bench/.venv/lib/python3.13/site-packages/sklearn/gaussian_process/kernels.py:450: ConvergenceWarning: The optimal value found for dimension 5 of parameter k1__length_scale is close to the specified upper bound 1000.0. Increasing the bound and calling fit again may find a better value.
  warnings.warn(
/home/dev/hyph-bench/.venv/lib/python3.13/site-packages/sklearn/gaussian_process/kernels.py:450: ConvergenceWarning: The optimal value found for dimension 6 of parameter k1__length_scale is close to the specified upper bound 1000.0. Increasing the bound and calling fit again may find a better value.
  warnings.warn(
/home/dev/hyph-bench/.venv/lib/python3.13/site-packages/sklearn/gaussian_process/kernels.py:450: ConvergenceWarning: The optimal value found for dimension 7 of parameter k1__length_scale is close to the specified upper bound 1000.0. Increasing the bound and calling fit again may find a better value.
  warnings.warn(
/home/dev/hyph-bench/.venv/lib/python3.13/site-packages/sklearn/gaussian_process/kernels.py:440: ConvergenceWarning: The optimal value found for dimension 0 of parameter k2__noise_level is close to the specified lower bound 0.0001. Decreasing the bound and calling fit again may find a better value.
  warnings.warn(
  Tested: weights=('15', '24', '26', '30'), thresholds=(38, 39, 21, 40)
  validation: F_1/7=0.983144, good=252857, bad=4141, missed=13847, trie_nodes=636, objective=0.983144
/home/dev/hyph-bench/.venv/lib/python3.13/site-packages/sklearn/gaussian_process/kernels.py:450: ConvergenceWarning: The optimal value found for dimension 2 of parameter k1__length_scale is close to the specified upper bound 1000.0. Increasing the bound and calling fit again may find a better value.
  warnings.warn(
/home/dev/hyph-bench/.venv/lib/python3.13/site-packages/sklearn/gaussian_process/kernels.py:450: ConvergenceWarning: The optimal value found for dimension 3 of parameter k1__length_scale is close to the specified upper bound 1000.0. Increasing the bound and calling fit again may find a better value.
  warnings.warn(
/home/dev/hyph-bench/.venv/lib/python3.13/site-packages/sklearn/gaussian_process/kernels.py:450: ConvergenceWarning: The optimal value found for dimension 4 of parameter k1__length_scale is close to the specified upper bound 1000.0. Increasing the bound and calling fit again may find a better value.
  warnings.warn(
/home/dev/hyph-bench/.venv/lib/python3.13/site-packages/sklearn/gaussian_process/kernels.py:450: ConvergenceWarning: The optimal value found for dimension 5 of parameter k1__length_scale is close to the specified upper bound 1000.0. Increasing the bound and calling fit again may find a better value.
  warnings.warn(
/home/dev/hyph-bench/.venv/lib/python3.13/site-packages/sklearn/gaussian_process/kernels.py:450: ConvergenceWarning: The optimal value found for dimension 6 of parameter k1__length_scale is close to the specified upper bound 1000.0. Increasing the bound and calling fit again may find a better value.
  warnings.warn(
/home/dev/hyph-bench/.venv/lib/python3.13/site-packages/sklearn/gaussian_process/kernels.py:450: ConvergenceWarning: The optimal value found for dimension 7 of parameter k1__length_scale is close to the specified upper bound 1000.0. Increasing the bound and calling fit again may find a better value.
  warnings.warn(
/home/dev/hyph-bench/.venv/lib/python3.13/site-packages/sklearn/gaussian_process/kernels.py:440: ConvergenceWarning: The optimal value found for dimension 0 of parameter k2__noise_level is close to the specified lower bound 0.0001. Decreasing the bound and calling fit again may find a better value.
  warnings.warn(
  Tested: weights=('12', '24', '2', '30'), thresholds=(11, 25, 42, 3)
  validation: F_1/7=0.983725, good=252936, bad=3989, missed=13768, trie_nodes=815, objective=0.983725
/home/dev/hyph-bench/.venv/lib/python3.13/site-packages/sklearn/gaussian_process/kernels.py:450: ConvergenceWarning: The optimal value found for dimension 2 of parameter k1__length_scale is close to the specified upper bound 1000.0. Increasing the bound and calling fit again may find a better value.
  warnings.warn(
/home/dev/hyph-bench/.venv/lib/python3.13/site-packages/sklearn/gaussian_process/kernels.py:450: ConvergenceWarning: The optimal value found for dimension 3 of parameter k1__length_scale is close to the specified upper bound 1000.0. Increasing the bound and calling fit again may find a better value.
  warnings.warn(
/home/dev/hyph-bench/.venv/lib/python3.13/site-packages/sklearn/gaussian_process/kernels.py:450: ConvergenceWarning: The optimal value found for dimension 4 of parameter k1__length_scale is close to the specified upper bound 1000.0. Increasing the bound and calling fit again may find a better value.
  warnings.warn(
/home/dev/hyph-bench/.venv/lib/python3.13/site-packages/sklearn/gaussian_process/kernels.py:450: ConvergenceWarning: The optimal value found for dimension 5 of parameter k1__length_scale is close to the specified upper bound 1000.0. Increasing the bound and calling fit again may find a better value.
  warnings.warn(
/home/dev/hyph-bench/.venv/lib/python3.13/site-packages/sklearn/gaussian_process/kernels.py:450: ConvergenceWarning: The optimal value found for dimension 6 of parameter k1__length_scale is close to the specified upper bound 1000.0. Increasing the bound and calling fit again may find a better value.
  warnings.warn(
/home/dev/hyph-bench/.venv/lib/python3.13/site-packages/sklearn/gaussian_process/kernels.py:450: ConvergenceWarning: The optimal value found for dimension 7 of parameter k1__length_scale is close to the specified upper bound 1000.0. Increasing the bound and calling fit again may find a better value.
  warnings.warn(
/home/dev/hyph-bench/.venv/lib/python3.13/site-packages/sklearn/gaussian_process/kernels.py:440: ConvergenceWarning: The optimal value found for dimension 0 of parameter k2__noise_level is close to the specified lower bound 0.0001. Decreasing the bound and calling fit again may find a better value.
  warnings.warn(
  Tested: weights=('30', '16', '1/4', '3'), thresholds=(42, 21, 4, 6)
  validation: F_1/7=0.984010, good=253017, bad=3916, missed=13687, trie_nodes=1162, objective=0.984010
/home/dev/hyph-bench/.venv/lib/python3.13/site-packages/sklearn/gaussian_process/kernels.py:450: ConvergenceWarning: The optimal value found for dimension 2 of parameter k1__length_scale is close to the specified upper bound 1000.0. Increasing the bound and calling fit again may find a better value.
  warnings.warn(
/home/dev/hyph-bench/.venv/lib/python3.13/site-packages/sklearn/gaussian_process/kernels.py:450: ConvergenceWarning: The optimal value found for dimension 3 of parameter k1__length_scale is close to the specified upper bound 1000.0. Increasing the bound and calling fit again may find a better value.
  warnings.warn(
/home/dev/hyph-bench/.venv/lib/python3.13/site-packages/sklearn/gaussian_process/kernels.py:450: ConvergenceWarning: The optimal value found for dimension 4 of parameter k1__length_scale is close to the specified upper bound 1000.0. Increasing the bound and calling fit again may find a better value.
  warnings.warn(
/home/dev/hyph-bench/.venv/lib/python3.13/site-packages/sklearn/gaussian_process/kernels.py:450: ConvergenceWarning: The optimal value found for dimension 5 of parameter k1__length_scale is close to the specified upper bound 1000.0. Increasing the bound and calling fit again may find a better value.
  warnings.warn(
/home/dev/hyph-bench/.venv/lib/python3.13/site-packages/sklearn/gaussian_process/kernels.py:450: ConvergenceWarning: The optimal value found for dimension 6 of parameter k1__length_scale is close to the specified upper bound 1000.0. Increasing the bound and calling fit again may find a better value.
  warnings.warn(
/home/dev/hyph-bench/.venv/lib/python3.13/site-packages/sklearn/gaussian_process/kernels.py:450: ConvergenceWarning: The optimal value found for dimension 7 of parameter k1__length_scale is close to the specified upper bound 1000.0. Increasing the bound and calling fit again may find a better value.
  warnings.warn(
/home/dev/hyph-bench/.venv/lib/python3.13/site-packages/sklearn/gaussian_process/kernels.py:440: ConvergenceWarning: The optimal value found for dimension 0 of parameter k2__noise_level is close to the specified lower bound 0.0001. Decreasing the bound and calling fit again may find a better value.
  warnings.warn(
  Tested: weights=('14', '7', '3', '26'), thresholds=(17, 2, 1, 42)
  validation: F_1/7=0.983661, good=253015, bad=4009, missed=13689, trie_nodes=1369, objective=0.983660
  Best so far: weights=('28', '1/4', '27', '1/4'), thresholds=(25, 4, 37, 39), score=0.984951, elapsed=1859.3s

============================================================
Iteration 28/30
/home/dev/hyph-bench/.venv/lib/python3.13/site-packages/sklearn/gaussian_process/kernels.py:450: ConvergenceWarning: The optimal value found for dimension 2 of parameter k1__length_scale is close to the specified upper bound 1000.0. Increasing the bound and calling fit again may find a better value.
  warnings.warn(
/home/dev/hyph-bench/.venv/lib/python3.13/site-packages/sklearn/gaussian_process/kernels.py:450: ConvergenceWarning: The optimal value found for dimension 3 of parameter k1__length_scale is close to the specified upper bound 1000.0. Increasing the bound and calling fit again may find a better value.
  warnings.warn(
/home/dev/hyph-bench/.venv/lib/python3.13/site-packages/sklearn/gaussian_process/kernels.py:450: ConvergenceWarning: The optimal value found for dimension 4 of parameter k1__length_scale is close to the specified upper bound 1000.0. Increasing the bound and calling fit again may find a better value.
  warnings.warn(
/home/dev/hyph-bench/.venv/lib/python3.13/site-packages/sklearn/gaussian_process/kernels.py:450: ConvergenceWarning: The optimal value found for dimension 5 of parameter k1__length_scale is close to the specified upper bound 1000.0. Increasing the bound and calling fit again may find a better value.
  warnings.warn(
/home/dev/hyph-bench/.venv/lib/python3.13/site-packages/sklearn/gaussian_process/kernels.py:450: ConvergenceWarning: The optimal value found for dimension 6 of parameter k1__length_scale is close to the specified upper bound 1000.0. Increasing the bound and calling fit again may find a better value.
  warnings.warn(
/home/dev/hyph-bench/.venv/lib/python3.13/site-packages/sklearn/gaussian_process/kernels.py:450: ConvergenceWarning: The optimal value found for dimension 7 of parameter k1__length_scale is close to the specified upper bound 1000.0. Increasing the bound and calling fit again may find a better value.
  warnings.warn(
/home/dev/hyph-bench/.venv/lib/python3.13/site-packages/sklearn/gaussian_process/kernels.py:440: ConvergenceWarning: The optimal value found for dimension 0 of parameter k2__noise_level is close to the specified lower bound 0.0001. Decreasing the bound and calling fit again may find a better value.
  warnings.warn(
  Tested: weights=('13', '4', '2', '25'), thresholds=(4, 15, 39, 42)
  validation: F_1/7=0.983293, good=252982, bad=4106, missed=13722, trie_nodes=820, objective=0.983293
/home/dev/hyph-bench/.venv/lib/python3.13/site-packages/sklearn/gaussian_process/kernels.py:450: ConvergenceWarning: The optimal value found for dimension 2 of parameter k1__length_scale is close to the specified upper bound 1000.0. Increasing the bound and calling fit again may find a better value.
  warnings.warn(
/home/dev/hyph-bench/.venv/lib/python3.13/site-packages/sklearn/gaussian_process/kernels.py:450: ConvergenceWarning: The optimal value found for dimension 3 of parameter k1__length_scale is close to the specified upper bound 1000.0. Increasing the bound and calling fit again may find a better value.
  warnings.warn(
/home/dev/hyph-bench/.venv/lib/python3.13/site-packages/sklearn/gaussian_process/kernels.py:450: ConvergenceWarning: The optimal value found for dimension 4 of parameter k1__length_scale is close to the specified upper bound 1000.0. Increasing the bound and calling fit again may find a better value.
  warnings.warn(
/home/dev/hyph-bench/.venv/lib/python3.13/site-packages/sklearn/gaussian_process/kernels.py:450: ConvergenceWarning: The optimal value found for dimension 5 of parameter k1__length_scale is close to the specified upper bound 1000.0. Increasing the bound and calling fit again may find a better value.
  warnings.warn(
/home/dev/hyph-bench/.venv/lib/python3.13/site-packages/sklearn/gaussian_process/kernels.py:450: ConvergenceWarning: The optimal value found for dimension 6 of parameter k1__length_scale is close to the specified upper bound 1000.0. Increasing the bound and calling fit again may find a better value.
  warnings.warn(
/home/dev/hyph-bench/.venv/lib/python3.13/site-packages/sklearn/gaussian_process/kernels.py:450: ConvergenceWarning: The optimal value found for dimension 7 of parameter k1__length_scale is close to the specified upper bound 1000.0. Increasing the bound and calling fit again may find a better value.
  warnings.warn(
/home/dev/hyph-bench/.venv/lib/python3.13/site-packages/sklearn/gaussian_process/kernels.py:440: ConvergenceWarning: The optimal value found for dimension 0 of parameter k2__noise_level is close to the specified lower bound 0.0001. Decreasing the bound and calling fit again may find a better value.
  warnings.warn(
  Tested: weights=('20', '28', '1/3', '5'), thresholds=(41, 1, 36, 27)
  validation: F_1/7=0.983939, good=252936, bad=3932, missed=13768, trie_nodes=1307, objective=0.983938
/home/dev/hyph-bench/.venv/lib/python3.13/site-packages/sklearn/gaussian_process/kernels.py:440: ConvergenceWarning: The optimal value found for dimension 0 of parameter k1__length_scale is close to the specified lower bound 0.001. Decreasing the bound and calling fit again may find a better value.
  warnings.warn(
/home/dev/hyph-bench/.venv/lib/python3.13/site-packages/sklearn/gaussian_process/kernels.py:450: ConvergenceWarning: The optimal value found for dimension 1 of parameter k1__length_scale is close to the specified upper bound 1000.0. Increasing the bound and calling fit again may find a better value.
  warnings.warn(
/home/dev/hyph-bench/.venv/lib/python3.13/site-packages/sklearn/gaussian_process/kernels.py:450: ConvergenceWarning: The optimal value found for dimension 2 of parameter k1__length_scale is close to the specified upper bound 1000.0. Increasing the bound and calling fit again may find a better value.
  warnings.warn(
/home/dev/hyph-bench/.venv/lib/python3.13/site-packages/sklearn/gaussian_process/kernels.py:450: ConvergenceWarning: The optimal value found for dimension 3 of parameter k1__length_scale is close to the specified upper bound 1000.0. Increasing the bound and calling fit again may find a better value.
  warnings.warn(
/home/dev/hyph-bench/.venv/lib/python3.13/site-packages/sklearn/gaussian_process/kernels.py:450: ConvergenceWarning: The optimal value found for dimension 4 of parameter k1__length_scale is close to the specified upper bound 1000.0. Increasing the bound and calling fit again may find a better value.
  warnings.warn(
/home/dev/hyph-bench/.venv/lib/python3.13/site-packages/sklearn/gaussian_process/kernels.py:450: ConvergenceWarning: The optimal value found for dimension 5 of parameter k1__length_scale is close to the specified upper bound 1000.0. Increasing the bound and calling fit again may find a better value.
  warnings.warn(
/home/dev/hyph-bench/.venv/lib/python3.13/site-packages/sklearn/gaussian_process/kernels.py:440: ConvergenceWarning: The optimal value found for dimension 6 of parameter k1__length_scale is close to the specified lower bound 0.001. Decreasing the bound and calling fit again may find a better value.
  warnings.warn(
/home/dev/hyph-bench/.venv/lib/python3.13/site-packages/sklearn/gaussian_process/kernels.py:450: ConvergenceWarning: The optimal value found for dimension 7 of parameter k1__length_scale is close to the specified upper bound 1000.0. Increasing the bound and calling fit again may find a better value.
  warnings.warn(
/home/dev/hyph-bench/.venv/lib/python3.13/site-packages/sklearn/gaussian_process/kernels.py:440: ConvergenceWarning: The optimal value found for dimension 0 of parameter k2__noise_level is close to the specified lower bound 0.0001. Decreasing the bound and calling fit again may find a better value.
  warnings.warn(
  Tested: weights=('22', '1/5', '26', '1/5'), thresholds=(20, 1, 8, 35)
  validation: F_1/7=0.984668, good=252883, bad=3736, missed=13821, trie_nodes=1212, objective=0.984667
/home/dev/hyph-bench/.venv/lib/python3.13/site-packages/sklearn/gaussian_process/kernels.py:440: ConvergenceWarning: The optimal value found for dimension 0 of parameter k1__length_scale is close to the specified lower bound 0.001. Decreasing the bound and calling fit again may find a better value.
  warnings.warn(
/home/dev/hyph-bench/.venv/lib/python3.13/site-packages/sklearn/gaussian_process/kernels.py:450: ConvergenceWarning: The optimal value found for dimension 1 of parameter k1__length_scale is close to the specified upper bound 1000.0. Increasing the bound and calling fit again may find a better value.
  warnings.warn(
/home/dev/hyph-bench/.venv/lib/python3.13/site-packages/sklearn/gaussian_process/kernels.py:450: ConvergenceWarning: The optimal value found for dimension 2 of parameter k1__length_scale is close to the specified upper bound 1000.0. Increasing the bound and calling fit again may find a better value.
  warnings.warn(
/home/dev/hyph-bench/.venv/lib/python3.13/site-packages/sklearn/gaussian_process/kernels.py:450: ConvergenceWarning: The optimal value found for dimension 3 of parameter k1__length_scale is close to the specified upper bound 1000.0. Increasing the bound and calling fit again may find a better value.
  warnings.warn(
/home/dev/hyph-bench/.venv/lib/python3.13/site-packages/sklearn/gaussian_process/kernels.py:450: ConvergenceWarning: The optimal value found for dimension 4 of parameter k1__length_scale is close to the specified upper bound 1000.0. Increasing the bound and calling fit again may find a better value.
  warnings.warn(
/home/dev/hyph-bench/.venv/lib/python3.13/site-packages/sklearn/gaussian_process/kernels.py:450: ConvergenceWarning: The optimal value found for dimension 5 of parameter k1__length_scale is close to the specified upper bound 1000.0. Increasing the bound and calling fit again may find a better value.
  warnings.warn(
/home/dev/hyph-bench/.venv/lib/python3.13/site-packages/sklearn/gaussian_process/kernels.py:440: ConvergenceWarning: The optimal value found for dimension 6 of parameter k1__length_scale is close to the specified lower bound 0.001. Decreasing the bound and calling fit again may find a better value.
  warnings.warn(
/home/dev/hyph-bench/.venv/lib/python3.13/site-packages/sklearn/gaussian_process/kernels.py:450: ConvergenceWarning: The optimal value found for dimension 7 of parameter k1__length_scale is close to the specified upper bound 1000.0. Increasing the bound and calling fit again may find a better value.
  warnings.warn(
/home/dev/hyph-bench/.venv/lib/python3.13/site-packages/sklearn/gaussian_process/kernels.py:440: ConvergenceWarning: The optimal value found for dimension 0 of parameter k2__noise_level is close to the specified lower bound 0.0001. Decreasing the bound and calling fit again may find a better value.
  warnings.warn(
  Tested: weights=('25', '23', '2', '18'), thresholds=(2, 6, 1, 10)
  validation: F_1/7=0.983848, good=253009, bad=3959, missed=13695, trie_nodes=1388, objective=0.983847
/home/dev/hyph-bench/.venv/lib/python3.13/site-packages/sklearn/gaussian_process/kernels.py:440: ConvergenceWarning: The optimal value found for dimension 0 of parameter k1__length_scale is close to the specified lower bound 0.001. Decreasing the bound and calling fit again may find a better value.
  warnings.warn(
/home/dev/hyph-bench/.venv/lib/python3.13/site-packages/sklearn/gaussian_process/kernels.py:450: ConvergenceWarning: The optimal value found for dimension 1 of parameter k1__length_scale is close to the specified upper bound 1000.0. Increasing the bound and calling fit again may find a better value.
  warnings.warn(
/home/dev/hyph-bench/.venv/lib/python3.13/site-packages/sklearn/gaussian_process/kernels.py:450: ConvergenceWarning: The optimal value found for dimension 2 of parameter k1__length_scale is close to the specified upper bound 1000.0. Increasing the bound and calling fit again may find a better value.
  warnings.warn(
/home/dev/hyph-bench/.venv/lib/python3.13/site-packages/sklearn/gaussian_process/kernels.py:450: ConvergenceWarning: The optimal value found for dimension 3 of parameter k1__length_scale is close to the specified upper bound 1000.0. Increasing the bound and calling fit again may find a better value.
  warnings.warn(
/home/dev/hyph-bench/.venv/lib/python3.13/site-packages/sklearn/gaussian_process/kernels.py:450: ConvergenceWarning: The optimal value found for dimension 4 of parameter k1__length_scale is close to the specified upper bound 1000.0. Increasing the bound and calling fit again may find a better value.
  warnings.warn(
/home/dev/hyph-bench/.venv/lib/python3.13/site-packages/sklearn/gaussian_process/kernels.py:450: ConvergenceWarning: The optimal value found for dimension 5 of parameter k1__length_scale is close to the specified upper bound 1000.0. Increasing the bound and calling fit again may find a better value.
  warnings.warn(
/home/dev/hyph-bench/.venv/lib/python3.13/site-packages/sklearn/gaussian_process/kernels.py:440: ConvergenceWarning: The optimal value found for dimension 6 of parameter k1__length_scale is close to the specified lower bound 0.001. Decreasing the bound and calling fit again may find a better value.
  warnings.warn(
/home/dev/hyph-bench/.venv/lib/python3.13/site-packages/sklearn/gaussian_process/kernels.py:450: ConvergenceWarning: The optimal value found for dimension 7 of parameter k1__length_scale is close to the specified upper bound 1000.0. Increasing the bound and calling fit again may find a better value.
  warnings.warn(
/home/dev/hyph-bench/.venv/lib/python3.13/site-packages/sklearn/gaussian_process/kernels.py:440: ConvergenceWarning: The optimal value found for dimension 0 of parameter k2__noise_level is close to the specified lower bound 0.0001. Decreasing the bound and calling fit again may find a better value.
  warnings.warn(
  Tested: weights=('22', '24', '18', '6'), thresholds=(34, 40, 11, 2)
  validation: F_1/7=0.984106, good=252926, bad=3887, missed=13778, trie_nodes=870, objective=0.984106
  Best so far: weights=('28', '1/4', '27', '1/4'), thresholds=(25, 4, 37, 39), score=0.984951, elapsed=1920.0s

============================================================
Iteration 29/30
/home/dev/hyph-bench/.venv/lib/python3.13/site-packages/sklearn/gaussian_process/kernels.py:440: ConvergenceWarning: The optimal value found for dimension 0 of parameter k1__length_scale is close to the specified lower bound 0.001. Decreasing the bound and calling fit again may find a better value.
  warnings.warn(
/home/dev/hyph-bench/.venv/lib/python3.13/site-packages/sklearn/gaussian_process/kernels.py:450: ConvergenceWarning: The optimal value found for dimension 1 of parameter k1__length_scale is close to the specified upper bound 1000.0. Increasing the bound and calling fit again may find a better value.
  warnings.warn(
/home/dev/hyph-bench/.venv/lib/python3.13/site-packages/sklearn/gaussian_process/kernels.py:450: ConvergenceWarning: The optimal value found for dimension 2 of parameter k1__length_scale is close to the specified upper bound 1000.0. Increasing the bound and calling fit again may find a better value.
  warnings.warn(
/home/dev/hyph-bench/.venv/lib/python3.13/site-packages/sklearn/gaussian_process/kernels.py:450: ConvergenceWarning: The optimal value found for dimension 3 of parameter k1__length_scale is close to the specified upper bound 1000.0. Increasing the bound and calling fit again may find a better value.
  warnings.warn(
/home/dev/hyph-bench/.venv/lib/python3.13/site-packages/sklearn/gaussian_process/kernels.py:450: ConvergenceWarning: The optimal value found for dimension 4 of parameter k1__length_scale is close to the specified upper bound 1000.0. Increasing the bound and calling fit again may find a better value.
  warnings.warn(
/home/dev/hyph-bench/.venv/lib/python3.13/site-packages/sklearn/gaussian_process/kernels.py:450: ConvergenceWarning: The optimal value found for dimension 5 of parameter k1__length_scale is close to the specified upper bound 1000.0. Increasing the bound and calling fit again may find a better value.
  warnings.warn(
/home/dev/hyph-bench/.venv/lib/python3.13/site-packages/sklearn/gaussian_process/kernels.py:440: ConvergenceWarning: The optimal value found for dimension 6 of parameter k1__length_scale is close to the specified lower bound 0.001. Decreasing the bound and calling fit again may find a better value.
  warnings.warn(
/home/dev/hyph-bench/.venv/lib/python3.13/site-packages/sklearn/gaussian_process/kernels.py:450: ConvergenceWarning: The optimal value found for dimension 7 of parameter k1__length_scale is close to the specified upper bound 1000.0. Increasing the bound and calling fit again may find a better value.
  warnings.warn(
/home/dev/hyph-bench/.venv/lib/python3.13/site-packages/sklearn/gaussian_process/kernels.py:440: ConvergenceWarning: The optimal value found for dimension 0 of parameter k2__noise_level is close to the specified lower bound 0.0001. Decreasing the bound and calling fit again may find a better value.
  warnings.warn(
  Tested: weights=('30', '5', '1/5', '28'), thresholds=(4, 40, 6, 25)
  validation: F_1/7=0.983688, good=253017, bad=4002, missed=13687, trie_nodes=963, objective=0.983687
/home/dev/hyph-bench/.venv/lib/python3.13/site-packages/sklearn/gaussian_process/kernels.py:440: ConvergenceWarning: The optimal value found for dimension 0 of parameter k1__length_scale is close to the specified lower bound 0.001. Decreasing the bound and calling fit again may find a better value.
  warnings.warn(
/home/dev/hyph-bench/.venv/lib/python3.13/site-packages/sklearn/gaussian_process/kernels.py:450: ConvergenceWarning: The optimal value found for dimension 1 of parameter k1__length_scale is close to the specified upper bound 1000.0. Increasing the bound and calling fit again may find a better value.
  warnings.warn(
/home/dev/hyph-bench/.venv/lib/python3.13/site-packages/sklearn/gaussian_process/kernels.py:450: ConvergenceWarning: The optimal value found for dimension 2 of parameter k1__length_scale is close to the specified upper bound 1000.0. Increasing the bound and calling fit again may find a better value.
  warnings.warn(
/home/dev/hyph-bench/.venv/lib/python3.13/site-packages/sklearn/gaussian_process/kernels.py:450: ConvergenceWarning: The optimal value found for dimension 3 of parameter k1__length_scale is close to the specified upper bound 1000.0. Increasing the bound and calling fit again may find a better value.
  warnings.warn(
/home/dev/hyph-bench/.venv/lib/python3.13/site-packages/sklearn/gaussian_process/kernels.py:450: ConvergenceWarning: The optimal value found for dimension 4 of parameter k1__length_scale is close to the specified upper bound 1000.0. Increasing the bound and calling fit again may find a better value.
  warnings.warn(
/home/dev/hyph-bench/.venv/lib/python3.13/site-packages/sklearn/gaussian_process/kernels.py:450: ConvergenceWarning: The optimal value found for dimension 5 of parameter k1__length_scale is close to the specified upper bound 1000.0. Increasing the bound and calling fit again may find a better value.
  warnings.warn(
/home/dev/hyph-bench/.venv/lib/python3.13/site-packages/sklearn/gaussian_process/kernels.py:440: ConvergenceWarning: The optimal value found for dimension 6 of parameter k1__length_scale is close to the specified lower bound 0.001. Decreasing the bound and calling fit again may find a better value.
  warnings.warn(
/home/dev/hyph-bench/.venv/lib/python3.13/site-packages/sklearn/gaussian_process/kernels.py:450: ConvergenceWarning: The optimal value found for dimension 7 of parameter k1__length_scale is close to the specified upper bound 1000.0. Increasing the bound and calling fit again may find a better value.
  warnings.warn(
/home/dev/hyph-bench/.venv/lib/python3.13/site-packages/sklearn/gaussian_process/kernels.py:440: ConvergenceWarning: The optimal value found for dimension 0 of parameter k2__noise_level is close to the specified lower bound 0.0001. Decreasing the bound and calling fit again may find a better value.
  warnings.warn(
  Tested: weights=('1/4', '6', '1', '30'), thresholds=(38, 2, 15, 9)
  validation: F_1/7=0.830749, good=252983, bad=52313, missed=13721, trie_nodes=751, objective=0.830748
/home/dev/hyph-bench/.venv/lib/python3.13/site-packages/sklearn/gaussian_process/kernels.py:440: ConvergenceWarning: The optimal value found for dimension 0 of parameter k1__length_scale is close to the specified lower bound 0.001. Decreasing the bound and calling fit again may find a better value.
  warnings.warn(
/home/dev/hyph-bench/.venv/lib/python3.13/site-packages/sklearn/gaussian_process/kernels.py:450: ConvergenceWarning: The optimal value found for dimension 1 of parameter k1__length_scale is close to the specified upper bound 1000.0. Increasing the bound and calling fit again may find a better value.
  warnings.warn(
/home/dev/hyph-bench/.venv/lib/python3.13/site-packages/sklearn/gaussian_process/kernels.py:450: ConvergenceWarning: The optimal value found for dimension 2 of parameter k1__length_scale is close to the specified upper bound 1000.0. Increasing the bound and calling fit again may find a better value.
  warnings.warn(
/home/dev/hyph-bench/.venv/lib/python3.13/site-packages/sklearn/gaussian_process/kernels.py:450: ConvergenceWarning: The optimal value found for dimension 3 of parameter k1__length_scale is close to the specified upper bound 1000.0. Increasing the bound and calling fit again may find a better value.
  warnings.warn(
/home/dev/hyph-bench/.venv/lib/python3.13/site-packages/sklearn/gaussian_process/kernels.py:450: ConvergenceWarning: The optimal value found for dimension 4 of parameter k1__length_scale is close to the specified upper bound 1000.0. Increasing the bound and calling fit again may find a better value.
  warnings.warn(
/home/dev/hyph-bench/.venv/lib/python3.13/site-packages/sklearn/gaussian_process/kernels.py:450: ConvergenceWarning: The optimal value found for dimension 5 of parameter k1__length_scale is close to the specified upper bound 1000.0. Increasing the bound and calling fit again may find a better value.
  warnings.warn(
/home/dev/hyph-bench/.venv/lib/python3.13/site-packages/sklearn/gaussian_process/kernels.py:440: ConvergenceWarning: The optimal value found for dimension 6 of parameter k1__length_scale is close to the specified lower bound 0.001. Decreasing the bound and calling fit again may find a better value.
  warnings.warn(
/home/dev/hyph-bench/.venv/lib/python3.13/site-packages/sklearn/gaussian_process/kernels.py:450: ConvergenceWarning: The optimal value found for dimension 7 of parameter k1__length_scale is close to the specified upper bound 1000.0. Increasing the bound and calling fit again may find a better value.
  warnings.warn(
/home/dev/hyph-bench/.venv/lib/python3.13/site-packages/sklearn/gaussian_process/kernels.py:440: ConvergenceWarning: The optimal value found for dimension 0 of parameter k2__noise_level is close to the specified lower bound 0.0001. Decreasing the bound and calling fit again may find a better value.
  warnings.warn(
  Tested: weights=('1/4', '1/4', '29', '2'), thresholds=(42, 41, 16, 32)
  validation: F_1/7=0.973800, good=252936, bad=6663, missed=13768, trie_nodes=660, objective=0.973800
/home/dev/hyph-bench/.venv/lib/python3.13/site-packages/sklearn/gaussian_process/kernels.py:440: ConvergenceWarning: The optimal value found for dimension 0 of parameter k1__length_scale is close to the specified lower bound 0.001. Decreasing the bound and calling fit again may find a better value.
  warnings.warn(
/home/dev/hyph-bench/.venv/lib/python3.13/site-packages/sklearn/gaussian_process/kernels.py:450: ConvergenceWarning: The optimal value found for dimension 1 of parameter k1__length_scale is close to the specified upper bound 1000.0. Increasing the bound and calling fit again may find a better value.
  warnings.warn(
/home/dev/hyph-bench/.venv/lib/python3.13/site-packages/sklearn/gaussian_process/kernels.py:450: ConvergenceWarning: The optimal value found for dimension 2 of parameter k1__length_scale is close to the specified upper bound 1000.0. Increasing the bound and calling fit again may find a better value.
  warnings.warn(
/home/dev/hyph-bench/.venv/lib/python3.13/site-packages/sklearn/gaussian_process/kernels.py:450: ConvergenceWarning: The optimal value found for dimension 3 of parameter k1__length_scale is close to the specified upper bound 1000.0. Increasing the bound and calling fit again may find a better value.
  warnings.warn(
/home/dev/hyph-bench/.venv/lib/python3.13/site-packages/sklearn/gaussian_process/kernels.py:450: ConvergenceWarning: The optimal value found for dimension 4 of parameter k1__length_scale is close to the specified upper bound 1000.0. Increasing the bound and calling fit again may find a better value.
  warnings.warn(
/home/dev/hyph-bench/.venv/lib/python3.13/site-packages/sklearn/gaussian_process/kernels.py:450: ConvergenceWarning: The optimal value found for dimension 5 of parameter k1__length_scale is close to the specified upper bound 1000.0. Increasing the bound and calling fit again may find a better value.
  warnings.warn(
/home/dev/hyph-bench/.venv/lib/python3.13/site-packages/sklearn/gaussian_process/kernels.py:440: ConvergenceWarning: The optimal value found for dimension 6 of parameter k1__length_scale is close to the specified lower bound 0.001. Decreasing the bound and calling fit again may find a better value.
  warnings.warn(
/home/dev/hyph-bench/.venv/lib/python3.13/site-packages/sklearn/gaussian_process/kernels.py:450: ConvergenceWarning: The optimal value found for dimension 7 of parameter k1__length_scale is close to the specified upper bound 1000.0. Increasing the bound and calling fit again may find a better value.
  warnings.warn(
/home/dev/hyph-bench/.venv/lib/python3.13/site-packages/sklearn/gaussian_process/kernels.py:440: ConvergenceWarning: The optimal value found for dimension 0 of parameter k2__noise_level is close to the specified lower bound 0.0001. Decreasing the bound and calling fit again may find a better value.
  warnings.warn(
  Tested: weights=('22', '30', '10', '17'), thresholds=(16, 11, 37, 17)
  validation: F_1/7=0.983898, good=252887, bad=3941, missed=13817, trie_nodes=692, objective=0.983898
/home/dev/hyph-bench/.venv/lib/python3.13/site-packages/sklearn/gaussian_process/kernels.py:440: ConvergenceWarning: The optimal value found for dimension 0 of parameter k1__length_scale is close to the specified lower bound 0.001. Decreasing the bound and calling fit again may find a better value.
  warnings.warn(
/home/dev/hyph-bench/.venv/lib/python3.13/site-packages/sklearn/gaussian_process/kernels.py:450: ConvergenceWarning: The optimal value found for dimension 1 of parameter k1__length_scale is close to the specified upper bound 1000.0. Increasing the bound and calling fit again may find a better value.
  warnings.warn(
/home/dev/hyph-bench/.venv/lib/python3.13/site-packages/sklearn/gaussian_process/kernels.py:450: ConvergenceWarning: The optimal value found for dimension 2 of parameter k1__length_scale is close to the specified upper bound 1000.0. Increasing the bound and calling fit again may find a better value.
  warnings.warn(
/home/dev/hyph-bench/.venv/lib/python3.13/site-packages/sklearn/gaussian_process/kernels.py:450: ConvergenceWarning: The optimal value found for dimension 3 of parameter k1__length_scale is close to the specified upper bound 1000.0. Increasing the bound and calling fit again may find a better value.
  warnings.warn(
/home/dev/hyph-bench/.venv/lib/python3.13/site-packages/sklearn/gaussian_process/kernels.py:450: ConvergenceWarning: The optimal value found for dimension 4 of parameter k1__length_scale is close to the specified upper bound 1000.0. Increasing the bound and calling fit again may find a better value.
  warnings.warn(
/home/dev/hyph-bench/.venv/lib/python3.13/site-packages/sklearn/gaussian_process/kernels.py:450: ConvergenceWarning: The optimal value found for dimension 5 of parameter k1__length_scale is close to the specified upper bound 1000.0. Increasing the bound and calling fit again may find a better value.
  warnings.warn(
/home/dev/hyph-bench/.venv/lib/python3.13/site-packages/sklearn/gaussian_process/kernels.py:440: ConvergenceWarning: The optimal value found for dimension 6 of parameter k1__length_scale is close to the specified lower bound 0.001. Decreasing the bound and calling fit again may find a better value.
  warnings.warn(
/home/dev/hyph-bench/.venv/lib/python3.13/site-packages/sklearn/gaussian_process/kernels.py:450: ConvergenceWarning: The optimal value found for dimension 7 of parameter k1__length_scale is close to the specified upper bound 1000.0. Increasing the bound and calling fit again may find a better value.
  warnings.warn(
/home/dev/hyph-bench/.venv/lib/python3.13/site-packages/sklearn/gaussian_process/kernels.py:440: ConvergenceWarning: The optimal value found for dimension 0 of parameter k2__noise_level is close to the specified lower bound 0.0001. Decreasing the bound and calling fit again may find a better value.
  warnings.warn(
  Tested: weights=('7', '26', '26', '9'), thresholds=(1, 37, 1, 3)
  validation: F_1/7=0.974653, good=253016, bad=6435, missed=13688, trie_nodes=1327, objective=0.974652
  Best so far: weights=('28', '1/4', '27', '1/4'), thresholds=(25, 4, 37, 39), score=0.984951, elapsed=1975.0s

============================================================
Iteration 30/30
/home/dev/hyph-bench/.venv/lib/python3.13/site-packages/sklearn/gaussian_process/kernels.py:450: ConvergenceWarning: The optimal value found for dimension 1 of parameter k1__length_scale is close to the specified upper bound 1000.0. Increasing the bound and calling fit again may find a better value.
  warnings.warn(
/home/dev/hyph-bench/.venv/lib/python3.13/site-packages/sklearn/gaussian_process/kernels.py:450: ConvergenceWarning: The optimal value found for dimension 3 of parameter k1__length_scale is close to the specified upper bound 1000.0. Increasing the bound and calling fit again may find a better value.
  warnings.warn(
/home/dev/hyph-bench/.venv/lib/python3.13/site-packages/sklearn/gaussian_process/kernels.py:450: ConvergenceWarning: The optimal value found for dimension 4 of parameter k1__length_scale is close to the specified upper bound 1000.0. Increasing the bound and calling fit again may find a better value.
  warnings.warn(
/home/dev/hyph-bench/.venv/lib/python3.13/site-packages/sklearn/gaussian_process/kernels.py:450: ConvergenceWarning: The optimal value found for dimension 5 of parameter k1__length_scale is close to the specified upper bound 1000.0. Increasing the bound and calling fit again may find a better value.
  warnings.warn(
/home/dev/hyph-bench/.venv/lib/python3.13/site-packages/sklearn/gaussian_process/kernels.py:450: ConvergenceWarning: The optimal value found for dimension 6 of parameter k1__length_scale is close to the specified upper bound 1000.0. Increasing the bound and calling fit again may find a better value.
  warnings.warn(
/home/dev/hyph-bench/.venv/lib/python3.13/site-packages/sklearn/gaussian_process/kernels.py:440: ConvergenceWarning: The optimal value found for dimension 7 of parameter k1__length_scale is close to the specified lower bound 0.001. Decreasing the bound and calling fit again may find a better value.
  warnings.warn(
/home/dev/hyph-bench/.venv/lib/python3.13/site-packages/sklearn/gaussian_process/kernels.py:440: ConvergenceWarning: The optimal value found for dimension 0 of parameter k2__noise_level is close to the specified lower bound 0.0001. Decreasing the bound and calling fit again may find a better value.
  warnings.warn(
  Tested: weights=('17', '11', '1/5', '5'), thresholds=(8, 28, 39, 41)
  validation: F_1/7=0.983273, good=252971, bad=4111, missed=13733, trie_nodes=747, objective=0.983273
/home/dev/hyph-bench/.venv/lib/python3.13/site-packages/sklearn/gaussian_process/kernels.py:440: ConvergenceWarning: The optimal value found for dimension 0 of parameter k1__length_scale is close to the specified lower bound 0.001. Decreasing the bound and calling fit again may find a better value.
  warnings.warn(
/home/dev/hyph-bench/.venv/lib/python3.13/site-packages/sklearn/gaussian_process/kernels.py:450: ConvergenceWarning: The optimal value found for dimension 3 of parameter k1__length_scale is close to the specified upper bound 1000.0. Increasing the bound and calling fit again may find a better value.
  warnings.warn(
/home/dev/hyph-bench/.venv/lib/python3.13/site-packages/sklearn/gaussian_process/kernels.py:450: ConvergenceWarning: The optimal value found for dimension 4 of parameter k1__length_scale is close to the specified upper bound 1000.0. Increasing the bound and calling fit again may find a better value.
  warnings.warn(
/home/dev/hyph-bench/.venv/lib/python3.13/site-packages/sklearn/gaussian_process/kernels.py:450: ConvergenceWarning: The optimal value found for dimension 5 of parameter k1__length_scale is close to the specified upper bound 1000.0. Increasing the bound and calling fit again may find a better value.
  warnings.warn(
/home/dev/hyph-bench/.venv/lib/python3.13/site-packages/sklearn/gaussian_process/kernels.py:450: ConvergenceWarning: The optimal value found for dimension 6 of parameter k1__length_scale is close to the specified upper bound 1000.0. Increasing the bound and calling fit again may find a better value.
  warnings.warn(
/home/dev/hyph-bench/.venv/lib/python3.13/site-packages/sklearn/gaussian_process/kernels.py:450: ConvergenceWarning: The optimal value found for dimension 7 of parameter k1__length_scale is close to the specified upper bound 1000.0. Increasing the bound and calling fit again may find a better value.
  warnings.warn(
/home/dev/hyph-bench/.venv/lib/python3.13/site-packages/sklearn/gaussian_process/kernels.py:440: ConvergenceWarning: The optimal value found for dimension 0 of parameter k2__noise_level is close to the specified lower bound 0.0001. Decreasing the bound and calling fit again may find a better value.
  warnings.warn(
  Tested: weights=('1/4', '26', '9', '1/2'), thresholds=(36, 15, 28, 8)
  validation: F_1/7=0.827502, good=252987, bad=53533, missed=13717, trie_nodes=633, objective=0.827502
/home/dev/hyph-bench/.venv/lib/python3.13/site-packages/sklearn/gaussian_process/kernels.py:440: ConvergenceWarning: The optimal value found for dimension 0 of parameter k1__length_scale is close to the specified lower bound 0.001. Decreasing the bound and calling fit again may find a better value.
  warnings.warn(
/home/dev/hyph-bench/.venv/lib/python3.13/site-packages/sklearn/gaussian_process/kernels.py:450: ConvergenceWarning: The optimal value found for dimension 1 of parameter k1__length_scale is close to the specified upper bound 1000.0. Increasing the bound and calling fit again may find a better value.
  warnings.warn(
/home/dev/hyph-bench/.venv/lib/python3.13/site-packages/sklearn/gaussian_process/kernels.py:450: ConvergenceWarning: The optimal value found for dimension 2 of parameter k1__length_scale is close to the specified upper bound 1000.0. Increasing the bound and calling fit again may find a better value.
  warnings.warn(
/home/dev/hyph-bench/.venv/lib/python3.13/site-packages/sklearn/gaussian_process/kernels.py:450: ConvergenceWarning: The optimal value found for dimension 3 of parameter k1__length_scale is close to the specified upper bound 1000.0. Increasing the bound and calling fit again may find a better value.
  warnings.warn(
/home/dev/hyph-bench/.venv/lib/python3.13/site-packages/sklearn/gaussian_process/kernels.py:450: ConvergenceWarning: The optimal value found for dimension 4 of parameter k1__length_scale is close to the specified upper bound 1000.0. Increasing the bound and calling fit again may find a better value.
  warnings.warn(
/home/dev/hyph-bench/.venv/lib/python3.13/site-packages/sklearn/gaussian_process/kernels.py:450: ConvergenceWarning: The optimal value found for dimension 5 of parameter k1__length_scale is close to the specified upper bound 1000.0. Increasing the bound and calling fit again may find a better value.
  warnings.warn(
/home/dev/hyph-bench/.venv/lib/python3.13/site-packages/sklearn/gaussian_process/kernels.py:440: ConvergenceWarning: The optimal value found for dimension 6 of parameter k1__length_scale is close to the specified lower bound 0.001. Decreasing the bound and calling fit again may find a better value.
  warnings.warn(
/home/dev/hyph-bench/.venv/lib/python3.13/site-packages/sklearn/gaussian_process/kernels.py:450: ConvergenceWarning: The optimal value found for dimension 7 of parameter k1__length_scale is close to the specified upper bound 1000.0. Increasing the bound and calling fit again may find a better value.
  warnings.warn(
/home/dev/hyph-bench/.venv/lib/python3.13/site-packages/sklearn/gaussian_process/kernels.py:440: ConvergenceWarning: The optimal value found for dimension 0 of parameter k2__noise_level is close to the specified lower bound 0.0001. Decreasing the bound and calling fit again may find a better value.
  warnings.warn(
  Tested: weights=('23', '1/3', '28', '29'), thresholds=(3, 40, 3, 36)
  validation: F_1/7=0.984024, good=252984, bad=3911, missed=13720, trie_nodes=926, objective=0.984024
/home/dev/hyph-bench/.venv/lib/python3.13/site-packages/sklearn/gaussian_process/kernels.py:450: ConvergenceWarning: The optimal value found for dimension 3 of parameter k1__length_scale is close to the specified upper bound 1000.0. Increasing the bound and calling fit again may find a better value.
  warnings.warn(
/home/dev/hyph-bench/.venv/lib/python3.13/site-packages/sklearn/gaussian_process/kernels.py:450: ConvergenceWarning: The optimal value found for dimension 4 of parameter k1__length_scale is close to the specified upper bound 1000.0. Increasing the bound and calling fit again may find a better value.
  warnings.warn(
/home/dev/hyph-bench/.venv/lib/python3.13/site-packages/sklearn/gaussian_process/kernels.py:450: ConvergenceWarning: The optimal value found for dimension 5 of parameter k1__length_scale is close to the specified upper bound 1000.0. Increasing the bound and calling fit again may find a better value.
  warnings.warn(
/home/dev/hyph-bench/.venv/lib/python3.13/site-packages/sklearn/gaussian_process/kernels.py:450: ConvergenceWarning: The optimal value found for dimension 6 of parameter k1__length_scale is close to the specified upper bound 1000.0. Increasing the bound and calling fit again may find a better value.
  warnings.warn(
/home/dev/hyph-bench/.venv/lib/python3.13/site-packages/sklearn/gaussian_process/kernels.py:450: ConvergenceWarning: The optimal value found for dimension 7 of parameter k1__length_scale is close to the specified upper bound 1000.0. Increasing the bound and calling fit again may find a better value.
  warnings.warn(
/home/dev/hyph-bench/.venv/lib/python3.13/site-packages/sklearn/gaussian_process/kernels.py:440: ConvergenceWarning: The optimal value found for dimension 0 of parameter k2__noise_level is close to the specified lower bound 0.0001. Decreasing the bound and calling fit again may find a better value.
  warnings.warn(
  Tested: weights=('30', '1/4', '22', '22'), thresholds=(19, 3, 41, 9)
  validation: F_1/7=0.984955, good=252761, bad=3655, missed=13943, trie_nodes=1129, objective=0.984955
/home/dev/hyph-bench/.venv/lib/python3.13/site-packages/sklearn/gaussian_process/kernels.py:450: ConvergenceWarning: The optimal value found for dimension 3 of parameter k1__length_scale is close to the specified upper bound 1000.0. Increasing the bound and calling fit again may find a better value.
  warnings.warn(
/home/dev/hyph-bench/.venv/lib/python3.13/site-packages/sklearn/gaussian_process/kernels.py:450: ConvergenceWarning: The optimal value found for dimension 4 of parameter k1__length_scale is close to the specified upper bound 1000.0. Increasing the bound and calling fit again may find a better value.
  warnings.warn(
/home/dev/hyph-bench/.venv/lib/python3.13/site-packages/sklearn/gaussian_process/kernels.py:450: ConvergenceWarning: The optimal value found for dimension 5 of parameter k1__length_scale is close to the specified upper bound 1000.0. Increasing the bound and calling fit again may find a better value.
  warnings.warn(
/home/dev/hyph-bench/.venv/lib/python3.13/site-packages/sklearn/gaussian_process/kernels.py:450: ConvergenceWarning: The optimal value found for dimension 6 of parameter k1__length_scale is close to the specified upper bound 1000.0. Increasing the bound and calling fit again may find a better value.
  warnings.warn(
/home/dev/hyph-bench/.venv/lib/python3.13/site-packages/sklearn/gaussian_process/kernels.py:450: ConvergenceWarning: The optimal value found for dimension 7 of parameter k1__length_scale is close to the specified upper bound 1000.0. Increasing the bound and calling fit again may find a better value.
  warnings.warn(
/home/dev/hyph-bench/.venv/lib/python3.13/site-packages/sklearn/gaussian_process/kernels.py:440: ConvergenceWarning: The optimal value found for dimension 0 of parameter k2__noise_level is close to the specified lower bound 0.0001. Decreasing the bound and calling fit again may find a better value.
  warnings.warn(
  Tested: weights=('27', '27', '1/5', '29'), thresholds=(37, 2, 18, 41)
  validation: F_1/7=0.983914, good=253000, bad=3941, missed=13704, trie_nodes=933, objective=0.983914
  Best so far: weights=('30', '1/4', '22', '22'), thresholds=(19, 3, 41, 9), score=0.984955, elapsed=2041.6s

============================================================
Final exploitation: 3 evaluations
/home/dev/hyph-bench/.venv/lib/python3.13/site-packages/sklearn/gaussian_process/kernels.py:440: ConvergenceWarning: The optimal value found for dimension 0 of parameter k1__length_scale is close to the specified lower bound 0.001. Decreasing the bound and calling fit again may find a better value.
  warnings.warn(
/home/dev/hyph-bench/.venv/lib/python3.13/site-packages/sklearn/gaussian_process/kernels.py:450: ConvergenceWarning: The optimal value found for dimension 1 of parameter k1__length_scale is close to the specified upper bound 1000.0. Increasing the bound and calling fit again may find a better value.
  warnings.warn(
/home/dev/hyph-bench/.venv/lib/python3.13/site-packages/sklearn/gaussian_process/kernels.py:450: ConvergenceWarning: The optimal value found for dimension 2 of parameter k1__length_scale is close to the specified upper bound 1000.0. Increasing the bound and calling fit again may find a better value.
  warnings.warn(
/home/dev/hyph-bench/.venv/lib/python3.13/site-packages/sklearn/gaussian_process/kernels.py:450: ConvergenceWarning: The optimal value found for dimension 3 of parameter k1__length_scale is close to the specified upper bound 1000.0. Increasing the bound and calling fit again may find a better value.
  warnings.warn(
/home/dev/hyph-bench/.venv/lib/python3.13/site-packages/sklearn/gaussian_process/kernels.py:450: ConvergenceWarning: The optimal value found for dimension 4 of parameter k1__length_scale is close to the specified upper bound 1000.0. Increasing the bound and calling fit again may find a better value.
  warnings.warn(
/home/dev/hyph-bench/.venv/lib/python3.13/site-packages/sklearn/gaussian_process/kernels.py:450: ConvergenceWarning: The optimal value found for dimension 5 of parameter k1__length_scale is close to the specified upper bound 1000.0. Increasing the bound and calling fit again may find a better value.
  warnings.warn(
/home/dev/hyph-bench/.venv/lib/python3.13/site-packages/sklearn/gaussian_process/kernels.py:440: ConvergenceWarning: The optimal value found for dimension 6 of parameter k1__length_scale is close to the specified lower bound 0.001. Decreasing the bound and calling fit again may find a better value.
  warnings.warn(
/home/dev/hyph-bench/.venv/lib/python3.13/site-packages/sklearn/gaussian_process/kernels.py:450: ConvergenceWarning: The optimal value found for dimension 7 of parameter k1__length_scale is close to the specified upper bound 1000.0. Increasing the bound and calling fit again may find a better value.
  warnings.warn(
/home/dev/hyph-bench/.venv/lib/python3.13/site-packages/sklearn/gaussian_process/kernels.py:440: ConvergenceWarning: The optimal value found for dimension 0 of parameter k2__noise_level is close to the specified lower bound 0.0001. Decreasing the bound and calling fit again may find a better value.
  warnings.warn(
  Tested: weights=('4', '30', '1/2', '1'), thresholds=(41, 22, 34, 7)
  validation: F_1/7=0.967958, good=252941, bad=8263, missed=13763, trie_nodes=653, objective=0.967958
/home/dev/hyph-bench/.venv/lib/python3.13/site-packages/sklearn/gaussian_process/kernels.py:450: ConvergenceWarning: The optimal value found for dimension 2 of parameter k1__length_scale is close to the specified upper bound 1000.0. Increasing the bound and calling fit again may find a better value.
  warnings.warn(
/home/dev/hyph-bench/.venv/lib/python3.13/site-packages/sklearn/gaussian_process/kernels.py:450: ConvergenceWarning: The optimal value found for dimension 3 of parameter k1__length_scale is close to the specified upper bound 1000.0. Increasing the bound and calling fit again may find a better value.
  warnings.warn(
/home/dev/hyph-bench/.venv/lib/python3.13/site-packages/sklearn/gaussian_process/kernels.py:450: ConvergenceWarning: The optimal value found for dimension 4 of parameter k1__length_scale is close to the specified upper bound 1000.0. Increasing the bound and calling fit again may find a better value.
  warnings.warn(
/home/dev/hyph-bench/.venv/lib/python3.13/site-packages/sklearn/gaussian_process/kernels.py:450: ConvergenceWarning: The optimal value found for dimension 5 of parameter k1__length_scale is close to the specified upper bound 1000.0. Increasing the bound and calling fit again may find a better value.
  warnings.warn(
/home/dev/hyph-bench/.venv/lib/python3.13/site-packages/sklearn/gaussian_process/kernels.py:450: ConvergenceWarning: The optimal value found for dimension 6 of parameter k1__length_scale is close to the specified upper bound 1000.0. Increasing the bound and calling fit again may find a better value.
  warnings.warn(
/home/dev/hyph-bench/.venv/lib/python3.13/site-packages/sklearn/gaussian_process/kernels.py:450: ConvergenceWarning: The optimal value found for dimension 7 of parameter k1__length_scale is close to the specified upper bound 1000.0. Increasing the bound and calling fit again may find a better value.
  warnings.warn(
/home/dev/hyph-bench/.venv/lib/python3.13/site-packages/sklearn/gaussian_process/kernels.py:440: ConvergenceWarning: The optimal value found for dimension 0 of parameter k2__noise_level is close to the specified lower bound 0.0001. Decreasing the bound and calling fit again may find a better value.
  warnings.warn(
  Tested: weights=('4', '30', '9', '25'), thresholds=(40, 41, 20, 28)
  validation: F_1/7=0.967610, good=252924, bad=8358, missed=13780, trie_nodes=595, objective=0.967610
/home/dev/hyph-bench/.venv/lib/python3.13/site-packages/sklearn/gaussian_process/kernels.py:450: ConvergenceWarning: The optimal value found for dimension 3 of parameter k1__length_scale is close to the specified upper bound 1000.0. Increasing the bound and calling fit again may find a better value.
  warnings.warn(
/home/dev/hyph-bench/.venv/lib/python3.13/site-packages/sklearn/gaussian_process/kernels.py:450: ConvergenceWarning: The optimal value found for dimension 4 of parameter k1__length_scale is close to the specified upper bound 1000.0. Increasing the bound and calling fit again may find a better value.
  warnings.warn(
/home/dev/hyph-bench/.venv/lib/python3.13/site-packages/sklearn/gaussian_process/kernels.py:450: ConvergenceWarning: The optimal value found for dimension 5 of parameter k1__length_scale is close to the specified upper bound 1000.0. Increasing the bound and calling fit again may find a better value.
  warnings.warn(
/home/dev/hyph-bench/.venv/lib/python3.13/site-packages/sklearn/gaussian_process/kernels.py:450: ConvergenceWarning: The optimal value found for dimension 6 of parameter k1__length_scale is close to the specified upper bound 1000.0. Increasing the bound and calling fit again may find a better value.
  warnings.warn(
/home/dev/hyph-bench/.venv/lib/python3.13/site-packages/sklearn/gaussian_process/kernels.py:450: ConvergenceWarning: The optimal value found for dimension 7 of parameter k1__length_scale is close to the specified upper bound 1000.0. Increasing the bound and calling fit again may find a better value.
  warnings.warn(
/home/dev/hyph-bench/.venv/lib/python3.13/site-packages/sklearn/gaussian_process/kernels.py:440: ConvergenceWarning: The optimal value found for dimension 0 of parameter k2__noise_level is close to the specified lower bound 0.0001. Decreasing the bound and calling fit again may find a better value.
  warnings.warn(
  Tested: weights=('4', '30', '1', '24'), thresholds=(31, 27, 8, 7)
  validation: F_1/7=0.967752, good=252984, bad=8322, missed=13720, trie_nodes=704, objective=0.967752

============================================================
Final per-level search complete
Selected weights: ('30', '1/4', '22', '22')
PATGEN good_wt: (1, 4, 1, 1); bad_wt: (30, 1, 22, 22); thresholds: (19, 3, 41, 9)
Held-out test: {'good': 252967, 'bad': 3784, 'missed': 13957, 'train_good': 1999945, 'train_bad': 31, 'train_missed': 1994, 'n_patterns': 706, 'trie_nodes': 1129}
History: results/gpopt260828/es/wiktionary/final_history.csv
Selected profile: results/gpopt260828/es/wiktionary/selected_profile.json
